led-0,0,0,0,0
led-0,100,0,0,0
led-0,200,2,2,2
led-0,300,8,8,8
led-0,400,13,13,13
led-0,500,21,21,23
led-0,600,27,26,29
led-0,700,32,33,35
led-0,800,43,44,48
led-0,900,50,51,55
led-0,1000,64,65,71
led-0,1100,72,72,79
led-0,1200,82,82,91
led-0,1300,97,97,108
led-0,1400,108,108,119
led-0,1500,124,125,138
led-0,1600,136,136,151
led-0,1700,148,148,163
led-0,1800,169,167,186
led-0,1900,184,180,200
led-0,2000,209,200,223
led-0,2100,226,214,237
led-0,2200,229,214,236
led-0,2300,237,214,236
led-0,2400,239,214,234
led-0,2500,244,213,231
led-0,2600,247,212,231
led-0,2700,248,211,230
led-0,2800,249,210,230
led-0,2900,249,210,229
led-0,3000,249,210,230
led-0,3100,249,210,230
led-0,3200,249,211,230
led-0,3300,248,211,230
led-0,3400,249,211,230
led-0,3500,249,210,229
led-0,3600,249,209,229
led-0,3700,249,208,228
led-0,3800,250,208,228
led-0,3900,250,208,227
led-0,4000,252,212,227
led-0,4100,254,217,226
led-0,4200,255,224,226
led-0,4300,255,229,226
led-0,4400,255,228,224
led-0,4500,255,221,223
led-0,4600,255,218,222
led-0,4700,255,216,221
led-0,4800,255,216,221
led-0,4900,255,215,222
led-0,5000,255,214,221
led-0,5100,255,213,221
led-0,5200,255,213,221
led-0,5300,255,212,221
led-0,5400,255,212,220
led-0,5500,255,212,220
led-0,5600,255,212,220
led-0,5700,255,212,220
led-0,5800,255,212,219
led-0,5900,255,211,219
led-0,6000,255,211,218
led-0,6100,255,211,218
led-0,6200,255,211,218
led-0,6300,255,209,219
led-0,6400,255,208,218
led-0,6500,255,205,216
led-0,6600,255,204,215
led-0,6700,255,203,213
led-0,6800,254,202,213
led-0,6900,254,203,213
led-0,7000,254,203,213
led-0,7100,254,203,213
led-0,7200,255,204,214
led-0,7300,255,207,216
led-0,7400,255,208,216
led-0,7500,255,208,217
led-0,7600,255,209,216
led-0,7700,255,210,216
led-0,7800,255,211,216
led-0,7900,255,212,216
led-0,8000,255,212,218
led-0,8100,255,213,218
led-0,8200,255,213,219
led-0,8300,255,214,217
led-0,8400,255,214,218
led-0,8500,255,214,218
led-0,8600,255,215,219
led-0,8700,255,215,219
led-0,8800,255,216,220
led-0,8900,255,217,220
led-0,9000,255,217,220
led-0,9100,255,217,220
led-0,9200,255,217,220
led-0,9300,255,218,219
led-0,9400,255,218,219
led-0,9500,255,219,220
led-0,9600,255,219,220
led-0,9700,255,219,220
led-0,9800,255,220,221
led-0,9900,255,220,221
led-0,10000,255,222,222
led-0,10100,255,222,222
led-0,10200,255,223,223
led-0,10300,255,223,223
led-0,10400,255,223,223
led-0,10500,255,224,223
led-0,10600,255,224,223
led-0,10700,255,224,224
led-0,10800,255,224,224
led-0,10900,255,224,224
led-0,11000,255,225,224
led-0,11100,255,225,224
led-0,11200,255,225,224
led-0,11300,255,225,224
led-0,11400,255,225,224
led-0,11500,255,225,224
led-0,11600,255,225,224
led-0,11700,255,225,224
led-0,11800,255,225,224
led-0,11900,168,151,64
led-0,12000,167,150,64
led-0,12100,167,150,63
led-0,12200,167,150,64
led-0,12300,167,149,64
led-0,12400,167,149,64
led-0,12500,168,148,64
led-0,12600,167,148,63
led-0,12700,167,148,64
led-0,12800,166,147,63
led-0,12900,166,147,63
led-0,13000,166,146,62
led-0,13100,165,146,62
led-0,13200,165,146,61
led-0,13300,165,146,61
led-0,13400,165,146,61
led-0,13500,166,146,61
led-0,13600,165,146,61
led-0,13700,166,147,61
led-0,13800,166,147,63
led-0,13900,166,147,62
led-0,14000,166,147,62
led-0,14100,166,147,62
led-0,14200,167,148,62
led-0,14300,167,148,63
led-0,14400,167,149,63
led-0,14500,168,149,63
led-0,14600,168,150,64
led-0,14700,168,150,64
led-0,14800,169,151,64
led-0,14900,169,151,64
led-0,15000,170,152,65
led-0,15100,170,152,65
led-0,15200,171,153,65
led-0,15300,172,154,65
led-0,15400,172,154,65
led-0,15500,173,155,65
led-0,15600,174,155,65
led-0,15700,175,156,65
led-0,15800,164,172,218
led-0,15900,164,172,218
led-0,16000,163,173,216
led-0,16100,164,172,217
led-0,16200,164,172,218
led-0,16300,167,174,217
led-0,16400,169,174,218
led-0,16500,169,174,218
led-0,16600,169,174,218
led-0,16700,169,174,218
led-0,16800,169,174,218
led-0,16900,170,174,218
led-0,17000,169,174,218
led-0,17100,169,174,218
led-0,17200,169,175,217
led-0,17300,170,175,218
led-0,17400,170,175,217
led-0,17500,171,175,218
led-0,17600,171,175,218
led-0,17700,171,175,218
led-0,17800,171,175,218
led-0,17900,171,175,218
led-0,18000,171,175,218
led-0,18100,164,172,218
led-0,18200,162,172,216
led-0,18300,162,171,217
led-0,18400,162,171,217
led-0,18500,162,171,217
led-0,18600,162,171,217
led-0,18700,162,171,217
led-0,18800,162,171,219
led-0,18900,162,171,219
led-0,19000,162,172,217
led-0,19100,162,172,217
led-0,19200,162,172,218
led-0,19300,162,172,218
led-0,19400,162,172,218
led-0,19500,162,172,217
led-0,19600,162,172,217
led-0,19700,162,172,217
led-0,19800,162,172,217
led-0,19900,164,172,218
led-0,20000,160,171,216
led-0,20100,162,171,216
led-0,20200,163,172,218
led-0,20300,163,172,216
led-0,20400,163,171,217
led-0,20500,166,173,217
led-0,20600,169,174,217
led-0,20700,172,176,218
led-0,20800,175,180,218
led-0,20900,177,183,217
led-0,21000,175,183,219
led-0,21100,175,183,219
led-0,21200,175,184,219
led-0,21300,174,184,218
led-0,21400,175,184,218
led-0,21500,175,184,219
led-0,21600,175,184,219
led-0,21700,174,184,219
led-0,21800,174,184,219
led-0,21900,175,184,218
led-0,22000,175,183,218
led-0,22100,175,183,219
led-0,22200,175,183,219
led-0,22300,175,183,219
led-0,22400,175,183,219
led-0,22500,176,183,219
led-0,22600,176,183,220
led-0,22700,176,183,220
led-0,22800,176,183,219
led-0,22900,176,184,218
led-0,23000,176,184,218
led-0,23100,130,149,104
led-0,23200,130,150,104
led-0,23300,131,150,104
led-0,23400,131,150,104
led-0,23500,131,150,103
led-0,23600,131,149,102
led-0,23700,131,149,102
led-0,23800,130,148,102
led-0,23900,129,148,101
led-0,24000,129,147,99
led-0,24100,128,147,100
led-0,24200,127,146,99
led-0,24300,127,144,98
led-0,24400,126,143,98
led-0,24500,125,143,97
led-0,24600,124,141,96
led-0,24700,123,142,96
led-0,24800,124,141,98
led-0,24900,124,141,98
led-0,25000,123,140,96
led-0,25100,123,140,96
led-0,25200,122,140,96
led-0,25300,122,140,96
led-0,25400,121,140,96
led-0,25500,121,140,96
led-0,25600,120,142,98
led-0,25700,121,142,98
led-0,25800,121,142,98
led-0,25900,120,141,97
led-0,26000,120,140,96
led-0,26100,120,140,96
led-0,26200,119,139,95
led-0,26300,119,139,95
led-0,26400,120,138,95
led-0,26500,118,139,95
led-0,26600,118,138,94
led-0,26700,117,138,93
led-0,26800,117,138,93
led-0,26900,117,137,93
led-0,27000,116,136,92
led-0,27100,115,136,92
led-0,27200,115,137,91
led-0,27300,114,136,91
led-0,27400,114,136,90
led-0,27500,113,135,89
led-0,27600,113,134,89
led-0,27700,113,134,88
led-0,27800,112,133,88
led-0,27900,112,133,88
led-0,28000,111,132,87
led-0,28100,111,131,87
led-0,28200,110,131,87
led-0,28300,110,131,85
led-0,28400,110,131,86
led-0,28500,110,131,87
led-0,28600,110,131,87
led-0,28700,110,131,88
led-0,28800,109,130,89
led-0,28900,109,130,87
led-0,29000,108,130,86
led-0,29100,107,129,87
led-0,29200,107,129,87
led-0,29300,107,129,87
led-0,29400,107,129,88
led-0,29500,107,128,90
led-0,29600,106,128,88
led-0,29700,106,128,88
led-0,29800,105,129,89
led-0,29900,105,129,89
led-0,30000,105,129,89
led-0,30100,106,129,92
led-0,30200,106,130,92
led-0,30300,106,130,93
led-0,30400,106,131,94
led-0,30500,106,131,93
led-0,30600,106,131,93
led-0,30700,107,131,94
led-0,30800,106,133,94
led-0,30900,105,133,94
led-0,31000,105,133,96
led-0,31100,105,133,99
led-0,31200,106,133,100
led-0,31300,105,133,97
led-0,31400,104,132,94
led-0,31500,100,128,92
led-0,31600,99,126,90
led-0,31700,97,124,87
led-0,31800,94,123,86
led-0,31900,92,120,85
led-0,32000,91,118,83
led-0,32100,91,116,84
led-0,32200,90,114,83
led-0,32300,91,115,83
led-0,32400,92,115,83
led-0,32500,93,115,81
led-0,32600,95,115,85
led-0,32700,97,115,86
led-0,32800,103,117,87
led-0,32900,108,120,91
led-0,33000,112,122,93
led-0,33100,118,125,98
led-0,33200,123,127,101
led-0,33300,134,133,108
led-0,33400,140,135,112
led-0,33500,150,139,118
led-0,33600,155,142,121
led-0,33700,162,146,126
led-0,33800,167,148,130
led-0,33900,169,148,130
led-0,34000,170,147,130
led-0,34100,169,147,130
led-0,34200,169,146,130
led-0,34300,166,145,129
led-0,34400,165,144,130
led-0,34500,161,142,128
led-0,34600,158,140,127
led-0,34700,156,138,127
led-0,34800,151,136,126
led-0,34900,148,134,124
led-0,35000,139,129,121
led-0,35100,134,127,117
led-0,35200,131,124,116
led-0,35300,123,118,114
led-0,35400,119,115,113
led-0,35500,111,110,109
led-0,35600,108,108,107
led-0,35700,104,105,106
led-0,35800,98,103,105
led-0,35900,94,100,103
led-0,36000,88,96,99
led-0,36100,85,95,98
led-0,36200,84,94,98
led-0,36300,81,92,99
led-0,36400,79,91,99
led-0,36500,78,90,98
led-0,36600,76,89,98
led-0,36700,76,89,98
led-0,36800,76,90,98
led-0,36900,76,90,99
led-0,37000,75,90,99
led-0,37100,75,90,100
led-0,37200,76,90,101
led-0,37300,76,91,102
led-0,37400,77,91,102
led-0,37500,76,91,102
led-0,37600,77,91,104
led-0,37700,77,91,104
led-0,37800,76,92,103
led-0,37900,76,91,103
led-0,38000,74,92,102
led-0,38100,73,92,103
led-0,38200,72,92,103
led-0,38300,72,92,104
led-0,38400,73,92,105
led-0,38500,72,92,106
led-0,38600,72,93,106
led-0,38700,73,93,106
led-0,38800,73,94,107
led-0,38900,72,95,107
led-0,39000,73,96,109
led-0,39100,74,97,109
led-0,39200,74,97,109
led-0,39300,74,97,111
led-0,39400,74,98,112
led-0,39500,75,98,112
led-0,39600,75,98,112
led-0,39700,74,99,113
led-0,39800,74,100,113
led-0,39900,75,99,114
led-0,40000,74,99,113
led-0,40100,73,99,113
led-0,40200,74,98,114
led-0,40300,73,99,114
led-0,40400,74,98,114
led-0,40500,72,98,112
led-0,40600,72,98,112
led-0,40700,71,98,111
led-0,40800,71,97,111
led-0,40900,70,96,110
led-0,41000,69,96,110
led-0,41100,69,95,108
led-0,41200,69,94,109
led-0,41300,68,94,109
led-0,41400,67,94,108
led-0,41500,68,93,109
led-0,41600,67,93,109
led-0,41700,67,93,108
led-0,41800,66,93,107
led-0,41900,65,92,107
led-0,42000,65,91,106
led-0,42100,64,91,106
led-0,42200,65,91,106
led-0,42300,65,90,106
led-0,42400,65,90,106
led-0,42500,64,90,105
led-0,42600,64,90,105
led-0,42700,64,90,105
led-0,42800,64,89,105
led-0,42900,63,90,105
led-0,43000,63,89,105
led-0,43100,63,89,105
led-0,43200,63,89,105
led-0,43300,64,88,105
led-0,43400,63,89,105
led-0,43500,63,88,104
led-0,43600,62,88,104
led-0,43700,63,88,104
led-0,43800,62,88,104
led-0,43900,62,88,103
led-0,44000,62,87,103
led-0,44100,61,88,103
led-0,44200,61,87,102
led-0,44300,61,87,103
led-0,44400,62,87,103
led-0,44500,62,87,103
led-0,44600,62,87,103
led-0,44700,63,87,103
led-0,44800,64,87,104
led-0,44900,65,88,104
led-0,45000,65,89,103
led-0,45100,65,90,104
led-0,45200,67,91,105
led-0,45300,69,92,106
led-0,45400,69,93,107
led-0,45500,70,94,108
led-0,45600,72,96,109
led-0,45700,72,96,109
led-0,45800,75,97,110
led-0,45900,76,98,112
led-0,46000,77,99,113
led-0,46100,78,100,115
led-0,46200,79,101,114
led-0,46300,80,102,115
led-0,46400,81,103,116
led-0,46500,82,104,117
led-0,46600,82,104,118
led-0,46700,83,105,118
led-0,46800,83,105,120
led-0,46900,84,106,119
led-0,47000,83,106,118
led-0,47100,83,106,120
led-0,47200,83,106,119
led-0,47300,83,106,118
led-0,47400,83,106,118
led-0,47500,84,106,118
led-0,47600,84,106,118
led-0,47700,84,106,118
led-0,47800,36,55,48
led-0,47900,87,96,97
led-0,48000,86,95,96
led-0,48100,83,93,92
led-0,48200,80,89,89
led-0,48300,74,83,82
led-0,48400,74,83,83
led-0,48500,85,93,96
led-0,48600,85,93,96
led-0,48700,81,88,90
led-0,48800,72,79,82
led-0,48900,67,74,73
led-0,49000,60,66,64
led-0,49100,57,64,59
led-0,49200,63,72,64
led-0,49300,57,59,45
led-0,49400,34,41,28
led-0,49500,32,40,28
led-0,49600,33,42,30
led-0,49700,35,43,31
led-0,49800,38,48,36
led-0,49900,35,46,32
led-0,50000,35,45,31
led-0,50100,37,45,32
led-0,50200,38,46,33
led-0,50300,37,46,32
led-0,50400,37,46,32
led-0,50500,36,44,31
led-0,50600,34,42,30
led-0,50700,34,42,30
led-0,50800,34,42,29
led-0,50900,34,42,29
led-0,51000,33,41,29
led-0,51100,34,40,29
led-0,51200,33,39,29
led-0,51300,33,40,29
led-0,51400,33,40,29
led-0,51500,33,40,28
led-0,51600,33,40,29
led-0,51700,33,39,32
led-0,51800,61,50,64
led-0,51900,144,145,135
led-0,52000,50,64,45
led-0,52100,49,62,43
led-0,52200,50,65,45
led-0,52300,51,66,45
led-0,52400,50,66,45
led-0,52500,51,67,46
led-0,52600,51,67,46
led-0,52700,51,67,46
led-0,52800,51,67,45
led-0,52900,51,67,45
led-0,53000,52,68,47
led-0,53100,53,68,47
led-0,53200,53,69,46
led-0,53300,53,69,47
led-0,53400,53,69,47
led-0,53500,54,70,46
led-0,53600,54,70,47
led-0,53700,53,71,46
led-0,53800,53,71,47
led-0,53900,54,71,46
led-0,54000,54,71,46
led-0,54100,54,71,46
led-0,54200,53,71,46
led-0,54300,53,70,46
led-0,54400,53,70,47
led-0,54500,53,70,47
led-0,54600,54,70,47
led-0,54700,53,70,47
led-0,54800,53,70,48
led-0,54900,54,70,48
led-0,55000,54,71,47
led-0,55100,54,71,47
led-0,55200,55,72,48
led-0,55300,56,73,48
led-0,55400,56,73,47
led-0,55500,56,73,47
led-0,55600,56,74,48
led-0,55700,56,73,49
led-0,55800,56,74,49
led-0,55900,56,74,49
led-0,56000,57,74,49
led-0,56100,171,183,231
led-0,56200,171,183,231
led-0,56300,171,183,231
led-0,56400,171,183,231
led-0,56500,171,183,231
led-0,56600,171,183,231
led-0,56700,171,183,231
led-0,56800,171,183,231
led-0,56900,171,183,231
led-0,57000,171,183,231
led-0,57100,171,183,231
led-0,57200,171,183,231
led-0,57300,171,183,231
led-0,57400,171,183,231
led-0,57500,171,183,231
led-0,57600,171,183,231
led-0,57700,171,183,231
led-0,57800,171,183,231
led-0,57900,171,183,231
led-0,58000,171,183,231
led-0,58100,171,183,230
led-0,58200,171,183,230
led-0,58300,171,183,230
led-0,58400,171,183,230
led-0,58500,171,183,230
led-0,58600,171,183,230
led-0,58700,171,183,230
led-0,58800,171,183,230
led-0,58900,171,183,230
led-0,59000,171,183,230
led-0,59100,171,183,230
led-0,59200,171,183,230
led-0,59300,171,183,230
led-0,59400,171,183,231
led-0,59500,171,183,231
led-0,59600,171,183,231
led-0,59700,171,183,230
led-0,59800,171,183,230
led-0,59900,171,183,230
led-0,60000,171,183,230
led-0,60100,171,183,230
led-0,60200,171,183,231
led-0,60300,171,183,231
led-0,60400,171,183,230
led-0,60500,171,183,230
led-0,60600,171,183,231
led-0,60700,192,228,255
led-0,60800,192,228,255
led-0,60900,192,228,255
led-0,61000,192,228,255
led-0,61100,192,228,255
led-0,61200,192,228,255
led-0,61300,192,228,255
led-0,61400,192,228,255
led-0,61500,192,228,255
led-0,61600,192,228,255
led-0,61700,192,228,255
led-0,61800,192,228,255
led-0,61900,192,228,255
led-0,62000,192,228,255
led-0,62100,192,228,255
led-0,62200,192,228,255
led-0,62300,192,228,255
led-0,62400,192,228,255
led-0,62500,192,228,255
led-0,62600,192,228,255
led-0,62700,192,228,255
led-0,62800,192,228,255
led-0,62900,192,228,255
led-0,63000,192,228,255
led-0,63100,192,228,255
led-0,63200,192,228,255
led-0,63300,192,228,255
led-0,63400,192,228,255
led-0,63500,192,228,255
led-0,63600,192,228,255
led-0,63700,192,228,255
led-0,63800,51,72,60
led-0,63900,51,72,60
led-0,64000,51,71,59
led-0,64100,50,71,58
led-0,64200,49,70,57
led-0,64300,48,68,56
led-0,64400,47,67,53
led-0,64500,46,65,51
led-0,64600,45,64,50
led-0,64700,44,63,48
led-0,64800,43,62,47
led-0,64900,43,61,46
led-0,65000,41,61,44
led-0,65100,41,60,43
led-0,65200,41,60,43
led-0,65300,41,60,43
led-0,65400,41,60,43
led-0,65500,41,60,43
led-0,65600,41,60,44
led-0,65700,41,60,45
led-0,65800,42,60,44
led-0,65900,42,61,45
led-0,66000,43,61,46
led-0,66100,43,61,46
led-0,66200,43,62,46
led-0,66300,44,63,50
led-0,66400,44,63,51
led-0,66500,45,63,51
led-0,66600,45,64,50
led-0,66700,45,64,52
led-0,66800,46,65,53
led-0,66900,46,64,54
led-0,67000,46,65,53
led-0,67100,47,66,56
led-0,67200,48,66,56
led-0,67300,48,68,58
led-0,67400,49,68,60
led-0,67500,48,68,59
led-0,67600,48,69,59
led-0,67700,49,69,60
led-0,67800,49,69,61
led-0,67900,50,69,62
led-0,68000,50,70,62
led-0,68100,51,70,65
led-0,68200,51,70,64
led-0,68300,51,70,64
led-0,68400,51,70,64
led-0,68500,50,70,63
led-0,68600,50,69,63
led-0,68700,49,69,62
led-0,68800,33,51,30
led-0,68900,83,136,78
led-0,69000,170,212,245
led-0,69100,91,113,154
led-0,69200,169,161,166
led-0,69300,137,163,173
led-0,69400,148,180,184
led-0,69500,237,235,237
led-0,69600,237,235,237
led-0,69700,237,235,237
led-0,69800,237,235,237
led-0,69900,237,235,237
led-0,70000,236,236,236
led-0,70100,236,236,236
led-0,70200,236,236,236
led-0,70300,236,236,236
led-0,70400,236,236,236
led-0,70500,236,236,236
led-0,70600,236,235,236
led-0,70700,236,235,236
led-0,70800,236,235,236
led-0,70900,236,235,236
led-0,71000,237,235,236
led-0,71100,237,235,236
led-0,71200,237,235,236
led-0,71300,27,34,34
led-0,71400,27,34,34
led-0,71500,27,34,34
led-0,71600,27,34,34
led-0,71700,27,34,34
led-0,71800,27,34,34
led-0,71900,28,34,34
led-0,72000,29,33,34
led-0,72100,29,34,34
led-0,72200,29,34,34
led-0,72300,29,34,34
led-0,72400,29,34,34
led-0,72500,28,34,34
led-0,72600,28,34,34
led-0,72700,28,34,34
led-0,72800,29,34,34
led-0,72900,29,34,34
led-0,73000,29,35,34
led-0,73100,29,35,34
led-0,73200,29,34,34
led-0,73300,29,34,34
led-0,73400,29,34,34
led-0,73500,205,210,215
led-0,73600,204,209,214
led-0,73700,207,211,217
led-0,73800,208,212,217
led-0,73900,207,210,216
led-0,74000,209,212,217
led-0,74100,210,214,219
led-0,74200,207,211,216
led-0,74300,205,210,216
led-0,74400,197,207,213
led-0,74500,214,216,224
led-0,74600,236,230,237
led-0,74700,198,209,214
led-0,74800,145,169,166
led-0,74900,67,114,44
led-0,75000,32,53,26
led-0,75100,48,62,44
led-0,75200,45,61,43
led-0,75300,42,59,45
led-0,75400,41,58,44
led-0,75500,40,57,43
led-0,75600,94,120,93
led-0,75700,108,124,101
led-0,75800,133,132,126
led-0,75900,100,122,96
led-0,76000,94,120,93
led-0,76100,94,120,93
led-0,76200,94,121,93
led-0,76300,216,187,229
led-0,76400,252,217,255
led-0,76500,237,193,240
led-0,76600,168,120,179
led-0,76700,112,106,105
led-0,76800,100,118,94
led-0,76900,97,118,93
led-0,77000,101,119,95
led-0,77100,111,122,100
led-0,77200,126,127,108
led-0,77300,125,129,105
led-0,77400,120,128,98
led-0,77500,120,130,95
led-0,77600,121,131,96
led-0,77700,122,132,94
led-0,77800,125,134,94
led-0,77900,125,133,95
led-0,78000,122,129,93
led-0,78100,120,130,94
led-0,78200,120,129,96
led-0,78300,123,130,101
led-0,78400,123,131,102
led-0,78500,120,131,103
led-0,78600,118,128,102
led-0,78700,113,126,98
led-0,78800,105,121,95
led-0,78900,100,118,90
led-0,79000,95,114,84
led-0,79100,92,111,80
led-0,79200,89,108,77
led-0,79300,84,104,73
led-0,79400,81,103,71
led-0,79500,79,102,71
led-0,79600,78,100,69
led-0,79700,77,101,70
led-0,79800,77,100,69
led-0,79900,76,99,68
led-0,80000,211,230,255
led-0,80100,212,230,255
led-0,80200,213,231,255
led-0,80300,213,231,255
led-0,80400,214,231,255
led-0,80500,215,232,255
led-0,80600,216,232,255
led-0,80700,217,232,255
led-0,80800,220,233,255
led-0,80900,222,234,255
led-0,81000,229,238,253
led-0,81100,236,240,249
led-0,81200,241,242,245
led-0,81300,246,244,242
led-0,81400,247,244,241
led-0,81500,248,244,239
led-0,81600,249,244,238
led-0,81700,249,244,238
led-0,81800,249,243,238
led-0,81900,248,243,236
led-0,82000,248,242,234
led-0,82100,248,242,234
led-0,82200,248,241,234
led-0,82300,248,241,234
led-0,82400,248,240,233
led-0,82500,247,239,233
led-0,82600,247,239,233
led-0,82700,247,239,233
led-0,82800,248,238,232
led-0,82900,248,238,232
led-0,83000,247,237,231
led-0,83100,247,237,231
led-0,83200,247,237,231
led-0,83300,247,237,231
led-0,83400,247,237,231
led-0,83500,247,236,231
led-0,83600,246,236,231
led-0,83700,246,236,231
led-0,83800,247,236,231
led-0,83900,247,236,231
led-0,84000,247,236,231
led-0,84100,246,237,231
led-0,84200,246,237,231
led-0,84300,246,237,231
led-0,84400,246,236,231
led-0,84500,246,236,231
led-0,84600,246,236,231
led-0,84700,246,236,231
led-0,84800,246,236,231
led-0,84900,246,236,231
led-0,85000,246,237,231
led-0,85100,246,237,231
led-0,85200,246,237,231
led-0,85300,246,236,231
led-0,85400,246,236,231
led-0,85500,246,236,231
led-0,85600,246,236,231
led-0,85700,246,236,231
led-0,85800,246,236,231
led-0,85900,246,236,231
led-0,86000,246,236,231
led-0,86100,246,236,231
led-0,86200,246,236,231
led-0,86300,246,236,231
led-0,86400,246,236,231
led-0,86500,246,236,231
led-0,86600,246,236,231
led-0,86700,246,236,231
led-0,86800,246,236,231
led-0,86900,246,236,231
led-0,87000,246,236,231
led-0,87100,246,236,231
led-0,87200,246,236,231
led-0,87300,246,236,231
led-0,87400,246,236,231
led-0,87500,246,237,231
led-0,87600,246,237,231
led-0,87700,246,237,231
led-0,87800,246,237,231
led-0,87900,246,237,231
led-0,88000,246,237,231
led-0,88100,246,237,231
led-0,88200,246,236,231
led-0,88300,246,236,231
led-0,88400,246,236,231
led-0,88500,246,236,231
led-0,88600,246,236,231
led-0,88700,246,237,231
led-0,88800,246,236,231
led-0,88900,246,236,231
led-0,89000,246,237,231
led-0,89100,246,236,231
led-0,89200,246,236,231
led-0,89300,246,236,231
led-0,89400,246,236,231
led-0,89500,246,236,231
led-0,89600,246,236,231
led-0,89700,246,236,231
led-0,89800,168,144,128
led-0,89900,169,145,128
led-0,90000,170,147,128
led-0,90100,171,148,130
led-0,90200,171,148,130
led-0,90300,169,145,128
led-0,90400,158,132,120
led-0,90500,150,133,128
led-0,90600,188,192,195
led-0,90700,151,181,219
led-0,90800,176,190,211
led-0,90900,187,186,184
led-0,91000,188,184,178
led-0,91100,186,184,181
led-0,91200,185,185,183
led-0,91300,186,185,186
led-0,91400,185,185,187
led-0,91500,246,237,231
led-0,91600,246,237,231
led-0,91700,246,237,231
led-0,91800,246,237,231
led-0,91900,246,236,231
led-0,92000,246,236,231
led-0,92100,246,236,231
led-0,92200,246,236,231
led-0,92300,246,236,231
led-0,92400,246,236,231
led-0,92500,246,236,231
led-0,92600,246,236,231
led-0,92700,246,236,231
led-0,92800,246,236,231
led-0,92900,246,236,231
led-0,93000,245,237,231
led-0,93100,246,236,231
led-0,93200,246,237,231
led-0,93300,247,236,231
led-0,93400,246,236,231
led-0,93500,246,236,231
led-0,93600,246,236,231
led-0,93700,246,236,231
led-0,93800,246,236,231
led-0,93900,246,236,231
led-0,94000,246,236,231
led-0,94100,246,236,231
led-0,94200,246,236,231
led-0,94300,246,236,231
led-0,94400,246,236,231
led-0,94500,246,236,231
led-0,94600,246,236,231
led-0,94700,246,236,231
led-0,94800,246,236,231
led-0,94900,246,236,231
led-0,95000,245,237,231
led-0,95100,245,237,231
led-0,95200,245,237,231
led-0,95300,245,237,231
led-0,95400,245,237,231
led-0,95500,245,237,231
led-0,95600,246,236,231
led-0,95700,246,236,231
led-0,95800,246,236,231
led-0,95900,246,236,231
led-0,96000,246,237,231
led-0,96100,246,237,231
led-0,96200,246,237,231
led-0,96300,246,237,231
led-0,96400,247,240,235
led-0,96500,181,174,171
led-0,96600,227,217,207
led-0,96700,242,230,222
led-0,96800,246,236,230
led-0,96900,246,237,229
led-0,97000,246,237,230
led-0,97100,246,237,230
led-0,97200,246,237,230
led-0,97300,246,237,230
led-0,97400,246,237,230
led-0,97500,246,236,231
led-0,97600,246,236,231
led-0,97700,246,236,231
led-0,97800,246,236,231
led-0,97900,246,236,231
led-0,98000,246,237,231
led-0,98100,246,236,231
led-0,98200,246,237,231
led-0,98300,246,237,231
led-0,98400,246,237,231
led-0,98500,246,237,231
led-0,98600,246,237,231
led-0,98700,246,237,231
led-0,98800,246,236,231
led-0,98900,246,236,231
led-0,99000,246,236,231
led-0,99100,246,236,231
led-0,99200,246,236,231
led-0,99300,246,236,231
led-0,99400,246,237,231
led-0,99500,246,237,231
led-0,99600,246,237,231
led-0,99700,246,237,231
led-0,99800,32,36,35
led-0,99900,32,36,35
led-0,100000,32,36,35
led-0,100100,32,36,35
led-0,100200,32,36,35
led-0,100300,32,36,35
led-0,100400,32,36,35
led-0,100500,32,36,35
led-0,100600,32,36,35
led-0,100700,32,36,35
led-0,100800,32,36,35
led-0,100900,32,36,35
led-0,101000,32,36,35
led-0,101100,32,36,35
led-0,101200,32,36,35
led-0,101300,32,36,35
led-0,101400,32,36,34
led-0,101500,32,36,35
led-0,101600,34,37,36
led-0,101700,32,36,35
led-0,101800,121,73,76
led-0,101900,133,187,96
led-0,102000,134,188,94
led-0,102100,135,189,95
led-0,102200,135,190,95
led-0,102300,135,190,95
led-0,102400,135,190,95
led-0,102500,135,190,94
led-0,102600,135,190,95
led-0,102700,135,190,94
led-0,102800,135,190,94
led-0,102900,135,190,94
led-0,103000,135,190,94
led-0,103100,135,190,94
led-0,103200,135,190,93
led-0,103300,134,191,93
led-0,103400,134,191,93
led-0,103500,134,191,93
led-0,103600,134,191,93
led-0,103700,134,191,93
led-0,103800,134,191,93
led-0,103900,134,191,93
led-0,104000,244,223,225
led-0,104100,244,223,225
led-0,104200,244,223,225
led-0,104300,244,223,225
led-0,104400,244,223,225
led-0,104500,244,223,225
led-0,104600,244,223,225
led-0,104700,244,223,225
led-0,104800,244,223,225
led-0,104900,244,223,225
led-0,105000,244,223,225
led-0,105100,244,223,225
led-0,105200,244,223,225
led-0,105300,244,223,225
led-0,105400,244,223,225
led-0,105500,244,223,225
led-0,105600,244,223,225
led-0,105700,244,223,225
led-0,105800,244,223,225
led-0,105900,244,223,225
led-0,106000,244,223,225
led-0,106100,244,223,225
led-0,106200,244,223,225
led-0,106300,244,223,225
led-0,106400,244,223,225
led-0,106500,244,223,225
led-0,106600,244,223,225
led-0,106700,244,223,225
led-0,106800,244,223,225
led-0,106900,244,223,225
led-0,107000,244,223,225
led-0,107100,244,223,225
led-0,107200,244,223,225
led-0,107300,244,223,225
led-0,107400,244,223,225
led-0,107500,244,223,225
led-0,107600,244,223,225
led-0,107700,244,223,225
led-0,107800,244,223,225
led-0,107900,244,223,225
led-0,108000,244,223,225
led-0,108100,244,223,225
led-0,108200,244,223,225
led-0,108300,244,223,225
led-0,108400,244,223,225
led-0,108500,244,223,225
led-0,108600,244,223,225
led-0,108700,244,223,225
led-0,108800,244,223,225
led-0,108900,244,223,225
led-0,109000,244,223,225
led-0,109100,244,223,225
led-0,109200,244,223,225
led-0,109300,244,223,225
led-0,109400,244,223,225
led-0,109500,244,223,225
led-0,109600,244,223,225
led-0,109700,244,223,225
led-0,109800,243,223,225
led-0,109900,244,223,225
led-0,110000,243,223,225
led-0,110100,244,223,225
led-0,110200,244,223,225
led-0,110300,244,223,225
led-0,110400,244,223,225
led-0,110500,244,223,225
led-0,110600,244,223,225
led-0,110700,135,94,159
led-0,110800,243,223,225
led-0,110900,157,84,162
led-0,111000,221,197,206
led-0,111100,153,124,148
led-0,111200,101,59,127
led-0,111300,207,178,205
led-0,111400,203,152,240
led-0,111500,244,223,225
led-0,111600,244,223,225
led-0,111700,244,223,225
led-0,111800,244,223,225
led-0,111900,244,223,225
led-0,112000,244,223,225
led-0,112100,244,223,225
led-0,112200,244,223,225
led-0,112300,140,120,118
led-0,112400,221,205,218
led-0,112500,244,223,225
led-0,112600,244,223,225
led-0,112700,103,148,96
led-0,112800,103,148,96
led-0,112900,103,148,96
led-0,113000,103,148,96
led-0,113100,102,148,96
led-0,113200,102,148,96
led-0,113300,102,148,96
led-0,113400,102,148,96
led-0,113500,102,148,96
led-0,113600,102,148,96
led-0,113700,102,148,96
led-0,113800,102,148,96
led-0,113900,102,148,96
led-0,114000,102,148,95
led-0,114100,102,148,95
led-0,114200,102,148,95
led-0,114300,102,148,95
led-0,114400,103,148,95
led-0,114500,102,148,95
led-0,114600,102,148,95
led-0,114700,102,148,95
led-0,114800,103,148,95
led-0,114900,103,148,95
led-0,115000,103,148,95
led-0,115100,103,148,95
led-0,115200,103,148,94
led-0,115300,103,148,94
led-0,115400,103,148,94
led-0,115500,103,148,94
led-0,115600,103,148,94
led-0,115700,103,148,95
led-0,115800,103,148,95
led-0,115900,103,148,95
led-0,116000,102,148,95
led-0,116100,102,148,95
led-0,116200,102,148,95
led-0,116300,102,148,95
led-0,116400,102,148,95
led-0,116500,102,148,95
led-0,116600,102,148,95
led-0,116700,102,148,95
led-0,116800,102,148,95
led-0,116900,102,148,95
led-0,117000,102,148,95
led-0,117100,102,148,95
led-0,117200,102,148,95
led-0,117300,102,148,95
led-0,117400,102,148,95
led-0,117500,103,148,95
led-0,117600,103,148,95
led-0,117700,103,148,95
led-0,117800,103,148,95
led-0,117900,103,148,95
led-0,118000,182,206,148
led-0,118100,184,206,149
led-0,118200,185,207,148
led-0,118300,187,209,147
led-0,118400,188,211,146
led-0,118500,190,216,143
led-0,118600,190,219,141
led-0,118700,192,224,142
led-0,118800,198,227,149
led-0,118900,205,227,158
led-0,119000,219,226,175
led-0,119100,231,227,188
led-0,119200,243,228,201
led-0,119300,253,230,214
led-0,119400,255,231,218
led-0,119500,255,229,220
led-0,119600,255,229,220
led-0,119700,255,228,219
led-0,119800,255,227,218
led-0,119900,255,227,218
led-0,120000,254,226,217
led-0,120100,255,226,218
led-0,120200,255,225,217
led-0,120300,254,225,216
led-0,120400,255,225,217
led-0,120500,254,225,217
led-0,120600,254,224,216
led-0,120700,254,225,216
led-0,120800,255,225,217
led-0,120900,198,199,156
led-0,121000,198,199,156
led-0,121100,198,199,156
led-0,121200,198,199,156
led-0,121300,198,199,157
led-0,121400,198,199,157
led-0,121500,198,199,157
led-0,121600,198,199,157
led-0,121700,198,199,157
led-0,121800,198,199,157
led-0,121900,198,199,157
led-0,122000,198,199,157
led-0,122100,198,199,157
led-0,122200,198,199,157
led-0,122300,198,199,157
led-0,122400,198,199,157
led-0,122500,198,199,157
led-0,122600,198,199,157
led-0,122700,198,198,156
led-0,122800,198,198,156
led-0,122900,198,198,156
led-0,123000,198,198,156
led-0,123100,198,198,156
led-0,123200,198,198,156
led-0,123300,198,198,156
led-0,123400,198,199,156
led-0,123500,137,129,134
led-0,123600,137,129,134
led-0,123700,137,129,134
led-0,123800,136,129,133
led-0,123900,132,126,131
led-0,124000,129,124,128
led-0,124100,128,123,127
led-0,124200,127,122,126
led-0,124300,129,125,128
led-0,124400,131,125,129
led-0,124500,130,124,128
led-0,124600,129,123,127
led-0,124700,127,122,126
led-0,124800,127,122,126
led-0,124900,127,122,126
led-0,125000,127,121,125
led-0,125100,127,121,125
led-0,125200,127,121,126
led-0,125300,127,122,126
led-0,125400,127,122,126
led-0,125500,127,122,126
led-0,125600,127,122,126
led-0,125700,127,122,126
led-0,125800,127,122,126
led-0,125900,127,122,126
led-0,126000,132,126,130
led-0,126100,137,129,134
led-0,126200,137,129,134
led-0,126300,137,129,134
led-0,126400,137,129,134
led-0,126500,137,129,134
led-0,126600,137,129,134
led-0,126700,136,129,134
led-0,126800,137,129,134
led-0,126900,195,196,149
led-0,127000,195,196,149
led-0,127100,195,196,149
led-0,127200,195,196,149
led-0,127300,195,196,149
led-0,127400,195,196,149
led-0,127500,194,197,149
led-0,127600,194,197,149
led-0,127700,194,197,149
led-0,127800,194,197,149
led-0,127900,194,197,149
led-0,128000,194,197,149
led-0,128100,194,197,149
led-0,128200,194,196,150
led-0,128300,194,196,150
led-0,128400,195,196,150
led-0,128500,195,196,150
led-0,128600,195,196,150
led-0,128700,195,196,150
led-0,128800,195,196,150
led-0,128900,195,196,150
led-0,129000,194,197,151
led-0,129100,195,196,150
led-0,129200,195,196,150
led-0,129300,195,196,150
led-0,129400,196,196,150
led-0,129500,196,196,150
led-0,129600,196,196,150
led-0,129700,196,196,150
led-0,129800,196,196,150
led-0,129900,196,196,150
led-0,130000,196,196,151
led-0,130100,196,196,151
led-0,130200,196,196,151
led-0,130300,196,196,151
led-0,130400,196,196,151
led-0,130500,196,196,151
led-0,130600,196,196,151
led-0,130700,195,196,151
led-0,130800,195,196,150
led-0,130900,195,196,150
led-0,131000,195,196,150
led-0,131100,195,196,150
led-0,131200,196,196,150
led-0,131300,196,196,150
led-0,131400,196,196,150
led-0,131500,195,196,150
led-0,131600,195,196,150
led-0,131700,195,196,150
led-0,131800,195,196,150
led-0,131900,196,196,151
led-0,132000,196,196,150
led-0,132100,196,196,150
led-0,132200,195,196,150
led-0,132300,195,196,150
led-0,132400,195,196,150
led-0,132500,194,196,151
led-0,132600,194,196,151
led-0,132700,194,196,151
led-0,132800,194,196,151
led-0,132900,194,196,151
led-0,133000,195,196,151
led-0,133100,195,196,150
led-0,133200,195,196,150
led-0,133300,195,196,150
led-0,133400,195,196,150
led-0,133500,195,196,150
led-0,133600,195,196,150
led-0,133700,195,196,150
led-0,133800,195,196,150
led-0,133900,195,196,150
led-0,134000,195,196,150
led-0,134100,195,196,150
led-0,134200,195,196,150
led-0,134300,195,196,150
led-0,134400,195,196,151
led-0,134500,195,196,151
led-0,134600,195,196,151
led-0,134700,195,196,151
led-0,134800,195,196,151
led-0,134900,195,196,151
led-0,135000,195,196,151
led-0,135100,195,196,151
led-0,135200,195,196,151
led-0,135300,195,196,151
led-0,135400,195,196,151
led-0,135500,195,196,151
led-0,135600,195,196,151
led-0,135700,195,196,151
led-0,135800,195,196,151
led-0,135900,195,196,151
led-0,136000,195,196,151
led-0,136100,195,196,151
led-0,136200,195,196,151
led-0,136300,195,196,150
led-0,136400,195,196,150
led-0,136500,195,196,150
led-0,136600,195,196,150
led-0,136700,195,196,150
led-0,136800,195,195,151
led-0,136900,195,196,150
led-0,137000,195,196,150
led-0,137100,195,196,150
led-0,137200,195,196,150
led-0,137300,195,196,150
led-0,137400,195,196,150
led-0,137500,195,196,150
led-0,137600,195,196,150
led-0,137700,195,196,150
led-0,137800,195,196,150
led-0,137900,195,196,150
led-0,138000,195,196,151
led-0,138100,195,196,150
led-0,138200,195,196,150
led-0,138300,195,196,150
led-0,138400,195,196,150
led-0,138500,195,196,150
led-0,138600,195,196,150
led-0,138700,195,196,150
led-0,138800,195,196,150
led-0,138900,194,194,149
led-0,139000,196,157,135
led-0,139100,188,181,140
led-0,139200,185,176,136
led-0,139300,161,122,98
led-0,139400,188,143,129
led-0,139500,149,115,92
led-0,139600,147,108,89
led-0,139700,145,100,94
led-0,139800,185,179,135
led-0,139900,194,196,149
led-0,140000,194,196,149
led-0,140100,194,196,149
led-0,140200,194,196,149
led-0,140300,194,196,149
led-0,140400,194,196,149
led-0,140500,194,196,149
led-0,140600,196,197,150
led-0,140700,196,197,150
led-0,140800,195,197,151
led-0,140900,195,197,151
led-0,141000,195,197,151
led-0,141100,195,197,151
led-0,141200,195,197,151
led-0,141300,196,196,151
led-0,141400,196,196,151
led-0,141500,196,196,151
led-0,141600,196,196,151
led-0,141700,196,196,151
led-0,141800,196,196,151
led-0,141900,196,196,151
led-0,142000,195,196,151
led-0,142100,195,196,151
led-0,142200,195,196,151
led-0,142300,195,196,151
led-0,142400,195,196,151
led-0,142500,195,196,151
led-0,142600,195,196,151
led-0,142700,195,197,151
led-0,142800,195,197,151
led-0,142900,195,197,151
led-0,143000,195,197,151
led-0,143100,195,197,151
led-0,143200,195,197,151
led-0,143300,195,197,151
led-0,143400,195,197,151
led-0,143500,195,197,151
led-0,143600,195,197,151
led-0,143700,195,197,151
led-0,143800,195,197,151
led-0,143900,195,196,151
led-0,144000,195,196,151
led-0,144100,195,196,151
led-0,144200,196,196,151
led-0,144300,196,196,151
led-0,144400,196,196,151
led-0,144500,196,196,151
led-0,144600,196,196,151
led-0,144700,196,196,151
led-0,144800,196,196,151
led-0,144900,196,196,151
led-0,145000,196,196,151
led-0,145100,196,196,151
led-0,145200,195,196,151
led-0,145300,195,196,151
led-0,145400,195,196,152
led-0,145500,195,196,151
led-0,145600,195,196,151
led-0,145700,195,196,151
led-0,145800,195,196,151
led-0,145900,195,196,150
led-0,146000,196,196,150
led-0,146100,196,196,150
led-0,146200,196,196,151
led-0,146300,196,196,149
led-0,146400,79,92,42
led-0,146500,79,92,42
led-0,146600,79,92,42
led-0,146700,79,92,42
led-0,146800,79,92,42
led-0,146900,79,92,42
led-0,147000,80,92,42
led-0,147100,80,92,42
led-0,147200,80,92,43
led-0,147300,80,92,42
led-0,147400,80,92,42
led-0,147500,80,92,42
led-0,147600,80,92,42
led-0,147700,80,92,42
led-0,147800,80,92,43
led-0,147900,80,92,43
led-0,148000,80,92,43
led-0,148100,80,92,43
led-0,148200,80,92,42
led-0,148300,80,93,42
led-0,148400,80,93,42
led-0,148500,80,93,42
led-0,148600,80,93,42
led-0,148700,80,93,42
led-0,148800,80,93,42
led-0,148900,80,93,42
led-0,149000,80,93,42
led-0,149100,210,174,148
led-0,149200,208,172,147
led-0,149300,204,169,145
led-0,149400,202,166,143
led-0,149500,197,163,141
led-0,149600,195,161,139
led-0,149700,193,158,137
led-0,149800,190,157,136
led-0,149900,188,155,135
led-0,150000,185,154,135
led-0,150100,184,154,135
led-0,150200,184,154,135
led-0,150300,187,155,137
led-0,150400,188,156,137
led-0,150500,190,158,138
led-0,150600,193,161,140
led-0,150700,196,162,141
led-0,150800,203,165,143
led-0,150900,205,168,143
led-0,151000,209,172,146
led-0,151100,211,174,147
led-0,151200,214,176,148
led-0,151300,218,179,150
led-0,151400,220,180,151
led-0,151500,220,180,151
led-0,151600,221,181,151
led-0,151700,221,181,151
led-0,151800,190,153,130
led-0,151900,118,94,79
led-0,152000,169,136,116
led-0,152100,185,144,123
led-0,152200,184,142,122
led-0,152300,181,140,120
led-0,152400,180,139,119
led-0,152500,175,136,118
led-0,152600,173,134,116
led-0,152700,171,132,116
led-0,152800,168,130,115
led-0,152900,165,127,113
led-0,153000,165,127,114
led-0,153100,164,128,114
led-0,153200,164,128,114
led-0,153300,166,129,114
led-0,153400,167,130,116
led-0,153500,170,131,118
led-0,153600,172,133,119
led-0,153700,174,135,121
led-0,153800,180,137,122
led-0,153900,178,136,119
led-0,154000,178,137,120
led-0,154100,181,139,121
led-0,154200,184,141,122
led-0,154300,188,143,124
led-0,154400,191,144,126
led-0,154500,192,146,126
led-0,154600,193,147,125
led-0,154700,193,147,125
led-0,154800,193,147,125
led-0,154900,193,146,124
led-0,155000,190,144,125
led-0,155100,188,143,124
led-0,155200,184,142,121
led-0,155300,180,138,120
led-0,155400,176,136,118
led-0,155500,172,132,117
led-0,155600,167,130,115
led-0,155700,165,127,114
led-0,155800,161,124,112
led-0,155900,158,123,111
led-0,156000,110,130,63
led-0,156100,110,130,63
led-0,156200,110,130,63
led-0,156300,110,130,63
led-0,156400,110,130,63
led-0,156500,110,130,63
led-0,156600,110,130,63
led-0,156700,110,130,63
led-0,156800,110,130,63
led-0,156900,110,130,63
led-0,157000,110,130,63
led-0,157100,110,130,63
led-0,157200,110,130,63
led-0,157300,110,130,63
led-0,157400,110,130,63
led-0,157500,110,130,62
led-0,157600,110,130,63
led-0,157700,110,130,63
led-0,157800,110,130,63
led-0,157900,110,130,63
led-0,158000,110,130,63
led-0,158100,110,130,63
led-0,158200,110,130,63
led-0,158300,110,130,63
led-0,158400,110,130,63
led-0,158500,110,130,63
led-0,158600,110,130,63
led-0,158700,110,130,63
led-0,158800,110,130,63
led-0,158900,110,130,63
led-0,159000,110,130,63
led-0,159100,110,130,63
led-0,159200,110,130,63
led-0,159300,110,130,63
led-0,159400,110,131,61
led-0,159500,110,131,61
led-0,159600,110,130,61
led-0,159700,110,130,61
led-0,159800,110,131,61
led-0,159900,110,131,61
led-0,160000,110,131,62
led-0,160100,110,131,62
led-0,160200,110,131,62
led-0,160300,110,130,62
led-0,160400,110,130,62
led-0,160500,110,131,62
led-0,160600,110,130,62
led-0,160700,111,130,62
led-0,160800,111,130,62
led-0,160900,194,155,132
led-0,161000,188,151,129
led-0,161100,185,148,128
led-0,161200,181,146,126
led-0,161300,179,143,124
led-0,161400,175,142,123
led-0,161500,171,139,121
led-0,161600,170,138,120
led-0,161700,168,136,119
led-0,161800,167,136,120
led-0,161900,166,135,119
led-0,162000,167,136,120
led-0,162100,167,136,119
led-0,162200,169,137,121
led-0,162300,255,236,219
led-0,162400,255,236,219
led-0,162500,255,236,219
led-0,162600,255,236,219
led-0,162700,255,236,219
led-0,162800,255,236,219
led-0,162900,255,236,219
led-0,163000,255,236,219
led-0,163100,255,236,219
led-0,163200,255,236,219
led-0,163300,194,157,133
led-0,163400,193,155,134
led-0,163500,189,152,131
led-0,163600,184,148,129
led-0,163700,181,147,127
led-0,163800,177,143,125
led-0,163900,173,140,123
led-0,164000,168,137,120
led-0,164100,167,136,119
led-0,164200,165,134,118
led-0,164300,165,134,118
led-0,164400,164,133,118
led-0,164500,164,134,119
led-0,164600,165,135,119
led-0,164700,167,136,120
led-0,164800,171,139,123
led-0,164900,173,141,124
led-0,165000,177,144,126
led-0,165100,181,147,128
led-0,165200,185,149,128
led-0,165300,190,153,131
led-0,165400,193,155,133
led-0,165500,196,158,134
led-0,165600,198,159,136
led-0,165700,198,159,136
led-0,165800,199,160,136
led-0,165900,201,160,135
led-0,166000,200,160,134
led-0,166100,199,158,133
led-0,166200,198,157,132
led-0,166300,255,236,219
led-0,166400,255,236,219
led-0,166500,255,236,219
led-0,166600,255,236,219
led-0,166700,255,236,219
led-0,166800,255,236,219
led-0,166900,255,236,219
led-0,167000,255,236,219
led-0,167100,255,236,219
led-0,167200,255,236,219
led-0,167300,255,236,219
led-0,167400,255,236,219
led-0,167500,255,235,219
led-0,167600,255,235,219
led-0,167700,255,235,219
led-0,167800,255,235,219
led-0,167900,255,235,219
led-0,168000,190,152,130
led-0,168100,187,150,129
led-0,168200,184,148,128
led-0,168300,179,144,124
led-0,168400,176,142,124
led-0,168500,165,134,117
led-0,168600,161,131,115
led-0,168700,158,129,113
led-0,168800,156,128,113
led-0,168900,154,127,114
led-0,169000,154,127,114
led-0,169100,154,126,113
led-0,169200,154,126,113
led-0,169300,157,128,113
led-0,169400,159,129,114
led-0,169500,163,132,116
led-0,169600,255,236,219
led-0,169700,255,235,219
led-0,169800,255,235,219
led-0,169900,255,235,219
led-0,170000,255,236,219
led-0,170100,255,236,219
led-0,170200,255,236,219
led-0,170300,255,236,219
led-0,170400,255,236,219
led-0,170500,255,236,219
led-0,170600,255,236,219
led-0,170700,255,236,219
led-0,170800,255,236,219
led-0,170900,255,236,219
led-0,171000,255,236,219
led-0,171100,255,236,219
led-0,171200,255,236,219
led-0,171300,255,236,219
led-0,171400,255,236,219
led-0,171500,255,236,219
led-0,171600,255,236,219
led-0,171700,255,236,219
led-0,171800,255,236,219
led-0,171900,255,236,219
led-0,172000,255,236,219
led-0,172100,255,236,219
led-0,172200,255,236,219
led-0,172300,255,236,219
led-0,172400,255,236,219
led-0,172500,255,236,219
led-0,172600,255,236,219
led-0,172700,255,236,219
led-0,172800,255,236,219
led-0,172900,255,236,219
led-0,173000,255,235,219
led-0,173100,255,236,219
led-0,173200,255,236,219
led-0,173300,255,236,219
led-0,173400,255,236,219
led-0,173500,255,236,219
led-0,173600,255,236,219
led-0,173700,255,236,219
led-0,173800,255,236,219
led-0,173900,255,236,219
led-0,174000,255,236,219
led-0,174100,255,236,219
led-0,174200,255,236,219
led-0,174300,255,236,219
led-0,174400,255,236,219
led-0,174500,255,236,219
led-0,174600,255,236,219
led-0,174700,255,236,219
led-0,174800,255,236,219
led-0,174900,255,236,219
led-0,175000,255,236,219
led-0,175100,255,236,219
led-0,175200,255,236,219
led-0,175300,255,236,219
led-0,175400,255,236,219
led-0,175500,255,236,219
led-0,175600,255,236,219
led-0,175700,255,236,219
led-0,175800,255,236,219
led-0,175900,255,236,219
led-0,176000,234,202,186
led-0,176100,255,236,219
led-0,176200,187,149,128
led-0,176300,184,146,128
led-0,176400,180,144,127
led-0,176500,177,141,124
led-0,176600,174,139,123
led-0,176700,171,138,122
led-0,176800,171,137,121
led-0,176900,169,136,121
led-0,177000,168,135,121
led-0,177100,168,135,121
led-0,177200,168,135,121
led-0,177300,171,136,122
led-0,177400,173,139,123
led-0,177500,176,141,124
led-0,177600,179,143,126
led-0,177700,181,145,127
led-0,177800,200,205,231
led-0,177900,200,206,230
led-0,178000,200,205,232
led-0,178100,200,205,232
led-0,178200,200,205,233
led-0,178300,200,205,233
led-0,178400,200,205,233
led-0,178500,200,205,233
led-0,178600,200,205,233
led-0,178700,200,205,233
led-0,178800,200,205,233
led-0,178900,200,205,234
led-0,179000,200,205,233
led-0,179100,200,205,233
led-0,179200,200,205,233
led-0,179300,200,205,233
led-0,179400,200,205,233
led-0,179500,200,205,233
led-0,179600,200,205,233
led-0,179700,200,205,233
led-0,179800,200,205,233
led-0,179900,200,205,233
led-0,180000,201,205,232
led-0,180100,201,205,232
led-0,180200,201,205,232
led-0,180300,201,205,233
led-0,180400,201,205,233
led-0,180500,186,145,125
led-0,180600,182,142,123
led-0,180700,180,141,120
led-0,180800,177,137,119
led-0,180900,172,135,117
led-0,181000,168,132,114
led-0,181100,165,131,113
led-0,181200,165,130,113
led-0,181300,162,127,113
led-0,181400,161,126,112
led-0,181500,160,126,112
led-0,181600,160,126,112
led-0,181700,160,126,112
led-0,181800,162,128,113
led-0,181900,163,129,114
led-0,182000,166,132,116
led-0,182100,168,132,117
led-0,182200,172,135,118
led-0,182300,176,140,120
led-0,182400,180,141,123
led-0,182500,185,144,124
led-0,182600,186,146,126
led-0,182700,189,148,125
led-0,182800,192,150,127
led-0,182900,194,150,127
led-0,183000,196,152,130
led-0,183100,195,152,130
led-0,183200,195,152,130
led-0,183300,194,151,128
led-0,183400,192,149,125
led-0,183500,188,146,124
led-0,183600,184,144,122
led-0,183700,181,142,121
led-0,183800,176,139,118
led-0,183900,173,136,117
led-0,184000,169,131,116
led-0,184100,167,131,115
led-0,184200,164,129,113
led-0,184300,163,127,112
led-0,184400,160,126,111
led-0,184500,160,126,111
led-0,184600,158,125,110
led-0,184700,158,125,110
led-0,184800,188,137,120
led-0,184900,191,158,137
led-0,185000,193,161,139
led-0,185100,196,162,139
led-0,185200,199,164,141
led-0,185300,204,168,145
led-0,185400,208,170,146
led-0,185500,213,173,148
led-0,185600,215,175,149
led-0,185700,217,177,149
led-0,185800,220,180,152
led-0,185900,222,181,152
led-0,186000,168,203,248
led-0,186100,168,203,248
led-0,186200,168,203,248
led-0,186300,168,203,248
led-0,186400,168,203,248
led-0,186500,168,203,248
led-0,186600,168,203,248
led-0,186700,167,203,248
led-0,186800,167,203,248
led-0,186900,167,203,248
led-0,187000,169,202,247
led-0,187100,169,202,247
led-0,187200,169,202,247
led-0,187300,169,202,247
led-0,187400,169,202,247
led-0,187500,169,202,245
led-0,187600,169,203,245
led-0,187700,199,181,192
led-0,187800,162,192,232
led-0,187900,168,202,248
led-0,188000,168,203,246
led-0,188100,167,203,246
led-0,188200,167,203,246
led-0,188300,178,121,106
led-0,188400,168,202,248
led-0,188500,167,203,247
led-0,188600,167,203,247
led-0,188700,167,203,247
led-0,188800,168,202,248
led-0,188900,168,202,248
led-0,189000,168,203,248
led-0,189100,168,203,248
led-0,189200,168,203,248
led-0,189300,168,203,248
led-0,189400,255,246,219
led-0,189500,255,246,219
led-0,189600,255,246,219
led-0,189700,255,246,219
led-0,189800,255,246,219
led-0,189900,255,246,219
led-0,190000,255,246,218
led-0,190100,255,246,218
led-0,190200,255,246,218
led-0,190300,255,246,218
led-0,190400,255,246,218
led-0,190500,255,246,218
led-0,190600,255,246,219
led-0,190700,255,246,219
led-0,190800,255,246,219
led-0,190900,255,246,219
led-0,191000,255,246,219
led-0,191100,255,246,219
led-0,191200,255,246,219
led-0,191300,255,246,219
led-0,191400,255,246,219
led-0,191500,255,246,219
led-0,191600,255,246,219
led-0,191700,255,246,219
led-0,191800,255,246,219
led-0,191900,255,246,219
led-0,192000,255,246,219
led-0,192100,255,246,219
led-0,192200,167,203,248
led-0,192300,167,203,248
led-0,192400,167,203,248
led-0,192500,167,203,248
led-0,192600,148,154,159
led-0,192700,218,156,134
led-0,192800,156,118,110
led-0,192900,174,139,136
led-0,193000,171,196,231
led-0,193100,169,201,241
led-0,193200,168,202,243
led-0,193300,168,202,243
led-0,193400,168,202,244
led-0,193500,168,202,243
led-0,193600,168,202,243
led-0,193700,168,202,243
led-0,193800,170,202,243
led-0,193900,169,202,243
led-0,194000,170,202,242
led-0,194100,175,203,241
led-0,194200,184,205,235
led-0,194300,198,201,219
led-0,194400,203,197,208
led-0,194500,205,191,196
led-0,194600,205,188,191
led-0,194700,254,227,217
led-0,194800,254,227,217
led-0,194900,254,227,216
led-0,195000,255,227,214
led-0,195100,255,227,212
led-0,195200,255,227,212
led-0,195300,255,227,211
led-0,195400,255,227,211
led-0,195500,255,227,211
led-0,195600,255,226,211
led-0,195700,255,226,211
led-0,195800,172,158,145
led-0,195900,164,124,105
led-0,196000,252,249,247
led-0,196100,242,241,241
led-0,196200,255,255,255
led-0,196300,255,255,255
led-0,196400,255,255,255
led-0,196500,255,255,255
led-0,196600,255,255,255
led-0,196700,255,255,255
led-0,196800,255,255,255
led-0,196900,255,255,255
led-0,197000,255,226,211
led-0,197100,255,226,211
led-0,197200,255,226,211
led-0,197300,255,226,211
led-0,197400,255,226,211
led-0,197500,255,225,211
led-0,197600,255,225,211
led-0,197700,255,225,211
led-0,197800,255,225,211
led-0,197900,255,225,211
led-0,198000,255,226,211
led-0,198100,255,226,211
led-0,198200,255,226,211
led-0,198300,255,226,211
led-0,198400,255,226,211
led-0,198500,255,226,211
led-0,198600,255,226,211
led-0,198700,255,226,211
led-0,198800,255,226,211
led-0,198900,255,226,211
led-0,199000,255,226,211
led-0,199100,255,226,211
led-0,199200,255,226,211
led-0,199300,255,226,211
led-0,199400,255,226,211
led-0,199500,255,226,211
led-0,199600,255,226,211
led-0,199700,255,226,211
led-0,199800,255,226,211
led-0,199900,124,108,99
led-0,200000,124,108,100
led-0,200100,124,108,99
led-0,200200,125,108,99
led-0,200300,124,108,99
led-0,200400,124,108,98
led-0,200500,124,107,99
led-0,200600,124,107,99
led-0,200700,124,107,99
led-0,200800,124,107,99
led-0,200900,124,107,99
led-0,201000,123,107,99
led-0,201100,123,108,99
led-0,201200,123,108,99
led-0,201300,123,108,99
led-0,201400,124,108,99
led-0,201500,124,108,99
led-0,201600,124,108,99
led-0,201700,124,108,99
led-0,201800,124,108,100
led-0,201900,124,108,100
led-0,202000,125,108,100
led-0,202100,125,108,99
led-0,202200,125,108,100
led-0,202300,125,108,100
led-0,202400,124,108,100
led-0,202500,125,108,100
led-0,202600,125,108,100
led-0,202700,125,108,100
led-0,202800,124,108,101
led-0,202900,123,108,101
led-0,203000,123,107,100
led-0,203100,123,107,100
led-0,203200,123,107,100
led-0,203300,123,107,100
led-0,203400,123,107,101
led-0,203500,123,106,101
led-0,203600,123,107,101
led-0,203700,123,107,101
led-0,203800,123,106,100
led-0,203900,123,106,100
led-0,204000,122,107,100
led-0,204100,123,107,100
led-0,204200,255,245,217
led-0,204300,255,245,217
led-0,204400,255,245,217
led-0,204500,255,245,217
led-0,204600,255,245,217
led-0,204700,255,245,217
led-0,204800,255,245,217
led-0,204900,255,245,217
led-0,205000,255,244,217
led-0,205100,255,244,217
led-0,205200,255,244,217
led-0,205300,255,244,217
led-0,205400,255,244,217
led-0,205500,255,244,217
led-0,205600,255,244,217
led-0,205700,255,244,217
led-0,205800,255,244,217
led-0,205900,255,244,217
led-0,206000,119,105,98
led-0,206100,119,105,98
led-0,206200,119,105,98
led-0,206300,119,104,98
led-0,206400,119,104,98
led-0,206500,119,104,98
led-0,206600,119,104,98
led-0,206700,119,105,98
led-0,206800,119,105,98
led-0,206900,119,105,98
led-0,207000,119,105,98
led-0,207100,119,105,98
led-0,207200,119,105,98
led-0,207300,119,105,98
led-0,207400,119,105,98
led-0,207500,255,245,217
led-0,207600,255,245,217
led-0,207700,255,245,217
led-0,207800,255,245,217
led-0,207900,255,245,217
led-0,208000,255,245,217
led-0,208100,255,245,217
led-0,208200,255,245,217
led-0,208300,255,245,217
led-0,208400,255,245,217
led-0,208500,255,245,217
led-0,208600,255,245,217
led-0,208700,255,245,217
led-0,208800,255,245,217
led-0,208900,118,104,98
led-0,209000,118,104,98
led-0,209100,118,104,98
led-0,209200,118,104,98
led-0,209300,118,104,98
led-0,209400,118,104,98
led-0,209500,118,104,98
led-0,209600,118,104,98
led-0,209700,118,104,98
led-0,209800,118,104,98
led-0,209900,118,104,98
led-0,210000,118,104,98
led-0,210100,118,104,98
led-0,210200,118,104,98
led-0,210300,118,104,98
led-0,210400,118,104,98
led-0,210500,118,104,98
led-0,210600,118,104,98
led-0,210700,118,104,98
led-0,210800,118,104,98
led-0,210900,118,104,98
led-0,211000,118,104,98
led-0,211100,118,104,98
led-0,211200,118,104,98
led-0,211300,118,104,98
led-0,211400,118,104,98
led-0,211500,118,104,98
led-0,211600,118,104,97
led-0,211700,247,213,202
led-0,211800,247,213,202
led-0,211900,247,213,202
led-0,212000,246,213,201
led-0,212100,247,213,201
led-0,212200,247,213,201
led-0,212300,247,213,201
led-0,212400,246,213,201
led-0,212500,208,182,172
led-0,212600,145,126,120
led-0,212700,133,116,110
led-0,212800,118,105,103
led-0,212900,133,121,117
led-0,213000,109,97,92
led-0,213100,106,94,92
led-0,213200,103,91,85
led-0,213300,249,255,162
led-0,213400,154,150,107
led-0,213500,122,130,77
led-0,213600,125,142,74
led-0,213700,126,151,78
led-0,213800,140,122,110
led-0,213900,140,122,110
led-0,214000,139,123,110
led-0,214100,139,123,110
led-0,214200,139,123,110
led-0,214300,139,123,110
led-0,214400,139,123,110
led-0,214500,139,123,110
led-0,214600,139,123,110
led-0,214700,139,123,110
led-0,214800,139,123,110
led-0,214900,139,123,110
led-0,215000,139,123,110
led-0,215100,139,123,110
led-0,215200,139,123,110
led-0,215300,139,123,110
led-0,215400,139,123,110
led-0,215500,139,123,110
led-0,215600,140,122,112
led-0,215700,140,122,112
led-0,215800,140,122,112
led-0,215900,140,122,112
led-0,216000,139,123,112
led-0,216100,139,123,111
led-0,216200,139,123,111
led-0,216300,139,123,112
led-0,216400,139,123,112
led-0,216500,139,123,112
led-0,216600,139,123,112
led-0,216700,139,123,112
led-0,216800,139,123,112
led-0,216900,139,123,112
led-0,217000,139,123,111
led-0,217100,139,123,111
led-0,217200,139,123,111
led-0,217300,139,123,111
led-0,217400,138,123,110
led-0,217500,139,122,110
led-0,217600,139,122,110
led-0,217700,139,122,110
led-0,217800,139,122,110
led-0,217900,139,122,110
led-0,218000,138,123,110
led-0,218100,138,123,110
led-0,218200,138,123,110
led-0,218300,138,123,110
led-0,218400,138,123,110
led-0,218500,138,123,110
led-0,218600,138,123,110
led-0,218700,138,123,110
led-0,218800,139,123,110
led-0,218900,139,123,110
led-0,219000,139,123,110
led-0,219100,139,123,110
led-0,219200,139,123,110
led-0,219300,139,123,110
led-0,219400,140,123,110
led-0,219500,140,123,110
led-0,219600,140,123,110
led-0,219700,140,123,110
led-0,219800,140,123,110
led-0,219900,140,123,110
led-0,220000,140,122,111
led-0,220100,140,122,111
led-0,220200,140,122,111
led-0,220300,140,122,111
led-0,220400,140,122,111
led-0,220500,255,246,228
led-0,220600,255,246,228
led-0,220700,255,246,228
led-0,220800,255,246,228
led-0,220900,255,246,228
led-0,221000,255,246,227
led-0,221100,255,246,227
led-0,221200,255,246,218
led-0,221300,255,246,218
led-0,221400,255,246,218
led-0,221500,255,246,218
led-0,221600,255,246,218
led-0,221700,255,246,218
led-0,221800,255,246,218
led-0,221900,255,246,218
led-0,222000,255,246,218
led-0,222100,255,246,218
led-0,222200,255,246,218
led-0,222300,255,246,218
led-0,222400,255,246,218
led-0,222500,255,246,219
led-0,222600,255,246,219
led-0,222700,255,246,219
led-0,222800,255,246,219
led-0,222900,255,246,219
led-0,223000,255,246,219
led-0,223100,255,246,219
led-0,223200,255,246,219
led-0,223300,255,246,219
led-0,223400,255,246,219
led-0,223500,255,246,219
led-0,223600,255,246,219
led-0,223700,255,246,219
led-0,223800,108,136,155
led-0,223900,108,136,155
led-0,224000,108,136,155
led-0,224100,108,136,155
led-0,224200,108,136,155
led-0,224300,108,136,155
led-0,224400,108,136,155
led-0,224500,108,135,155
led-0,224600,108,135,155
led-0,224700,108,135,155
led-0,224800,108,135,155
led-0,224900,108,135,155
led-0,225000,108,135,155
led-0,225100,108,135,155
led-0,225200,108,135,155
led-0,225300,108,135,155
led-0,225400,108,135,155
led-0,225500,108,135,155
led-0,225600,108,135,155
led-0,225700,108,135,155
led-0,225800,108,135,155
led-0,225900,108,135,155
led-0,226000,108,135,154
led-0,226100,108,135,154
led-0,226200,108,135,155
led-0,226300,245,229,240
led-0,226400,87,74,100
led-0,226500,245,229,240
led-0,226600,245,229,240
led-0,226700,245,229,240
led-0,226800,245,228,240
led-0,226900,245,228,240
led-0,227000,245,228,240
led-0,227100,245,228,240
led-0,227200,245,228,240
led-0,227300,245,228,240
led-0,227400,245,228,240
led-0,227500,244,228,240
led-0,227600,244,228,240
led-0,227700,244,228,240
led-0,227800,244,228,240
led-0,227900,244,228,240
led-0,228000,244,228,240
led-0,228100,244,228,240
led-0,228200,244,228,240
led-0,228300,244,228,240
led-0,228400,244,228,240
led-0,228500,244,228,240
led-0,228600,244,228,240
led-0,228700,244,228,240
led-0,228800,244,228,240
led-0,228900,244,228,240
led-0,229000,244,228,240
led-0,229100,244,228,240
led-0,229200,244,228,240
led-0,229300,244,228,240
led-0,229400,244,228,241
led-0,229500,244,228,241
led-0,229600,244,228,241
led-0,229700,244,228,241
led-0,229800,244,228,241
led-0,229900,244,228,241
led-0,230000,143,119,112
led-0,230100,143,119,112
led-0,230200,143,119,112
led-0,230300,143,119,112
led-0,230400,143,119,112
led-0,230500,143,119,112
led-0,230600,144,119,112
led-0,230700,144,119,111
led-0,230800,144,119,112
led-0,230900,144,119,111
led-0,231000,144,118,112
led-0,231100,144,118,112
led-0,231200,144,118,112
led-0,231300,144,119,112
led-0,231400,144,119,112
led-0,231500,144,119,112
led-0,231600,144,119,112
led-0,231700,144,119,112
led-0,231800,144,119,112
led-0,231900,144,119,112
led-0,232000,144,119,112
led-0,232100,144,119,112
led-0,232200,144,119,112
led-0,232300,144,119,112
led-0,232400,144,119,112
led-0,232500,243,231,246
led-0,232600,243,231,246
led-0,232700,243,231,246
led-0,232800,243,232,246
led-0,232900,243,232,246
led-0,233000,243,232,246
led-0,233100,244,232,246
led-0,233200,243,231,246
led-0,233300,244,231,246
led-0,233400,243,232,246
led-0,233500,243,232,246
led-0,233600,244,231,246
led-0,233700,244,231,246
led-0,233800,244,231,246
led-0,233900,244,231,246
led-0,234000,244,231,246
led-0,234100,244,231,246
led-0,234200,244,231,246
led-0,234300,244,231,246
led-0,234400,244,231,246
led-0,234500,244,231,246
led-0,234600,244,231,246
led-0,234700,244,231,246
led-0,234800,244,231,246
led-0,234900,244,231,246
led-0,235000,243,232,245
led-0,235100,243,231,246
led-0,235200,243,231,246
led-0,235300,243,231,246
led-0,235400,243,231,246
led-0,235500,243,231,246
led-0,235600,244,232,246
led-0,235700,243,231,246
led-0,235800,243,231,246
led-0,235900,243,231,246
led-0,236000,243,231,246
led-0,236100,243,231,245
led-0,236200,243,231,245
led-0,236300,244,232,245
led-0,236400,244,232,245
led-0,236500,244,232,245
led-0,236600,244,232,245
led-0,236700,244,232,245
led-0,236800,244,232,245
led-0,236900,244,232,245
led-0,237000,244,232,244
led-0,237100,244,232,244
led-0,237200,244,232,244
led-0,237300,244,232,244
led-0,237400,244,232,244
led-0,237500,244,232,245
led-0,237600,244,232,245
led-0,237700,244,232,245
led-0,237800,244,232,245
led-0,237900,244,232,245
led-0,238000,244,232,246
led-0,238100,244,232,246
led-0,238200,244,232,246
led-0,238300,244,232,246
led-0,238400,244,232,246
led-0,238500,244,232,246
led-0,238600,244,232,246
led-0,238700,244,232,246
led-0,238800,244,232,246
led-0,238900,244,232,246
led-0,239000,243,231,245
led-0,239100,243,231,245
led-0,239200,243,231,245
led-0,239300,243,231,245
led-0,239400,243,231,246
led-0,239500,243,231,246
led-0,239600,243,231,246
led-0,239700,243,231,246
led-0,239800,244,231,246
led-0,239900,244,231,246
led-0,240000,243,231,246
led-0,240100,243,231,246
led-0,240200,243,231,246
led-0,240300,243,231,246
led-0,240400,243,231,246
led-0,240500,243,231,246
led-0,240600,244,232,246
led-0,240700,244,231,246
led-0,240800,244,231,246
led-0,240900,244,231,246
led-0,241000,244,231,246
led-0,241100,244,231,246
led-0,241200,244,231,246
led-0,241300,244,232,246
led-0,241400,244,232,246
led-0,241500,244,232,246
led-0,241600,244,232,246
led-0,241700,244,232,246
led-0,241800,244,232,246
led-0,241900,244,232,246
led-0,242000,244,232,246
led-0,242100,252,236,238
led-0,242200,254,238,242
led-0,242300,254,238,241
led-0,242400,254,238,241
led-0,242500,254,238,241
led-0,242600,254,238,242
led-0,242700,254,238,242
led-0,242800,254,238,242
led-0,242900,254,238,242
led-0,243000,254,238,242
led-0,243100,254,238,242
led-0,243200,254,238,242
led-0,243300,254,238,242
led-0,243400,254,238,242
led-0,243500,128,154,150
led-0,243600,130,156,152
led-0,243700,132,158,155
led-0,243800,135,161,158
led-0,243900,138,164,161
led-0,244000,140,168,168
led-0,244100,143,170,170
led-0,244200,145,172,173
led-0,244300,150,177,178
led-0,244400,152,179,180
led-0,244500,155,183,184
led-0,244600,158,186,188
led-0,244700,158,187,191
led-0,244800,162,191,194
led-0,244900,163,192,196
led-0,245000,166,197,201
led-0,245100,168,199,203
led-0,245200,171,202,206
led-0,245300,175,206,210
led-0,245400,178,209,213
led-0,245500,180,212,218
led-0,245600,183,215,221
led-0,245700,185,216,223
led-0,245800,188,220,227
led-0,245900,190,222,229
led-0,246000,192,225,231
led-0,246100,193,227,233
led-0,246200,195,229,235
led-0,246300,198,231,238
led-0,246400,199,232,240
led-0,246500,202,235,242
led-0,246600,203,236,242
led-0,246700,204,237,244
led-0,246800,206,239,245
led-0,246900,206,239,245
led-0,247000,207,241,245
led-0,247100,209,241,245
led-0,247200,208,241,245
led-0,247300,210,242,245
led-0,247400,210,242,244
led-0,247500,211,243,244
led-0,247600,211,243,243
led-0,247700,211,243,242
led-0,247800,211,244,241
led-0,247900,210,244,241
led-0,248000,210,244,239
led-0,248100,211,243,238
led-0,248200,211,243,238
led-0,248300,211,244,237
led-0,248400,211,244,236
led-0,248500,212,242,236
led-0,248600,212,243,235
led-0,248700,212,243,234
led-0,248800,211,243,236
led-0,248900,212,243,235
led-0,249000,211,243,234
led-0,249100,212,243,234
led-0,249200,212,243,233
led-0,249300,212,243,233
led-0,249400,212,243,233
led-0,249500,212,243,232
led-0,249600,212,243,232
led-0,249700,212,243,232
led-0,249800,212,243,232
led-0,249900,213,243,232
led-0,250000,212,243,232
led-0,250100,212,243,232
led-0,250200,212,243,232
led-0,250300,213,243,232
led-0,250400,213,243,232
led-0,250500,213,243,232
led-0,250600,213,243,232
led-0,250700,213,243,232
led-0,250800,62,59,79
led-0,250900,62,59,79
led-0,251000,62,59,79
led-0,251100,62,59,79
led-0,251200,62,59,79
led-0,251300,69,68,76
led-0,251400,73,82,96
led-0,251500,77,86,102
led-0,251600,77,86,103
led-0,251700,77,86,103
led-0,251800,78,87,104
led-0,251900,77,87,103
led-0,252000,90,93,84
led-0,252100,93,97,89
led-0,252200,89,91,80
led-0,252300,89,91,80
led-0,252400,89,91,80
led-0,252500,88,92,80
led-0,252600,88,92,80
led-0,252700,100,105,100
led-0,252800,167,185,203
led-0,252900,162,180,199
led-0,253000,153,170,188
led-0,253100,142,150,152
led-0,253200,202,209,216
led-0,253300,130,146,163
led-0,253400,189,199,210
led-0,253500,187,199,211
led-0,253600,198,208,222
led-0,253700,71,119,66
led-0,253800,71,119,66
led-0,253900,71,119,66
led-0,254000,71,119,66
led-0,254100,70,119,66
led-0,254200,70,119,66
led-0,254300,70,119,66
led-0,254400,71,119,66
led-0,254500,70,119,66
led-0,254600,70,119,66
led-0,254700,70,119,66
led-0,254800,70,119,65
led-0,254900,70,119,66
led-0,255000,70,118,66
led-0,255100,70,118,66
led-0,255200,70,118,66
led-0,255300,70,118,66
led-0,255400,111,195,90
led-0,255500,111,195,90
led-0,255600,111,195,90
led-0,255700,111,195,90
led-0,255800,111,195,90
led-0,255900,111,195,90
led-0,256000,111,195,90
led-0,256100,111,195,90
led-0,256200,111,195,90
led-0,256300,112,195,91
led-0,256400,112,195,91
led-0,256500,112,195,91
led-0,256600,112,195,91
led-0,256700,112,195,91
led-0,256800,112,195,91
led-0,256900,112,195,91
led-0,257000,79,104,90
led-0,257100,79,104,90
led-0,257200,98,119,100
led-0,257300,83,107,94
led-0,257400,85,109,96
led-0,257500,80,105,91
led-0,257600,80,105,91
led-0,257700,80,105,91
led-0,257800,80,105,91
led-0,257900,80,105,91
led-0,258000,80,105,91
led-0,258100,80,105,91
led-0,258200,96,118,99
led-0,258300,82,107,91
led-0,258400,84,109,93
led-0,258500,81,104,90
led-0,258600,81,104,90
led-0,258700,117,180,153
led-0,258800,117,180,153
led-0,258900,117,180,153
led-0,259000,117,180,152
led-0,259100,117,180,152
led-0,259200,117,180,152
led-0,259300,117,180,152
led-0,259400,117,180,152
led-0,259500,65,117,92
led-0,259600,65,117,92
led-0,259700,65,117,92
led-0,259800,65,118,93
led-0,259900,65,118,93
led-0,260000,65,118,93
led-0,260100,65,118,93
led-0,260200,65,118,93
led-0,260300,65,118,93
led-0,260400,65,118,93
led-0,260500,65,118,93
led-0,260600,65,118,92
led-0,260700,66,118,93
led-0,260800,65,118,93
led-0,260900,65,118,93
led-0,261000,65,118,93
led-0,261100,66,118,92
led-0,261200,77,93,101
led-0,261300,77,94,101
led-0,261400,78,94,102
led-0,261500,79,96,104
led-0,261600,82,99,107
led-0,261700,88,108,116
led-0,261800,94,115,125
led-0,261900,84,101,110
led-0,262000,73,82,82
led-0,262100,134,142,135
led-0,262200,192,202,193
led-0,262300,190,201,194
led-0,262400,191,201,194
led-0,262500,191,202,194
led-0,262600,192,202,195
led-0,262700,192,202,195
led-0,262800,193,202,196
led-0,262900,94,131,103
led-0,263000,94,131,103
led-0,263100,95,131,103
led-0,263200,95,131,103
led-0,263300,94,131,103
led-0,263400,94,131,103
led-0,263500,95,132,103
led-0,263600,94,132,103
led-0,263700,94,132,103
led-0,263800,94,131,103
led-0,263900,94,131,103
led-0,264000,93,131,101
led-0,264100,93,130,102
led-0,264200,93,130,102
led-0,264300,93,130,102
led-0,264400,93,130,102
led-0,264500,57,92,125
led-0,264600,57,92,125
led-0,264700,57,92,125
led-0,264800,57,92,125
led-0,264900,57,92,125
led-0,265000,57,92,125
led-0,265100,57,92,124
led-0,265200,57,92,124
led-0,265300,57,92,125
led-0,265400,57,92,125
led-0,265500,57,92,125
led-0,265600,57,91,125
led-0,265700,57,91,125
led-0,265800,57,92,125
led-0,265900,57,92,124
led-0,266000,58,91,124
led-0,266100,58,91,124
led-0,266200,61,103,68
led-0,266300,61,103,68
led-0,266400,61,103,68
led-0,266500,61,103,68
led-0,266600,61,103,68
led-0,266700,61,103,68
led-0,266800,61,103,68
led-0,266900,61,103,69
led-0,267000,61,103,69
led-0,267100,61,102,69
led-0,267200,61,103,69
led-0,267300,61,102,69
led-0,267400,61,102,69
led-0,267500,61,103,69
led-0,267600,61,103,69
led-0,267700,61,103,69
led-0,267800,62,102,69
led-0,267900,61,103,68
led-0,268000,63,103,67
led-0,268100,63,102,67
led-0,268200,63,103,67
led-0,268300,63,103,66
led-0,268400,64,103,67
led-0,268500,65,103,65
led-0,268600,65,103,65
led-0,268700,65,103,65
led-0,268800,66,102,63
led-0,268900,67,102,63
led-0,269000,68,103,61
led-0,269100,68,103,62
led-0,269200,68,103,62
led-0,269300,70,103,60
led-0,269400,70,103,60
led-0,269500,70,103,60
led-0,269600,71,103,60
led-0,269700,71,103,60
led-0,269800,71,103,60
led-0,269900,71,103,59
led-0,270000,72,103,59
led-0,270100,72,103,59
led-0,270200,71,103,59
led-0,270300,72,102,58
led-0,270400,80,71,45
led-0,270500,80,71,45
led-0,270600,80,71,45
led-0,270700,79,70,45
led-0,270800,79,70,45
led-0,270900,79,70,45
led-0,271000,79,71,45
led-0,271100,79,71,45
led-0,271200,79,70,45
led-0,271300,80,70,45
led-0,271400,80,70,45
led-0,271500,80,70,45
led-0,271600,80,70,45
led-0,271700,80,70,45
led-0,271800,79,70,44
led-0,271900,79,70,44
led-0,272000,79,70,44
led-0,272100,78,69,44
led-0,272200,78,69,44
led-0,272300,78,69,44
led-0,272400,78,69,44
led-0,272500,78,69,44
led-0,272600,78,69,44
led-0,272700,78,69,44
led-0,272800,77,69,44
led-0,272900,76,68,44
led-0,273000,76,68,44
led-0,273100,75,67,43
led-0,273200,75,68,42
led-0,273300,75,68,42
led-0,273400,75,68,42
led-0,273500,75,68,42
led-0,273600,74,67,42
led-0,273700,75,67,43
led-0,273800,75,68,43
led-0,273900,76,68,43
led-0,274000,77,69,44
led-0,274100,77,69,44
led-0,274200,78,70,45
led-0,274300,80,70,46
led-0,274400,81,71,47
led-0,274500,84,71,47
led-0,274600,83,72,48
led-0,274700,83,72,48
led-0,274800,85,73,49
led-0,274900,85,73,49
led-0,275000,87,74,50
led-0,275100,87,74,50
led-0,275200,87,74,50
led-0,275300,87,75,50
led-0,275400,87,74,50
led-0,275500,87,75,50
led-0,275600,86,74,50
led-0,275700,86,74,50
led-0,275800,85,72,50
led-0,275900,84,72,49
led-0,276000,101,134,43
led-0,276100,101,134,42
led-0,276200,101,134,42
led-0,276300,101,134,42
led-0,276400,101,134,42
led-0,276500,101,134,42
led-0,276600,101,134,42
led-0,276700,100,134,41
led-0,276800,100,134,41
led-0,276900,100,133,42
led-0,277000,100,133,43
led-0,277100,100,133,43
led-0,277200,100,133,43
led-0,277300,100,133,43
led-0,277400,100,133,43
led-0,277500,101,133,43
led-0,277600,100,133,42
led-0,277700,100,133,42
led-0,277800,99,133,42
led-0,277900,100,133,43
led-0,278000,54,53,42
led-0,278100,54,53,42
led-0,278200,54,53,42
led-0,278300,54,52,42
led-0,278400,54,52,42
led-0,278500,54,52,42
led-0,278600,54,52,42
led-0,278700,54,52,42
led-0,278800,54,52,42
led-0,278900,54,52,42
led-0,279000,54,52,42
led-0,279100,54,52,42
led-0,279200,54,52,42
led-0,279300,54,52,42
led-0,279400,54,52,42
led-0,279500,54,52,42
led-0,279600,54,52,42
led-0,279700,54,52,42
led-0,279800,81,97,27
led-0,279900,81,97,27
led-0,280000,81,97,27
led-0,280100,81,97,27
led-0,280200,81,97,27
led-0,280300,81,97,27
led-0,280400,81,97,27
led-0,280500,81,97,27
led-0,280600,81,97,27
led-0,280700,80,96,27
led-0,280800,80,96,26
led-0,280900,80,96,26
led-0,281000,80,96,26
led-0,281100,80,96,27
led-0,281200,79,96,27
led-0,281300,80,95,28
led-0,281400,71,90,41
led-0,281500,71,90,41
led-0,281600,71,90,41
led-0,281700,71,90,41
led-0,281800,70,89,40
led-0,281900,67,88,39
led-0,282000,65,88,40
led-0,282100,66,88,40
led-0,282200,66,87,40
led-0,282300,121,124,77
led-0,282400,131,133,86
led-0,282500,135,138,92
led-0,282600,97,107,55
led-0,282700,66,87,38
led-0,282800,67,88,40
led-0,282900,68,88,40
led-0,283000,67,88,39
led-0,283100,69,88,40
led-0,283200,68,88,40
led-0,283300,68,88,40
led-0,283400,69,88,41
led-0,283500,69,89,41
led-0,283600,70,89,41
led-0,283700,70,90,42
led-0,283800,74,92,43
led-0,283900,92,105,58
led-0,284000,97,109,63
led-0,284100,92,105,58
led-0,284200,86,101,53
led-0,284300,79,95,46
led-0,284400,76,92,43
led-0,284500,74,91,43
led-0,284600,74,90,42
led-0,284700,74,90,42
led-0,284800,164,189,128
led-0,284900,164,189,128
led-0,285000,163,189,128
led-0,285100,162,190,128
led-0,285200,163,190,128
led-0,285300,163,189,128
led-0,285400,163,190,128
led-0,285500,163,190,128
led-0,285600,164,189,128
led-0,285700,163,190,128
led-0,285800,164,190,128
led-0,285900,164,190,129
led-0,286000,163,190,129
led-0,286100,163,190,129
led-0,286200,163,190,129
led-0,286300,163,190,129
led-0,286400,163,190,128
led-0,286500,163,190,128
led-0,286600,163,190,128
led-0,286700,163,190,128
led-0,286800,163,190,128
led-0,286900,163,190,128
led-0,287000,164,189,128
led-0,287100,164,189,128
led-0,287200,164,189,128
led-0,287300,164,189,128
led-0,287400,164,189,128
led-0,287500,163,190,128
led-0,287600,163,189,128
led-0,287700,163,189,128
led-0,287800,163,189,128
led-0,287900,163,189,128
led-0,288000,164,189,128
led-0,288100,164,189,128
led-0,288200,164,189,128
led-0,288300,164,189,128
led-0,288400,164,189,128
led-0,288500,164,189,128
led-0,288600,164,189,128
led-0,288700,164,189,128
led-0,288800,164,189,128
led-0,288900,163,189,128
led-0,289000,163,189,128
led-0,289100,163,189,128
led-0,289200,163,189,128
led-0,289300,163,189,128
led-0,289400,163,189,128
led-0,289500,161,190,128
led-0,289600,161,190,128
led-0,289700,161,190,128
led-0,289800,161,190,128
led-0,289900,161,190,128
led-0,290000,162,190,128
led-0,290100,162,190,128
led-0,290200,162,190,128
led-0,290300,162,190,128
led-0,290400,162,190,128
led-0,290500,162,190,127
led-0,290600,163,189,128
led-0,290700,163,189,128
led-0,290800,163,189,129
led-0,290900,163,189,129
led-0,291000,163,189,128
led-0,291100,163,189,128
led-0,291200,163,189,128
led-0,291300,163,189,128
led-0,291400,163,189,128
led-0,291500,163,189,128
led-0,291600,163,189,128
led-0,291700,163,189,128
led-0,291800,163,189,128
led-0,291900,163,189,128
led-0,292000,162,190,128
led-0,292100,162,190,128
led-0,292200,162,190,128
led-0,292300,73,52,30
led-0,292400,73,52,30
led-0,292500,74,53,30
led-0,292600,74,53,30
led-0,292700,75,53,30
led-0,292800,75,53,30
led-0,292900,75,53,30
led-0,293000,75,53,30
led-0,293100,75,53,30
led-0,293200,74,52,30
led-0,293300,75,53,30
led-0,293400,107,104,89
led-0,293500,133,116,53
led-0,293600,135,119,50
led-0,293700,176,167,63
led-0,293800,76,57,38
led-0,293900,74,54,35
led-0,294000,72,52,32
led-0,294100,72,52,32
led-0,294200,71,51,31
led-0,294300,72,52,31
led-0,294400,72,52,29
led-0,294500,72,52,28
led-0,294600,72,52,29
led-0,294700,72,52,29
led-0,294800,71,52,29
led-0,294900,71,52,29
led-0,295000,72,53,29
led-0,295100,73,53,30
led-0,295200,72,52,29
led-0,295300,73,53,30
led-0,295400,73,53,30
led-0,295500,74,52,31
led-0,295600,131,137,114
led-0,295700,131,136,115
led-0,295800,136,170,57
led-0,295900,129,164,61
led-0,296000,129,141,105
led-0,296100,128,143,101
led-0,296200,127,144,97
led-0,296300,124,148,85
led-0,296400,125,147,90
led-0,296500,126,146,90
led-0,296600,126,146,90
led-0,296700,125,146,90
led-0,296800,126,147,90
led-0,296900,126,146,91
led-0,297000,126,147,89
led-0,297100,126,147,90
led-0,297200,121,81,45
led-0,297300,121,81,45
led-0,297400,121,81,45
led-0,297500,122,82,45
led-0,297600,122,81,45
led-0,297700,121,80,44
led-0,297800,121,80,44
led-0,297900,120,80,44
led-0,298000,121,80,45
led-0,298100,120,79,44
led-0,298200,120,80,44
led-0,298300,120,83,48
led-0,298400,130,117,90
led-0,298500,158,142,107
led-0,298600,111,100,76
led-0,298700,72,64,49
led-0,298800,42,37,31
led-0,298900,31,27,23
led-0,299000,20,16,14
led-0,299100,12,11,9
led-0,299200,6,6,5
led-0,299300,0,0,0
led-0,299400,0,0,0
led-0,299500,0,0,0
led-0,299600,0,0,0
led-0,299700,0,0,0
led-0,299800,0,0,0
led-0,299900,0,0,0
led-0,300000,0,0,0
led-0,300100,0,0,0
led-0,300200,0,0,0
led-0,300300,6,6,6
led-0,300400,13,15,15
led-0,300500,26,34,27
led-0,300600,37,49,39
led-0,300700,51,66,51
led-0,300800,73,96,76
led-0,300900,89,120,93
led-0,301000,114,158,119
led-0,301100,114,158,121
led-0,301200,114,159,120
led-0,301300,115,160,121
led-0,301400,115,160,121
led-0,301500,114,159,121
led-0,301600,114,159,120
led-0,301700,114,160,121
led-0,301800,114,160,121
led-0,301900,114,159,120
led-0,302000,114,160,121
led-0,302100,114,160,119
led-0,302200,114,160,118
led-0,302300,114,160,119
led-0,302400,114,160,118
led-0,302500,114,160,121
led-0,302600,114,160,121
led-0,302700,114,160,121
led-0,302800,114,159,122
led-0,302900,114,159,122
led-0,303000,114,160,122
led-0,303100,114,160,120
led-0,303200,114,160,120
led-0,303300,114,160,120
led-0,303400,114,161,121
led-0,303500,114,161,120
led-0,303600,115,161,120
led-0,303700,115,161,120
led-0,303800,115,161,121
led-0,303900,115,162,119
led-0,304000,115,162,119
led-0,304100,116,162,120
led-0,304200,115,161,121
led-0,304300,116,162,121
led-0,304400,116,162,121
led-0,304500,116,162,121
led-0,304600,116,162,121
led-0,304700,116,162,122
led-0,304800,116,162,121
led-0,304900,116,163,121
led-0,305000,116,162,121
led-0,305100,116,162,120
led-0,305200,116,162,121
led-0,305300,131,115,103
led-0,305400,131,115,103
led-0,305500,131,115,103
led-0,305600,131,115,103
led-0,305700,131,115,103
led-0,305800,131,115,103
led-0,305900,131,115,103
led-0,306000,131,115,103
led-0,306100,131,115,103
led-0,306200,131,115,103
led-0,306300,131,115,103
led-0,306400,131,115,103
led-0,306500,131,115,103
led-0,306600,131,115,103
led-0,306700,131,115,103
led-0,306800,131,115,103
led-0,306900,131,115,103
led-0,307000,131,115,103
led-0,307100,131,115,103
led-0,307200,131,115,103
led-0,307300,131,115,103
led-0,307400,131,115,103
led-0,307500,131,115,103
led-0,307600,131,115,103
led-0,307700,131,115,103
led-0,307800,131,115,103
led-0,307900,131,115,103
led-0,308000,131,115,103
led-0,308100,131,115,103
led-0,308200,131,115,103
led-0,308300,141,107,89
led-0,308400,117,101,94
led-0,308500,115,99,91
led-0,308600,109,96,87
led-0,308700,107,94,84
led-0,308800,110,96,87
led-0,308900,114,98,90
led-0,309000,116,99,91
led-0,309100,117,100,92
led-0,309200,117,102,93
led-0,309300,118,103,93
led-0,309400,119,103,94
led-0,309500,119,104,95
led-0,309600,119,104,96
led-0,309700,118,105,96
led-0,309800,119,105,97
led-0,309900,119,106,97
led-0,310000,120,106,98
led-0,310100,119,106,98
led-0,310200,119,106,97
led-0,310300,119,106,97
led-0,310400,118,106,97
led-0,310500,119,106,97
led-0,310600,118,106,97
led-0,310700,117,106,96
led-0,310800,117,106,96
led-0,310900,117,106,96
led-0,311000,118,106,96
led-0,311100,118,106,96
led-0,311200,118,106,97
led-0,311300,118,106,96
led-0,311400,118,105,96
led-0,311500,117,104,95
led-0,311600,118,103,95
led-0,311700,118,103,95
led-0,311800,117,102,93
led-0,311900,117,101,93
led-0,312000,115,100,92
led-0,312100,115,100,92
led-0,312200,114,99,91
led-0,312300,114,97,89
led-0,312400,114,96,88
led-0,312500,145,72,72
led-0,312600,184,99,99
led-0,312700,188,105,108
led-0,312800,133,73,84
led-0,312900,188,151,164
led-0,313000,208,171,176
led-0,313100,233,157,150
led-0,313200,244,169,146
led-0,313300,132,123,116
led-0,313400,179,153,133
led-0,313500,205,169,147
led-0,313600,186,136,129
led-0,313700,95,102,98
led-0,313800,89,100,95
led-0,313900,89,100,95
led-0,314000,88,100,95
led-0,314100,88,100,95
led-0,314200,88,100,95
led-0,314300,87,99,95
led-0,314400,87,99,95
led-0,314500,159,183,160
led-0,314600,161,184,159
led-0,314700,159,181,157
led-0,314800,153,175,150
led-0,314900,150,171,146
led-0,315000,145,164,139
led-0,315100,136,154,130
led-0,315200,121,138,117
led-0,315300,106,119,100
led-0,315400,91,100,85
led-0,315500,74,84,76
led-0,315600,103,119,110
led-0,315700,119,142,129
led-0,315800,124,151,138
led-0,315900,124,151,137
led-0,316000,135,161,143
led-0,316100,149,173,152
led-0,316200,159,180,157
led-0,316300,162,181,156
led-0,316400,157,177,152
led-0,316500,144,163,141
led-0,316600,136,155,135
led-0,316700,128,147,129
led-0,316800,123,143,126
led-0,316900,123,144,127
led-0,317000,127,148,130
led-0,317100,130,150,132
led-0,317200,131,152,133
led-0,317300,91,149,94
led-0,317400,91,148,95
led-0,317500,91,147,95
led-0,317600,90,145,93
led-0,317700,89,144,93
led-0,317800,88,144,92
led-0,317900,88,142,92
led-0,318000,86,142,91
led-0,318100,86,142,90
led-0,318200,86,141,90
led-0,318300,86,141,90
led-0,318400,85,141,89
led-0,318500,86,141,89
led-0,318600,86,142,89
led-0,318700,86,143,89
led-0,318800,87,144,90
led-0,318900,88,146,92
led-0,319000,90,147,96
led-0,319100,91,148,95
led-0,319200,91,149,95
led-0,319300,116,117,94
led-0,319400,116,117,93
led-0,319500,115,115,92
led-0,319600,114,114,92
led-0,319700,112,113,91
led-0,319800,111,111,90
led-0,319900,109,108,89
led-0,320000,105,106,86
led-0,320100,100,100,82
led-0,320200,92,91,77
led-0,320300,78,79,66
led-0,320400,94,95,77
led-0,320500,226,215,192
led-0,320600,215,206,186
led-0,320700,97,97,81
led-0,320800,67,66,53
led-0,320900,54,52,43
led-0,321000,46,44,39
led-0,321100,45,44,39
led-0,321200,42,43,39
led-0,321300,79,83,71
led-0,321400,108,117,97
led-0,321500,145,156,126
led-0,321600,63,66,54
led-0,321700,95,94,77
led-0,321800,68,64,55
led-0,321900,87,95,80
led-0,322000,64,69,58
led-0,322100,57,63,53
led-0,322200,61,79,71
led-0,322300,61,78,72
led-0,322400,61,79,72
led-0,322500,61,79,72
led-0,322600,61,79,72
led-0,322700,61,79,72
led-0,322800,61,79,72
led-0,322900,61,79,72
led-0,323000,60,80,70
led-0,323100,61,79,70
led-0,323200,61,79,70
led-0,323300,60,79,71
led-0,323400,60,79,71
led-0,323500,60,79,71
led-0,323600,60,79,71
led-0,323700,60,79,71
led-0,323800,48,65,63
led-0,323900,48,65,63
led-0,324000,48,65,63
led-0,324100,48,65,63
led-0,324200,59,71,70
led-0,324300,226,222,222
led-0,324400,63,76,75
led-0,324500,53,68,68
led-0,324600,52,68,67
led-0,324700,52,67,66
led-0,324800,52,68,66
led-0,324900,52,67,67
led-0,325000,50,65,64
led-0,325100,50,65,64
led-0,325200,50,65,64
led-0,325300,50,65,64
led-0,325400,50,65,64
led-0,325500,50,65,64
led-0,325600,50,65,64
led-0,325700,50,65,64
led-0,325800,50,65,64
led-0,325900,50,65,64
led-0,326000,50,65,63
led-0,326100,50,65,63
led-0,326200,50,65,63
led-0,326300,49,65,63
led-0,326400,49,65,63
led-0,326500,49,65,63
led-0,326600,49,65,63
led-0,326700,49,65,63
led-0,326800,49,65,63
led-0,326900,61,73,70
led-0,327000,154,151,147
led-0,327100,145,150,151
led-0,327200,101,110,112
led-0,327300,77,88,89
led-0,327400,76,85,88
led-0,327500,61,74,75
led-0,327600,52,70,64
led-0,327700,72,97,67
led-0,327800,64,87,71
led-0,327900,85,165,74
led-0,328000,88,164,140
led-0,328100,68,132,65
led-0,328200,89,146,94
led-0,328300,120,206,235
led-0,328400,130,203,210
led-0,328500,134,235,249
led-0,328600,134,242,254
led-0,328700,132,247,255
led-0,328800,130,248,255
led-0,328900,130,248,255
led-0,329000,130,248,255
led-0,329100,130,248,255
led-0,329200,130,248,255
led-0,329300,130,248,255
led-0,329400,131,248,255
led-0,329500,131,248,255
led-0,329600,130,248,255
led-0,329700,131,248,255
led-0,329800,131,248,255
led-0,329900,131,248,255
led-0,330000,131,248,255
led-0,330100,131,248,255
led-0,330200,131,248,255
led-0,330300,131,248,255
led-0,330400,131,248,255
led-0,330500,131,248,255
led-0,330600,130,248,255
led-0,330700,130,248,255
led-0,330800,130,248,255
led-0,330900,130,248,255
led-0,331000,130,248,255
led-0,331100,130,248,255
led-0,331200,130,248,255
led-0,331300,131,247,255
led-0,331400,131,247,255
led-0,331500,131,247,255
led-0,331600,131,247,255
led-0,331700,131,248,255
led-0,331800,131,248,255
led-0,331900,131,248,255
led-0,332000,130,248,255
led-0,332100,130,248,255
led-0,332200,130,248,255
led-0,332300,130,248,255
led-0,332400,130,248,255
led-0,332500,130,248,255
led-0,332600,130,248,255
led-0,332700,130,248,255
led-0,332800,130,248,255
led-0,332900,130,248,255
led-0,333000,130,248,255
led-0,333100,130,248,255
led-0,333200,130,248,255
led-0,333300,130,248,255
led-0,333400,130,248,255
led-0,333500,130,248,255
led-0,333600,130,248,255
led-0,333700,130,248,255
led-0,333800,130,248,255
led-0,333900,130,248,255
led-0,334000,130,248,255
led-0,334100,130,248,255
led-0,334200,131,248,255
led-0,334300,131,248,255
led-0,334400,115,108,96
led-0,334500,114,108,96
led-0,334600,113,108,97
led-0,334700,112,108,96
led-0,334800,112,107,95
led-0,334900,111,107,95
led-0,335000,110,106,96
led-0,335100,110,106,96
led-0,335200,110,105,95
led-0,335300,109,105,95
led-0,335400,109,105,95
led-0,335500,107,104,94
led-0,335600,107,104,94
led-0,335700,106,103,93
led-0,335800,106,103,93
led-0,335900,104,104,93
led-0,336000,102,102,92
led-0,336100,102,102,92
led-0,336200,102,102,92
led-0,336300,102,101,90
led-0,336400,101,101,91
led-0,336500,101,100,91
led-0,336600,94,96,87
led-0,336700,70,81,74
led-0,336800,50,64,60
led-0,336900,136,229,254
led-0,337000,45,41,23
led-0,337100,12,11,6
led-0,337200,138,229,254
led-0,337300,138,229,254
led-0,337400,138,229,254
led-0,337500,138,229,254
led-0,337600,138,229,254
led-0,337700,138,229,254
led-0,337800,138,229,254
led-0,337900,137,229,254
led-0,338000,137,229,253
led-0,338100,137,229,253
led-0,338200,136,229,253
led-0,338300,136,229,253
led-0,338400,137,228,253
led-0,338500,136,228,253
led-0,338600,136,228,253
led-0,338700,136,228,253
led-0,338800,136,229,253
led-0,338900,136,229,253
led-0,339000,136,229,253
led-0,339100,136,229,253
led-0,339200,136,229,253
led-0,339300,136,229,253
led-0,339400,136,229,253
led-0,339500,137,229,253
led-0,339600,137,229,253
led-0,339700,137,229,253
led-0,339800,44,63,28
led-0,339900,44,63,28
led-0,340000,44,63,29
led-0,340100,44,63,28
led-0,340200,44,63,28
led-0,340300,44,63,28
led-0,340400,44,63,28
led-0,340500,44,63,28
led-0,340600,44,63,29
led-0,340700,45,63,29
led-0,340800,45,63,29
led-0,340900,45,63,29
led-0,341000,45,63,29
led-0,341100,45,63,29
led-0,341200,45,63,29
led-0,341300,45,63,30
led-0,341400,45,63,30
led-0,341500,45,63,30
led-0,341600,45,63,30
led-0,341700,45,63,30
led-0,341800,45,63,30
led-0,341900,45,63,30
led-0,342000,45,63,30
led-0,342100,44,63,29
led-0,342200,44,63,29
led-0,342300,44,63,29
led-0,342400,44,63,29
led-0,342500,44,63,28
led-0,342600,44,63,29
led-0,342700,44,63,29
led-0,342800,45,63,30
led-0,342900,46,63,31
led-0,343000,46,64,31
led-0,343100,46,64,31
led-0,343200,46,64,32
led-0,343300,46,63,32
led-0,343400,46,60,31
led-0,343500,47,58,30
led-0,343600,47,56,29
led-0,343700,46,56,29
led-0,343800,48,59,29
led-0,343900,49,63,30
led-0,344000,55,75,33
led-0,344100,62,84,34
led-0,344200,68,92,36
led-0,344300,72,97,38
led-0,344400,72,97,38
led-0,344500,70,96,37
led-0,344600,72,97,38
led-0,344700,73,98,39
led-0,344800,75,100,40
led-0,344900,76,100,40
led-0,345000,75,96,38
led-0,345100,72,93,38
led-0,345200,69,92,35
led-0,345300,71,96,36
led-0,345400,71,97,37
led-0,345500,70,94,37
led-0,345600,69,95,37
led-0,345700,70,98,40
led-0,345800,77,105,42
led-0,345900,81,107,41
led-0,346000,83,108,40
led-0,346100,85,113,42
led-0,346200,86,118,41
led-0,346300,82,114,41
led-0,346400,78,106,42
led-0,346500,75,99,38
led-0,346600,73,98,38
led-0,346700,75,100,39
led-0,346800,72,95,40
led-0,346900,71,93,38
led-0,347000,71,95,40
led-0,347100,74,97,43
led-0,347200,76,99,46
led-0,347300,81,103,56
led-0,347400,88,108,66
led-0,347500,99,121,84
led-0,347600,108,131,93
led-0,347700,116,140,101
led-0,347800,126,148,114
led-0,347900,131,154,120
led-0,348000,137,160,126
led-0,348100,142,165,130
led-0,348200,144,166,132
led-0,348300,143,166,132
led-0,348400,140,163,130
led-0,348500,132,155,126
led-0,348600,126,149,123
led-0,348700,122,145,121
led-0,348800,121,144,120
led-0,348900,121,145,121
led-0,349000,120,143,120
led-0,349100,76,94,60
led-0,349200,49,66,39
led-0,349300,122,142,117
led-0,349400,118,137,114
led-0,349500,112,128,108
led-0,349600,107,121,103
led-0,349700,98,111,95
led-0,349800,89,100,88
led-0,349900,88,98,87
led-0,350000,80,90,80
led-0,350100,77,86,78
led-0,350200,75,83,77
led-0,350300,82,91,74
led-0,350400,226,242,64
led-0,350500,70,83,64
led-0,350600,69,86,61
led-0,350700,68,88,58
led-0,350800,66,87,51
led-0,350900,68,98,49
led-0,351000,70,99,42
led-0,351100,72,99,40
led-0,351200,74,99,38
led-0,351300,78,103,38
led-0,351400,82,108,41
led-0,351500,84,113,42
led-0,351600,81,109,41
led-0,351700,80,107,41
led-0,351800,78,107,39
led-0,351900,79,107,39
led-0,352000,78,107,39
led-0,352100,78,107,39
led-0,352200,78,107,39
led-0,352300,78,106,38
led-0,352400,78,106,38
led-0,352500,79,106,39
led-0,352600,79,106,39
led-0,352700,79,106,39
led-0,352800,79,106,39
led-0,352900,79,106,39
led-0,353000,58,60,48
led-0,353100,37,45,28
led-0,353200,36,37,33
led-0,353300,80,107,43
led-0,353400,89,111,51
led-0,353500,80,105,42
led-0,353600,79,105,42
led-0,353700,79,105,41
led-0,353800,79,105,41
led-0,353900,79,105,40
led-0,354000,79,105,40
led-0,354100,79,106,40
led-0,354200,79,106,40
led-0,354300,80,105,40
led-0,354400,79,105,40
led-0,354500,80,105,39
led-0,354600,80,105,39
led-0,354700,79,105,39
led-0,354800,79,105,40
led-0,354900,79,105,40
led-0,355000,78,103,40
led-0,355100,66,94,34
led-0,355200,84,114,42
led-0,355300,135,165,51
led-0,355400,110,140,47
led-0,355500,78,107,42
led-0,355600,50,54,34
led-0,355700,82,102,45
led-0,355800,82,102,43
led-0,355900,83,102,43
led-0,356000,83,101,43
led-0,356100,83,101,43
led-0,356200,83,101,43
led-0,356300,83,101,42
led-0,356400,82,101,42
led-0,356500,82,101,42
led-0,356600,82,101,42
led-0,356700,82,101,42
led-0,356800,85,104,44
led-0,356900,85,105,45
led-0,357000,84,101,43
led-0,357100,78,95,43
led-0,357200,74,93,40
led-0,357300,60,83,36
led-0,357400,58,80,37
led-0,357500,85,116,49
led-0,357600,116,157,63
led-0,357700,66,95,40
led-0,357800,70,97,43
led-0,357900,60,81,35
led-0,358000,57,80,36
led-0,358100,79,112,44
led-0,358200,71,101,43
led-0,358300,73,102,43
led-0,358400,74,108,43
led-0,358500,51,65,33
led-0,358600,67,87,39
led-0,358700,44,46,31
led-0,358800,46,46,32
led-0,358900,53,58,37
led-0,359000,202,204,158
led-0,359100,255,240,184
led-0,359200,239,220,174
led-0,359300,240,222,180
led-0,359400,245,232,191
led-0,359500,175,179,143
led-0,359600,103,131,100
led-0,359700,98,126,96
led-0,359800,136,150,119
led-0,359900,93,122,96
led-0,360000,117,140,114
led-0,360100,82,112,93
led-0,360200,80,106,87
led-0,360300,120,139,112
led-0,360400,162,171,141
led-0,360500,100,127,102
led-0,360600,74,104,82
led-0,360700,70,98,79
led-0,360800,173,170,141
led-0,360900,205,198,169
led-0,361000,162,186,197
led-0,361100,133,153,166
led-0,361200,133,153,166
led-0,361300,133,154,167
led-0,361400,134,154,167
led-0,361500,134,154,167
led-0,361600,134,154,167
led-0,361700,134,154,167
led-0,361800,134,154,167
led-0,361900,134,154,167
led-0,362000,134,154,167
led-0,362100,134,155,168
led-0,362200,135,155,168
led-0,362300,136,155,169
led-0,362400,136,155,169
led-0,362500,135,157,170
led-0,362600,135,157,170
led-0,362700,135,157,170
led-0,362800,136,157,171
led-0,362900,135,156,169
led-0,363000,243,235,222
led-0,363100,241,234,216
led-0,363200,238,232,213
led-0,363300,237,231,213
led-0,363400,237,231,212
led-0,363500,238,231,212
led-0,363600,238,231,212
led-0,363700,238,231,213
led-0,363800,238,231,213
led-0,363900,238,231,213
led-0,364000,238,231,213
led-0,364100,238,231,215
led-0,364200,238,230,215
led-0,364300,238,231,215
led-0,364400,237,230,214
led-0,364500,235,227,213
led-0,364600,233,226,211
led-0,364700,232,225,210
led-0,364800,229,222,209
led-0,364900,226,220,207
led-0,365000,221,218,205
led-0,365100,217,214,203
led-0,365200,208,208,196
led-0,365300,191,193,184
led-0,365400,168,176,169
led-0,365500,130,140,137
led-0,365600,99,108,105
led-0,365700,73,80,76
led-0,365800,55,56,53
led-0,365900,55,55,50
led-0,366000,55,55,46
led-0,366100,56,56,45
led-0,366200,58,58,45
led-0,366300,60,60,44
led-0,366400,62,62,44
led-0,366500,69,69,49
led-0,366600,74,73,51
led-0,366700,78,76,51
led-0,366800,81,79,54
led-0,366900,83,81,56
led-0,367000,85,82,57
led-0,367100,85,84,60
led-0,367200,81,81,58
led-0,367300,77,78,58
led-0,367400,74,77,56
led-0,367500,73,76,60
led-0,367600,69,72,60
led-0,367700,67,69,59
led-0,367800,63,64,58
led-0,367900,61,62,59
led-0,368000,59,60,58
led-0,368100,57,59,57
led-0,368200,57,58,57
led-0,368300,56,58,56
led-0,368400,58,59,58
led-0,368500,58,63,60
led-0,368600,59,64,61
led-0,368700,61,66,63
led-0,368800,63,69,63
led-0,368900,65,71,64
led-0,369000,67,73,67
led-0,369100,68,74,67
led-0,369200,68,74,68
led-0,369300,69,76,69
led-0,369400,68,77,69
led-0,369500,69,78,69
led-0,369600,69,78,69
led-0,369700,69,78,69
led-0,369800,68,79,70
led-0,369900,68,79,70
led-0,370000,68,79,70
led-0,370100,68,79,69
led-0,370200,69,79,70
led-0,370300,69,79,70
led-0,370400,69,79,70
led-0,370500,69,79,70
led-0,370600,69,78,70
led-0,370700,70,78,70
led-0,370800,71,78,70
led-0,370900,71,78,70
led-0,371000,71,78,69
led-0,371100,71,78,70
led-0,371200,93,90,68
led-0,371300,76,144,117
led-0,371400,76,143,117
led-0,371500,76,143,117
led-0,371600,76,143,118
led-0,371700,76,143,117
led-0,371800,76,143,117
led-0,371900,76,143,116
led-0,372000,76,143,119
led-0,372100,76,143,118
led-0,372200,76,143,118
led-0,372300,76,143,119
led-0,372400,76,143,119
led-0,372500,76,143,119
led-0,372600,76,143,119
led-0,372700,76,142,118
led-0,372800,220,237,251
led-0,372900,220,237,251
led-0,373000,220,236,251
led-0,373100,220,236,251
led-0,373200,219,237,251
led-0,373300,219,237,251
led-0,373400,219,237,251
led-0,373500,219,237,251
led-0,373600,219,237,251
led-0,373700,219,237,251
led-0,373800,219,237,251
led-0,373900,219,237,251
led-0,374000,219,237,251
led-0,374100,219,237,251
led-0,374200,219,237,251
led-0,374300,219,237,251
led-0,374400,219,236,251
led-0,374500,219,236,251
led-0,374600,219,236,251
led-0,374700,219,236,251
led-0,374800,219,236,251
led-0,374900,219,237,251
led-0,375000,219,237,251
led-0,375100,219,237,251
led-0,375200,219,237,251
led-0,375300,219,237,251
led-0,375400,76,143,119
led-0,375500,75,143,118
led-0,375600,75,143,118
led-0,375700,76,143,118
led-0,375800,76,143,118
led-0,375900,76,143,118
led-0,376000,76,143,118
led-0,376100,76,143,118
led-0,376200,76,143,118
led-0,376300,76,143,118
led-0,376400,76,143,119
led-0,376500,76,143,119
led-0,376600,76,143,119
led-0,376700,76,143,119
led-0,376800,76,143,119
led-0,376900,76,143,118
led-0,377000,76,143,118
led-0,377100,76,143,118
led-0,377200,76,143,118
led-0,377300,76,143,118
led-0,377400,76,143,118
led-0,377500,76,143,118
led-0,377600,76,143,118
led-0,377700,76,143,118
led-0,377800,77,143,118
led-0,377900,77,143,118
led-0,378000,77,142,118
led-0,378100,77,142,119
led-0,378200,77,142,119
led-0,378300,77,142,119
led-0,378400,108,151,93
led-0,378500,105,149,91
led-0,378600,105,148,90
led-0,378700,105,149,90
led-0,378800,105,149,91
led-0,378900,105,149,91
led-0,379000,105,149,91
led-0,379100,105,149,91
led-0,379200,106,149,92
led-0,379300,106,149,93
led-0,379400,106,149,91
led-0,379500,105,149,90
led-0,379600,105,149,90
led-0,379700,105,149,90
led-0,379800,105,149,91
led-0,379900,105,149,90
led-0,380000,104,148,91
led-0,380100,104,148,91
led-0,380200,104,148,91
led-0,380300,105,148,91
led-0,380400,104,148,91
led-0,380500,102,148,89
led-0,380600,102,146,89
led-0,380700,101,145,88
led-0,380800,99,144,86
led-0,380900,99,143,86
led-0,381000,97,141,83
led-0,381100,95,141,82
led-0,381200,168,152,137
led-0,381300,168,152,137
led-0,381400,168,152,137
led-0,381500,168,152,137
led-0,381600,168,152,137
led-0,381700,167,150,136
led-0,381800,155,140,128
led-0,381900,142,127,116
led-0,382000,161,130,105
led-0,382100,163,132,102
led-0,382200,163,131,103
led-0,382300,164,132,102
led-0,382400,164,132,103
led-0,382500,164,132,103
led-0,382600,165,132,104
led-0,382700,165,132,104
led-0,382800,166,132,104
led-0,382900,165,132,103
led-0,383000,164,132,103
led-0,383100,164,132,103
led-0,383200,163,132,103
led-0,383300,163,131,103
led-0,383400,163,131,103
led-0,383500,162,131,103
led-0,383600,162,131,103
led-0,383700,162,131,103
led-0,383800,162,131,103
led-0,383900,162,131,103
led-0,384000,163,131,103
led-0,384100,163,131,103
led-0,384200,163,131,103
led-0,384300,164,131,104
led-0,384400,165,132,105
led-0,384500,167,133,106
led-0,384600,169,135,107
led-0,384700,169,135,107
led-0,384800,172,138,108
led-0,384900,172,138,107
led-0,385000,174,140,107
led-0,385100,174,140,107
led-0,385200,175,140,106
led-0,385300,174,141,107
led-0,385400,174,141,107
led-0,385500,189,152,104
led-0,385600,166,121,89
led-0,385700,131,105,95
led-0,385800,169,153,136
led-0,385900,168,153,136
led-0,386000,168,152,137
led-0,386100,168,152,137
led-0,386200,168,152,138
led-0,386300,168,152,137
led-0,386400,168,152,137
led-0,386500,168,152,138
led-0,386600,168,152,138
led-0,386700,168,152,137
led-0,386800,168,152,137
led-0,386900,168,152,137
led-0,387000,168,152,137
led-0,387100,168,152,137
led-0,387200,168,152,137
led-0,387300,168,152,137
led-0,387400,168,152,137
led-0,387500,168,152,137
led-0,387600,169,152,138
led-0,387700,168,152,138
led-0,387800,168,152,137
led-0,387900,168,152,137
led-0,388000,168,152,137
led-0,388100,168,152,137
led-0,388200,168,152,137
led-0,388300,169,152,137
led-0,388400,169,152,137
led-0,388500,168,153,137
led-0,388600,169,152,137
led-0,388700,169,152,137
led-0,388800,169,152,137
led-0,388900,169,152,137
led-0,389000,169,152,137
led-0,389100,169,152,137
led-0,389200,169,152,137
led-0,389300,168,152,137
led-0,389400,168,152,137
led-0,389500,168,152,138
led-0,389600,168,152,138
led-0,389700,168,152,138
led-0,389800,168,152,138
led-0,389900,168,152,138
led-0,390000,168,152,138
led-0,390100,168,152,138
led-0,390200,168,152,138
led-0,390300,168,153,138
led-0,390400,168,153,138
led-0,390500,168,153,138
led-0,390600,168,153,138
led-0,390700,168,153,138
led-0,390800,184,239,255
led-0,390900,184,239,255
led-0,391000,184,237,255
led-0,391100,184,239,255
led-0,391200,184,239,255
led-0,391300,184,239,255
led-0,391400,184,239,255
led-0,391500,184,239,255
led-0,391600,184,239,255
led-0,391700,184,239,255
led-0,391800,184,239,255
led-0,391900,184,239,255
led-0,392000,184,239,255
led-0,392100,184,239,255
led-0,392200,184,239,255
led-0,392300,184,239,255
led-0,392400,184,239,255
led-0,392500,35,68,57
led-0,392600,35,68,57
led-0,392700,35,68,57
led-0,392800,35,68,57
led-0,392900,35,68,57
led-0,393000,35,68,57
led-0,393100,35,68,56
led-0,393200,35,68,57
led-0,393300,35,68,57
led-0,393400,34,68,57
led-0,393500,35,68,58
led-0,393600,35,68,58
led-0,393700,35,68,58
led-0,393800,35,68,58
led-0,393900,35,68,58
led-0,394000,35,68,58
led-0,394100,35,68,58
led-0,394200,35,68,58
led-0,394300,35,68,58
led-0,394400,35,68,57
led-0,394500,114,100,102
led-0,394600,115,100,102
led-0,394700,115,99,101
led-0,394800,114,99,100
led-0,394900,114,99,100
led-0,395000,113,98,100
led-0,395100,113,97,101
led-0,395200,114,98,101
led-0,395300,116,100,103
led-0,395400,118,101,104
led-0,395500,118,101,105
led-0,395600,119,102,105
led-0,395700,120,103,105
led-0,395800,121,103,106
led-0,395900,121,104,106
led-0,396000,121,105,106
led-0,396100,121,105,106
led-0,396200,193,240,255
led-0,396300,193,240,255
led-0,396400,193,240,255
led-0,396500,193,240,255
led-0,396600,193,240,255
led-0,396700,193,240,255
led-0,396800,193,240,255
led-0,396900,193,241,255
led-0,397000,193,241,255
led-0,397100,193,241,255
led-0,397200,193,241,255
led-0,397300,193,241,255
led-0,397400,193,241,255
led-0,397500,194,241,255
led-0,397600,194,241,255
led-0,397700,194,241,255
led-0,397800,194,241,255
led-0,397900,194,241,255
led-0,398000,193,240,255
led-0,398100,193,240,255
led-0,398200,193,240,255
led-0,398300,193,240,255
led-0,398400,193,240,255
led-0,398500,193,240,255
led-0,398600,193,240,255
led-0,398700,193,240,255
led-0,398800,193,240,255
led-0,398900,193,240,255
led-0,399000,65,93,91
led-0,399100,66,93,91
led-0,399200,65,92,91
led-0,399300,65,93,92
led-0,399400,171,232,255
led-0,399500,171,232,255
led-0,399600,171,232,255
led-0,399700,171,232,255
led-0,399800,139,232,255
led-0,399900,139,232,255
led-0,400000,139,232,255
led-0,400100,139,232,255
led-0,400200,139,232,255
led-0,400300,139,232,255
led-0,400400,139,232,255
led-0,400500,139,232,255
led-0,400600,140,232,255
led-0,400700,140,232,255
led-0,400800,140,233,255
led-0,400900,140,233,255
led-0,401000,140,233,255
led-0,401100,140,233,255
led-0,401200,140,233,255
led-0,401300,140,233,255
led-0,401400,141,232,255
led-0,401500,141,232,255
led-0,401600,141,232,255
led-0,401700,141,232,255
led-0,401800,141,232,255
led-0,401900,141,232,255
led-0,402000,141,232,255
led-0,402100,141,232,255
led-0,402200,141,232,255
led-0,402300,141,232,255
led-0,402400,141,232,255
led-0,402500,141,232,255
led-0,402600,141,232,255
led-0,402700,141,232,255
led-0,402800,141,232,255
led-0,402900,141,232,255
led-0,403000,141,232,255
led-0,403100,141,232,255
led-0,403200,141,232,255
led-0,403300,141,232,255
led-0,403400,141,232,255
led-0,403500,141,232,255
led-0,403600,141,232,255
led-0,403700,141,232,255
led-0,403800,141,232,255
led-0,403900,141,232,255
led-0,404000,142,233,255
led-0,404100,142,233,255
led-0,404200,142,233,255
led-0,404300,141,232,255
led-0,404400,126,228,255
led-0,404500,72,208,255
led-0,404600,202,240,252
led-0,404700,231,243,246
led-0,404800,220,241,245
led-0,404900,218,239,245
led-0,405000,63,90,102
led-0,405100,63,90,102
led-0,405200,61,90,102
led-0,405300,61,91,101
led-0,405400,61,91,101
led-0,405500,61,91,101
led-0,405600,61,91,101
led-0,405700,62,91,101
led-0,405800,62,90,102
led-0,405900,62,91,102
led-0,406000,63,91,103
led-0,406100,62,91,102
led-0,406200,62,91,102
led-0,406300,62,91,102
led-0,406400,62,91,102
led-0,406500,62,91,102
led-0,406600,62,91,102
led-0,406700,62,91,102
led-0,406800,61,91,102
led-0,406900,61,91,102
led-0,407000,61,91,102
led-0,407100,61,91,102
led-0,407200,61,91,102
led-0,407300,61,91,102
led-0,407400,61,91,102
led-0,407500,61,91,102
led-0,407600,61,91,102
led-0,407700,61,91,102
led-0,407800,61,91,102
led-0,407900,61,91,102
led-0,408000,61,91,102
led-0,408100,61,91,102
led-0,408200,132,221,255
led-0,408300,132,221,255
led-0,408400,132,221,255
led-0,408500,131,222,255
led-0,408600,131,222,255
led-0,408700,130,221,255
led-0,408800,129,221,255
led-0,408900,129,221,255
led-0,409000,129,220,255
led-0,409100,129,220,255
led-0,409200,129,220,255
led-0,409300,129,220,255
led-0,409400,129,220,255
led-0,409500,129,220,255
led-0,409600,129,220,255
led-0,409700,129,220,255
led-0,409800,129,220,255
led-0,409900,129,220,255
led-0,410000,129,220,255
led-0,410100,129,220,255
led-0,410200,129,220,255
led-0,410300,130,221,255
led-0,410400,130,221,255
led-0,410500,161,191,211
led-0,410600,151,221,242
led-0,410700,155,130,131
led-0,410800,154,245,255
led-0,410900,154,245,255
led-0,411000,154,245,255
led-0,411100,154,245,255
led-0,411200,154,245,255
led-0,411300,155,245,255
led-0,411400,155,245,255
led-0,411500,155,245,255
led-0,411600,155,245,255
led-0,411700,155,245,255
led-0,411800,155,245,255
led-0,411900,155,245,255
led-0,412000,155,245,255
led-0,412100,155,245,255
led-0,412200,87,62,52
led-0,412300,87,62,51
led-0,412400,86,61,51
led-0,412500,86,61,50
led-0,412600,85,61,50
led-0,412700,85,60,50
led-0,412800,84,60,51
led-0,412900,84,59,50
led-0,413000,83,59,49
led-0,413100,83,59,49
led-0,413200,82,59,49
led-0,413300,83,59,49
led-0,413400,83,58,49
led-0,413500,82,58,49
led-0,413600,82,58,48
led-0,413700,82,58,48
led-0,413800,80,58,48
led-0,413900,80,58,48
led-0,414000,80,57,48
led-0,414100,80,57,48
led-0,414200,79,57,48
led-0,414300,80,57,48
led-0,414400,80,57,49
led-0,414500,80,57,49
led-0,414600,79,57,48
led-0,414700,80,57,48
led-0,414800,79,58,48
led-0,414900,80,59,48
led-0,415000,81,59,48
led-0,415100,82,60,49
led-0,415200,82,61,49
led-0,415300,85,63,51
led-0,415400,85,64,51
led-0,415500,86,65,52
led-0,415600,86,67,52
led-0,415700,86,68,53
led-0,415800,86,71,55
led-0,415900,84,72,55
led-0,416000,79,74,54
led-0,416100,79,74,54
led-0,416200,206,244,250
led-0,416300,206,244,251
led-0,416400,207,244,251
led-0,416500,207,244,251
led-0,416600,207,244,251
led-0,416700,207,244,251
led-0,416800,207,244,251
led-0,416900,207,244,251
led-0,417000,208,243,252
led-0,417100,208,243,252
led-0,417200,208,243,252
led-0,417300,208,243,252
led-0,417400,73,93,124
led-0,417500,73,93,124
led-0,417600,73,93,124
led-0,417700,73,93,125
led-0,417800,73,93,124
led-0,417900,73,93,124
led-0,418000,73,93,124
led-0,418100,73,93,124
led-0,418200,74,93,125
led-0,418300,73,93,124
led-0,418400,73,93,124
led-0,418500,73,93,124
led-0,418600,73,93,124
led-0,418700,73,93,124
led-0,418800,73,93,124
led-0,418900,73,93,124
led-0,419000,73,93,124
led-0,419100,73,93,124
led-0,419200,73,93,124
led-0,419300,73,93,124
led-0,419400,73,93,124
led-0,419500,73,93,124
led-0,419600,73,93,124
led-0,419700,73,93,124
led-0,419800,76,94,123
led-0,419900,235,176,94
led-0,420000,213,162,72
led-0,420100,45,83,80
led-0,420200,78,125,86
led-0,420300,58,97,77
led-0,420400,212,255,128
led-0,420500,45,85,80
led-0,420600,45,85,79
led-0,420700,45,84,79
led-0,420800,151,223,216
led-0,420900,145,232,255
led-0,421000,146,234,255
led-0,421100,146,234,255
led-0,421200,159,224,177
led-0,421300,145,233,255
led-0,421400,146,234,255
led-0,421500,146,234,255
led-0,421600,146,234,255
led-0,421700,146,234,255
led-0,421800,146,234,255
led-0,421900,92,155,78
led-0,422000,106,153,86
led-0,422100,94,154,83
led-0,422200,89,148,79
led-0,422300,94,151,81
led-0,422400,117,171,93
led-0,422500,86,145,76
led-0,422600,97,149,76
led-0,422700,81,134,74
led-0,422800,174,223,79
led-0,422900,82,133,75
led-0,423000,83,132,80
led-0,423100,83,131,82
led-0,423200,81,128,83
led-0,423300,80,126,84
led-0,423400,80,126,84
led-0,423500,81,125,82
led-0,423600,79,125,81
led-0,423700,79,125,83
led-0,423800,76,124,80
led-0,423900,74,122,81
led-0,424000,70,118,79
led-0,424100,69,117,80
led-0,424200,67,113,80
led-0,424300,66,111,79
led-0,424400,79,206,255
led-0,424500,81,207,255
led-0,424600,82,207,255
led-0,424700,80,207,255
led-0,424800,81,207,255
led-0,424900,80,207,255
led-0,425000,74,204,255
led-0,425100,71,204,255
led-0,425200,71,204,255
led-0,425300,71,204,255
led-0,425400,71,204,255
led-0,425500,68,203,255
led-0,425600,68,203,255
led-0,425700,68,203,255
led-0,425800,70,204,255
led-0,425900,71,204,255
led-0,426000,75,205,255
led-0,426100,80,207,255
led-0,426200,80,207,255
led-0,426300,81,207,255
led-0,426400,82,207,255
led-0,426500,74,126,65
led-0,426600,77,141,61
led-0,426700,72,133,60
led-0,426800,63,98,70
led-0,426900,77,99,82
led-0,427000,58,93,73
led-0,427100,66,94,80
led-0,427200,69,98,88
led-0,427300,62,110,84
led-0,427400,63,123,85
led-0,427500,112,185,74
led-0,427600,110,183,71
led-0,427700,107,179,71
led-0,427800,102,173,67
led-0,427900,99,167,66
led-0,428000,97,161,64
led-0,428100,95,158,63
led-0,428200,97,156,64
led-0,428300,98,156,63
led-0,428400,101,155,65
led-0,428500,104,156,68
led-0,428600,106,155,71
led-0,428700,108,156,73
led-0,428800,110,154,78
led-0,428900,112,154,82
led-0,429000,113,156,84
led-0,429100,114,158,85
led-0,429200,114,159,85
led-0,429300,72,204,255
led-0,429400,71,204,255
led-0,429500,69,203,255
led-0,429600,69,203,255
led-0,429700,70,204,255
led-0,429800,68,204,255
led-0,429900,68,204,255
led-0,430000,69,203,255
led-0,430100,70,204,255
led-0,430200,74,204,255
led-0,430300,75,204,255
led-0,430400,75,204,255
led-0,430500,74,204,255
led-0,430600,72,204,255
led-0,430700,72,203,255
led-0,430800,86,166,89
led-0,430900,86,180,88
led-0,431000,80,150,77
led-0,431100,102,181,86
led-0,431200,104,167,84
led-0,431300,117,181,87
led-0,431400,128,181,90
led-0,431500,101,117,90
led-0,431600,96,109,89
led-0,431700,101,102,96
led-0,431800,141,128,114
led-0,431900,105,107,93
led-0,432000,75,106,76
led-0,432100,78,105,73
led-0,432200,72,102,69
led-0,432300,71,109,70
led-0,432400,82,98,80
led-0,432500,81,89,91
led-0,432600,78,92,89
led-0,432700,74,86,84
led-0,432800,74,87,83
led-0,432900,71,84,84
led-0,433000,69,80,81
led-0,433100,56,70,70
led-0,433200,48,72,57
led-0,433300,47,64,60
led-0,433400,46,66,58
led-0,433500,45,62,57
led-0,433600,55,69,68
led-0,433700,60,74,76
led-0,433800,131,212,238
led-0,433900,81,148,87
led-0,434000,145,223,255
led-0,434100,149,225,255
led-0,434200,152,225,255
led-0,434300,163,230,255
led-0,434400,158,227,255
led-0,434500,158,228,255
led-0,434600,157,227,255
led-0,434700,159,227,255
led-0,434800,162,228,255
led-0,434900,164,227,255
led-0,435000,165,228,255
led-0,435100,167,228,255
led-0,435200,167,228,255
led-0,435300,165,228,255
led-0,435400,164,228,255
led-0,435500,159,226,255
led-0,435600,46,82,81
led-0,435700,52,89,92
led-0,435800,66,111,112
led-0,435900,98,154,156
led-0,436000,51,85,83
led-0,436100,55,89,95
led-0,436200,118,216,255
led-0,436300,118,216,255
led-0,436400,121,215,254
led-0,436500,114,145,82
led-0,436600,89,156,170
led-0,436700,71,107,67
led-0,436800,171,233,136
led-0,436900,120,212,249
led-0,437000,118,216,255
led-0,437100,118,216,255
led-0,437200,124,174,130
led-0,437300,143,194,114
led-0,437400,118,163,99
led-0,437500,121,207,234
led-0,437600,118,216,255
led-0,437700,118,216,255
led-0,437800,117,208,247
led-0,437900,124,196,194
led-0,438000,132,204,197
led-0,438100,129,200,194
led-0,438200,120,206,235
led-0,438300,118,216,255
led-0,438400,119,216,255
led-0,438500,119,216,255
led-0,438600,122,215,253
led-0,438700,123,215,250
led-0,438800,120,216,255
led-0,438900,119,216,255
led-0,439000,117,216,255
led-0,439100,118,216,255
led-0,439200,118,216,255
led-0,439300,118,216,255
led-0,439400,118,216,255
led-0,439500,118,216,255
led-0,439600,118,216,255
led-0,439700,118,216,255
led-0,439800,118,216,255
led-0,439900,118,216,255
led-0,440000,118,216,255
led-0,440100,118,216,255
led-0,440200,118,216,255
led-0,440300,118,216,255
led-0,440400,118,216,255
led-0,440500,118,216,255
led-0,440600,205,234,240
led-0,440700,205,234,240
led-0,440800,205,234,240
led-0,440900,205,234,240
led-0,441000,205,234,240
led-0,441100,205,234,240
led-0,441200,205,234,240
led-0,441300,205,234,240
led-0,441400,205,234,240
led-0,441500,205,234,240
led-0,441600,205,234,240
led-0,441700,205,234,240
led-0,441800,205,234,240
led-0,441900,205,234,240
led-0,442000,205,234,240
led-0,442100,205,234,240
led-0,442200,205,115,117
led-0,442300,163,112,99
led-0,442400,130,111,108
led-0,442500,179,122,112
led-0,442600,189,160,125
led-0,442700,130,128,100
led-0,442800,150,109,103
led-0,442900,129,98,93
led-0,443000,133,106,104
led-0,443100,140,108,106
led-0,443200,153,118,115
led-0,443300,150,235,255
led-0,443400,130,230,170
led-0,443500,93,159,96
led-0,443600,60,65,61
led-0,443700,111,165,173
led-0,443800,147,233,255
led-0,443900,146,234,255
led-0,444000,145,234,255
led-0,444100,145,234,255
led-0,444200,145,234,255
led-0,444300,144,233,255
led-0,444400,144,233,255
led-0,444500,142,233,255
led-0,444600,142,233,255
led-0,444700,140,229,255
led-0,444800,71,126,77
led-0,444900,43,74,46
led-0,445000,43,64,46
led-0,445100,42,62,44
led-0,445200,42,58,44
led-0,445300,41,55,44
led-0,445400,41,58,44
led-0,445500,43,63,46
led-0,445600,45,66,48
led-0,445700,47,70,49
led-0,445800,47,74,50
led-0,445900,49,75,51
led-0,446000,48,76,51
led-0,446100,47,76,51
led-0,446200,48,76,51
led-0,446300,47,77,51
led-0,446400,47,77,51
led-0,446500,47,77,51
led-0,446600,47,77,51
led-0,446700,47,77,51
led-0,446800,47,77,51
led-0,446900,47,77,51
led-0,447000,47,77,52
led-0,447100,47,77,51
led-0,447200,47,77,51
led-0,447300,47,77,52
led-0,447400,47,77,52
led-0,447500,48,77,52
led-0,447600,47,77,52
led-0,447700,48,77,52
led-0,447800,48,77,52
led-0,447900,48,77,52
led-0,448000,48,77,52
led-0,448100,47,77,52
led-0,448200,47,77,52
led-0,448300,48,77,52
led-0,448400,47,77,52
led-0,448500,47,77,52
led-0,448600,47,77,52
led-0,448700,47,77,52
led-0,448800,47,77,52
led-0,448900,48,77,53
led-0,449000,47,76,53
led-0,449100,47,76,53
led-0,449200,47,76,53
led-0,449300,47,76,53
led-0,449400,47,77,53
led-0,449500,47,77,53
led-0,449600,48,76,53
led-0,449700,48,76,53
led-0,449800,47,77,53
led-0,449900,47,77,53
led-0,450000,47,77,53
led-0,450100,47,77,53
led-0,450200,48,77,53
led-0,450300,48,77,53
led-0,450400,48,77,53
led-0,450500,48,77,53
led-0,450600,48,77,53
led-0,450700,48,77,53
led-0,450800,48,77,53
led-0,450900,48,77,53
led-0,451000,48,77,53
led-0,451100,48,77,52
led-0,451200,48,77,52
led-0,451300,48,77,52
led-0,451400,48,77,52
led-0,451500,48,77,52
led-0,451600,48,77,52
led-0,451700,48,77,52
led-0,451800,54,86,55
led-0,451900,54,86,55
led-0,452000,54,86,55
led-0,452100,54,86,55
led-0,452200,54,86,55
led-0,452300,54,86,55
led-0,452400,54,86,55
led-0,452500,53,85,54
led-0,452600,49,81,49
led-0,452700,51,83,50
led-0,452800,78,83,83
led-0,452900,85,86,87
led-0,453000,88,92,97
led-0,453100,114,101,90
led-0,453200,151,148,133
led-0,453300,111,176,130
led-0,453400,99,159,113
led-0,453500,99,159,113
led-0,453600,99,159,113
led-0,453700,99,159,113
led-0,453800,99,159,113
led-0,453900,99,159,114
led-0,454000,99,159,113
led-0,454100,99,159,113
led-0,454200,99,159,113
led-0,454300,99,160,113
led-0,454400,99,160,113
led-0,454500,98,160,112
led-0,454600,99,160,112
led-0,454700,99,160,112
led-0,454800,99,160,113
led-0,454900,98,160,113
led-0,455000,98,160,113
led-0,455100,98,160,112
led-0,455200,98,160,113
led-0,455300,98,160,113
led-0,455400,98,160,113
led-0,455500,98,160,113
led-0,455600,98,160,113
led-0,455700,99,160,114
led-0,455800,99,160,113
led-0,455900,99,160,113
led-0,456000,99,160,113
led-0,456100,99,160,113
led-0,456200,99,160,113
led-0,456300,100,159,112
led-0,456400,100,159,112
led-0,456500,100,159,112
led-0,456600,100,159,112
led-0,456700,100,159,112
led-0,456800,101,159,113
led-0,456900,100,159,113
led-0,457000,100,159,113
led-0,457100,100,159,113
led-0,457200,100,159,113
led-0,457300,100,159,113
led-0,457400,100,159,113
led-0,457500,100,160,113
led-0,457600,100,160,113
led-0,457700,100,160,113
led-0,457800,100,160,113
led-0,457900,100,160,113
led-0,458000,100,160,113
led-0,458100,100,159,113
led-0,458200,100,159,113
led-0,458300,217,175,146
led-0,458400,215,179,151
led-0,458500,227,186,156
led-0,458600,210,182,150
led-0,458700,166,173,139
led-0,458800,90,148,114
led-0,458900,87,147,113
led-0,459000,86,147,113
led-0,459100,86,146,113
led-0,459200,86,146,113
led-0,459300,86,147,113
led-0,459400,86,147,113
led-0,459500,85,147,112
led-0,459600,85,147,112
led-0,459700,85,147,112
led-0,459800,85,147,112
led-0,459900,85,147,112
led-0,460000,85,147,113
led-0,460100,85,147,113
led-0,460200,86,146,113
led-0,460300,86,146,113
led-0,460400,85,147,113
led-0,460500,85,147,113
led-0,460600,62,99,80
led-0,460700,41,61,48
led-0,460800,14,19,17
led-0,460900,2,2,2
led-0,461000,0,0,0
led-0,461100,0,0,0
led-0,461200,0,0,0
led-0,461300,0,0,0
led-0,461400,0,0,0
led-0,461500,0,0,0
led-0,461600,0,0,0
led-0,461700,0,0,0
led-0,461800,0,0,0
led-0,461900,3,3,3
led-0,462000,10,11,8
led-0,462100,16,18,13
led-0,462200,23,27,20
led-0,462300,37,43,29
led-0,462400,47,56,37
led-0,462500,63,76,49
led-0,462600,77,91,56
led-0,462700,78,93,55
led-0,462800,78,94,52
led-0,462900,77,92,50
led-0,463000,74,90,46
led-0,463100,73,87,45
led-0,463200,72,86,44
led-0,463300,74,89,46
led-0,463400,76,91,49
led-0,463500,73,91,49
led-0,463600,71,89,49
led-0,463700,68,84,48
led-0,463800,65,81,57
led-0,463900,60,78,64
led-0,464000,66,77,71
led-0,464100,73,77,74
led-0,464200,79,72,75
led-0,464300,77,65,73
led-0,464400,74,65,73
led-0,464500,75,66,74
led-0,464600,75,67,75
led-0,464700,77,69,78
led-0,464800,79,73,84
led-0,464900,82,80,91
led-0,465000,89,88,101
led-0,465100,89,89,102
led-0,465200,88,87,100
led-0,465300,87,84,94
led-0,465400,75,75,79
led-0,465500,49,63,56
led-0,465600,41,61,52
led-0,465700,44,66,56
led-0,465800,43,63,54
led-0,465900,42,58,50
led-0,466000,54,74,63
led-0,466100,76,102,89
led-0,466200,101,136,117
led-0,466300,150,205,165
led-0,466400,172,242,191
led-0,466500,181,236,198
led-0,466600,179,236,195
led-0,466700,150,216,180
led-0,466800,99,151,103
led-0,466900,117,173,138
led-0,467000,120,180,132
led-0,467100,101,153,77
led-0,467200,79,119,60
led-0,467300,63,88,66
led-0,467400,59,79,47
led-0,467500,57,80,48
led-0,467600,53,82,51
led-0,467700,46,65,42
led-0,467800,43,57,40
led-0,467900,67,91,81
led-0,468000,111,160,167
led-0,468100,121,178,195
led-0,468200,125,182,203
led-0,468300,128,187,219
led-0,468400,128,186,220
led-0,468500,127,185,219
led-0,468600,123,177,201
led-0,468700,113,150,125
led-0,468800,108,137,80
led-0,468900,117,170,130
led-0,469000,113,179,171
led-0,469100,92,136,149
led-0,469200,74,95,110
led-0,469300,70,82,97
led-0,469400,85,111,130
led-0,469500,107,153,179
led-0,469600,111,160,191
led-0,469700,102,146,173
led-0,469800,89,119,144
led-0,469900,86,114,140
led-0,470000,90,125,152
led-0,470100,93,138,162
led-0,470200,98,149,170
led-0,470300,104,158,176
led-0,470400,105,162,176
led-0,470500,109,168,184
led-0,470600,112,174,192
led-0,470700,113,175,191
led-0,470800,115,177,185
led-0,470900,117,180,184
led-0,471000,119,182,183
led-0,471100,120,182,184
led-0,471200,120,183,186
led-0,471300,120,183,186
led-0,471400,190,228,198
led-0,471500,190,228,198
led-0,471600,190,228,198
led-0,471700,190,228,198
led-0,471800,190,228,198
led-0,471900,190,228,198
led-0,472000,190,228,198
led-0,472100,190,228,198
led-0,472200,190,228,198
led-0,472300,190,228,198
led-0,472400,190,228,198
led-0,472500,191,228,198
led-0,472600,191,228,199
led-0,472700,191,228,199
led-0,472800,191,228,199
led-0,472900,134,167,157
led-0,473000,134,167,157
led-0,473100,135,166,157
led-0,473200,136,166,157
led-0,473300,136,166,156
led-0,473400,136,166,156
led-0,473500,136,166,156
led-0,473600,136,166,156
led-0,473700,135,166,156
led-0,473800,135,166,156
led-0,473900,184,188,199
led-0,474000,225,164,229
led-0,474100,145,166,168
led-0,474200,163,163,184
led-0,474300,136,166,158
led-0,474400,136,166,158
led-0,474500,136,166,158
led-0,474600,136,166,158
led-0,474700,136,166,158
led-0,474800,136,166,158
led-0,474900,136,166,158
led-0,475000,135,166,158
led-0,475100,135,166,158
led-0,475200,135,166,158
led-0,475300,135,166,158
led-0,475400,135,166,157
led-0,475500,135,166,157
led-0,475600,135,166,157
led-0,475700,135,166,157
led-0,475800,135,166,157
led-0,475900,135,166,157
led-0,476000,135,166,157
led-0,476100,135,166,157
led-0,476200,135,166,157
led-0,476300,135,166,157
led-0,476400,135,166,157
led-0,476500,135,166,157
led-0,476600,135,166,157
led-0,476700,135,166,157
led-0,476800,135,166,157
led-0,476900,135,166,157
led-0,477000,135,166,157
led-0,477100,135,166,157
led-0,477200,135,166,156
led-0,477300,135,166,156
led-0,477400,135,166,156
led-0,477500,135,166,156
led-0,477600,136,166,157
led-0,477700,136,166,157
led-0,477800,135,165,159
led-0,477900,133,163,158
led-0,478000,129,158,160
led-0,478100,124,155,160
led-0,478200,122,155,161
led-0,478300,120,156,164
led-0,478400,118,158,164
led-0,478500,119,164,167
led-0,478600,121,166,169
led-0,478700,122,165,168
led-0,478800,124,165,168
led-0,478900,125,168,170
led-0,479000,127,173,170
led-0,479100,129,175,171
led-0,479200,130,177,172
led-0,479300,131,179,172
led-0,479400,131,181,171
led-0,479500,131,184,173
led-0,479600,131,186,173
led-0,479700,132,186,173
led-0,479800,132,186,174
led-0,479900,132,186,174
led-0,480000,131,184,171
led-0,480100,131,184,172
led-0,480200,216,96,103
led-0,480300,211,88,99
led-0,480400,217,95,103
led-0,480500,211,87,100
led-0,480600,216,93,102
led-0,480700,212,88,99
led-0,480800,215,90,102
led-0,480900,210,84,98
led-0,481000,211,89,100
led-0,481100,207,82,96
led-0,481200,206,82,95
led-0,481300,205,80,94
led-0,481400,205,80,94
led-0,481500,204,79,92
led-0,481600,203,79,93
led-0,481700,148,227,255
led-0,481800,148,227,255
led-0,481900,148,227,255
led-0,482000,148,227,255
led-0,482100,148,227,255
led-0,482200,148,227,255
led-0,482300,148,227,255
led-0,482400,148,227,255
led-0,482500,148,227,255
led-0,482600,148,227,255
led-0,482700,148,227,255
led-0,482800,148,227,255
led-0,482900,148,227,255
led-0,483000,148,227,255
led-0,483100,148,227,255
led-0,483200,148,227,255
led-0,483300,148,227,255
led-0,483400,148,227,255
led-0,483500,148,227,255
led-0,483600,148,227,255
led-0,483700,148,227,255
led-0,483800,148,227,255
led-0,483900,150,222,255
led-0,484000,150,222,255
led-0,484100,150,222,255
led-0,484200,150,222,255
led-0,484300,150,222,255
led-0,484400,150,222,255
led-0,484500,150,222,255
led-0,484600,150,222,255
led-0,484700,150,222,255
led-0,484800,150,222,255
led-0,484900,150,222,255
led-0,485000,150,222,255
led-0,485100,150,222,255
led-0,485200,150,222,255
led-0,485300,150,222,255
led-0,485400,150,222,255
led-0,485500,150,222,255
led-0,485600,150,222,255
led-0,485700,151,221,255
led-0,485800,150,222,255
led-0,485900,150,222,255
led-0,486000,150,222,255
led-0,486100,150,222,255
led-0,486200,150,222,255
led-0,486300,131,183,172
led-0,486400,131,183,172
led-0,486500,131,183,172
led-0,486600,131,183,172
led-0,486700,131,183,172
led-0,486800,131,183,172
led-0,486900,131,183,172
led-0,487000,131,183,172
led-0,487100,131,183,172
led-0,487200,131,183,172
led-0,487300,131,183,172
led-0,487400,131,183,172
led-0,487500,131,183,172
led-0,487600,131,183,171
led-0,487700,131,183,171
led-0,487800,131,183,171
led-0,487900,131,183,171
led-0,488000,130,184,172
led-0,488100,130,184,172
led-0,488200,130,184,171
led-0,488300,130,184,171
led-0,488400,130,184,171
led-0,488500,130,184,171
led-0,488600,130,184,171
led-0,488700,22,26,25
led-0,488800,0,0,0
led-0,488900,0,0,0
led-0,489000,0,0,0
led-0,489100,0,0,0
led-0,489200,0,0,0
led-0,489300,0,0,0
led-0,489400,0,0,0
led-0,489500,0,0,0
led-0,489600,0,0,0
led-0,489700,0,0,0
led-0,489800,129,183,172
led-0,489900,0,0,0
led-0,490000,0,0,0
led-0,490100,1,1,1
led-0,490200,5,4,7
led-0,490300,9,11,12
led-0,490400,11,15,18
led-0,490500,14,22,26
led-0,490600,16,26,32
led-0,490700,19,31,36
led-0,490800,24,39,45
led-0,490900,26,43,51
led-0,491000,30,49,58
led-0,491100,33,54,65
led-0,491200,34,58,70
led-0,491300,39,64,78
led-0,491400,40,67,83
led-0,491500,42,73,90
led-0,491600,44,76,94
led-0,491700,45,79,97
led-0,491800,47,84,102
led-0,491900,48,86,106
led-0,492000,50,90,111
led-0,492100,52,92,113
led-0,492200,53,93,114
led-0,492300,54,96,118
led-0,492400,54,97,118
led-0,492500,54,98,120
led-0,492600,54,98,120
led-0,492700,54,98,120
led-0,492800,54,98,120
led-0,492900,54,98,120
led-0,493000,54,98,121
led-0,493100,54,99,121
led-0,493200,54,99,121
led-0,493300,54,99,121
led-0,493400,54,99,121
led-0,493500,54,98,121
led-0,493600,54,98,120
led-0,493700,54,98,120
led-0,493800,53,98,120
led-0,493900,53,98,120
led-0,494000,53,97,119
led-0,494100,53,97,119
led-0,494200,53,97,119
led-0,494300,52,96,118
led-0,494400,51,96,118
led-0,494500,51,96,118
led-0,494600,51,96,118
led-0,494700,51,95,117
led-0,494800,51,94,117
led-0,494900,51,94,116
led-0,495000,50,93,116
led-0,495100,50,93,116
led-0,495200,50,93,115
led-0,495300,50,92,115
led-0,495400,49,91,114
led-0,495500,49,91,114
led-0,495600,48,91,114
led-0,495700,48,90,113
led-0,495800,47,89,112
led-0,495900,47,89,112
led-0,496000,46,88,111
led-0,496100,46,88,111
led-0,496200,45,87,110
led-0,496300,45,87,109
led-0,496400,45,87,109
led-0,496500,44,86,108
led-0,496600,44,86,108
led-0,496700,44,85,108
led-0,496800,44,85,107
led-0,496900,44,85,107
led-0,497000,44,84,106
led-0,497100,44,84,106
led-0,497200,44,84,106
led-0,497300,44,84,106
led-0,497400,44,83,105
led-0,497500,43,83,106
led-0,497600,43,83,104
led-0,497700,43,83,104
led-0,497800,43,82,104
led-0,497900,42,82,103
led-0,498000,42,82,102
led-0,498100,42,82,103
led-0,498200,42,82,102
led-0,498300,42,81,102
led-0,498400,42,81,102
led-0,498500,41,82,102
led-0,498600,42,81,102
led-0,498700,41,81,102
led-0,498800,41,81,101
led-0,498900,41,81,101
led-0,499000,41,81,102
led-0,499100,41,81,102
led-0,499200,41,81,102
led-0,499300,42,81,102
led-0,499400,41,81,101
led-0,499500,41,81,101
led-0,499600,41,80,101
led-0,499700,41,81,101
led-0,499800,41,80,101
led-0,499900,41,80,101
led-0,500000,41,80,101
led-0,500100,42,80,101
led-0,500200,42,80,101
led-0,500300,42,80,102
led-0,500400,42,80,101
led-0,500500,42,80,101
led-0,500600,42,80,101
led-0,500700,42,80,101
led-0,500800,43,80,102
led-0,500900,43,81,102
led-0,501000,44,82,101
led-0,501100,44,82,101
led-0,501200,45,82,102
led-0,501300,45,83,102
led-0,501400,45,83,102
led-0,501500,45,83,102
led-0,501600,45,83,103
led-0,501700,46,83,103
led-0,501800,46,83,103
led-0,501900,46,84,103
led-0,502000,48,83,103
led-0,502100,47,84,103
led-0,502200,48,84,104
led-0,502300,49,84,104
led-0,502400,49,84,104
led-0,502500,48,85,104
led-0,502600,48,85,105
led-0,502700,49,86,105
led-0,502800,51,85,105
led-0,502900,51,86,104
led-0,503000,50,86,104
led-0,503100,50,87,105
led-0,503200,50,86,105
led-0,503300,50,86,105
led-0,503400,50,86,106
led-0,503500,51,86,106
led-0,503600,51,86,106
led-0,503700,52,87,107
led-0,503800,54,87,107
led-0,503900,54,88,107
led-0,504000,53,88,106
led-0,504100,54,89,107
led-0,504200,54,90,108
led-0,504300,55,91,109
led-0,504400,56,91,109
led-0,504500,56,91,109
led-0,504600,56,91,109
led-0,504700,57,91,109
led-0,504800,58,92,110
led-0,504900,59,92,110
led-0,505000,59,92,110
led-0,505100,59,93,111
led-0,505200,59,93,111
led-0,505300,60,94,112
led-0,505400,60,93,112
led-0,505500,59,93,111
led-0,505600,60,93,111
led-0,505700,60,93,111
led-0,505800,60,93,111
led-0,505900,60,93,111
led-0,506000,60,93,110
led-0,506100,60,93,111
led-0,506200,60,93,111
led-0,506300,61,93,110
led-0,506400,61,94,111
led-0,506500,61,95,111
led-0,506600,61,95,111
led-0,506700,61,95,111
led-0,506800,61,95,111
led-0,506900,60,94,110
led-0,507000,60,93,109
led-0,507100,59,93,109
led-0,507200,59,93,109
led-0,507300,60,93,109
led-0,507400,60,94,110
led-0,507500,60,94,110
led-0,507600,60,94,111
led-0,507700,61,94,111
led-0,507800,62,94,110
led-0,507900,63,95,108
led-0,508000,65,96,105
led-0,508100,66,96,106
led-0,508200,66,97,105
led-0,508300,68,98,104
led-0,508400,71,99,105
led-0,508500,73,100,104
led-0,508600,74,101,101
led-0,508700,74,102,102
led-0,508800,77,102,103
led-0,508900,77,103,101
led-0,509000,77,103,100
led-0,509100,78,103,100
led-0,509200,78,104,100
led-0,509300,78,104,101
led-0,509400,78,104,100
led-0,509500,79,105,101
led-0,509600,80,106,101
led-0,509700,81,106,102
led-0,509800,82,106,102
led-0,509900,82,106,102
led-0,510000,82,106,100
led-0,510100,83,107,101
led-0,510200,83,107,101
led-0,510300,84,107,103
led-0,510400,84,108,101
led-0,510500,84,108,102
led-0,510600,84,108,102
led-0,510700,84,108,102
led-0,510800,85,108,103
led-0,510900,85,108,103
led-0,511000,84,108,100
led-0,511100,84,108,100
led-0,511200,84,108,100
led-0,511300,85,108,100
led-0,511400,85,108,101
led-0,511500,86,109,101
led-0,511600,87,109,102
led-0,511700,87,109,102
led-0,511800,86,109,102
led-0,511900,87,109,102
led-0,512000,86,109,101
led-0,512100,87,109,102
led-0,512200,88,110,102
led-0,512300,87,110,102
led-0,512400,87,109,102
led-0,512500,86,110,102
led-0,512600,86,110,102
led-0,512700,87,111,102
led-0,512800,86,110,102
led-0,512900,87,110,102
led-0,513000,86,109,101
led-0,513100,87,109,101
led-0,513200,87,110,102
led-0,513300,87,109,102
led-0,513400,87,109,102
led-0,513500,88,110,101
led-0,513600,88,110,101
led-0,513700,88,109,101
led-0,513800,87,109,100
led-0,513900,86,109,100
led-0,514000,86,109,100
led-0,514100,86,109,99
led-0,514200,86,109,100
led-0,514300,87,109,100
led-0,514400,86,109,99
led-0,514500,85,109,99
led-0,514600,84,109,98
led-0,514700,84,108,98
led-0,514800,83,108,97
led-0,514900,82,107,96
led-0,515000,81,105,95
led-0,515100,80,104,94
led-0,515200,79,104,93
led-0,515300,78,103,92
led-0,515400,78,103,92
led-0,515500,78,103,93
led-0,515600,78,103,92
led-0,515700,78,103,92
led-0,515800,78,103,92
led-0,515900,78,103,92
led-0,516000,77,103,91
led-0,516100,77,103,92
led-0,516200,76,103,91
led-0,516300,76,103,91
led-0,516400,76,102,91
led-0,516500,76,103,91
led-0,516600,76,103,90
led-0,516700,75,103,90
led-0,516800,75,101,87
led-0,516900,73,100,87
led-0,517000,72,100,85
led-0,517100,72,100,85
led-0,517200,72,99,85
led-0,517300,71,99,84
led-0,517400,71,99,85
led-0,517500,71,99,84
led-0,517600,71,99,84
led-0,517700,72,99,83
led-0,517800,72,99,84
led-0,517900,72,100,83
led-0,518000,72,99,84
led-0,518100,71,100,83
led-0,518200,71,100,83
led-0,518300,71,100,82
led-0,518400,72,100,81
led-0,518500,73,101,82
led-0,518600,73,101,84
led-0,518700,74,102,84
led-0,518800,74,102,83
led-0,518900,74,102,83
led-0,519000,73,102,83
led-0,519100,73,102,82
led-0,519200,72,102,80
led-0,519300,72,102,81
led-0,519400,72,102,81
led-0,519500,72,103,81
led-0,519600,72,103,81
led-0,519700,72,103,81
led-0,519800,72,103,81
led-0,519900,72,104,81
led-0,520000,73,104,82
led-0,520100,74,104,82
led-0,520200,74,104,82
led-0,520300,74,106,81
led-0,520400,75,106,82
led-0,520500,75,106,82
led-0,520600,75,106,82
led-0,520700,75,106,82
led-0,520800,74,106,81
led-0,520900,74,106,81
led-0,521000,75,106,82
led-0,521100,75,107,82
led-0,521200,75,107,82
led-0,521300,75,107,83
led-0,521400,76,107,83
led-0,521500,76,108,84
led-0,521600,77,108,84
led-0,521700,76,108,84
led-0,521800,76,108,84
led-0,521900,76,108,84
led-0,522000,76,108,85
led-0,522100,76,108,85
led-0,522200,76,108,86
led-0,522300,76,109,86
led-0,522400,76,109,86
led-0,522500,76,109,86
led-0,522600,76,109,86
led-0,522700,76,110,87
led-0,522800,77,110,87
led-0,522900,77,110,87
led-0,523000,76,110,87
led-0,523100,76,110,89
led-0,523200,76,110,89
led-0,523300,79,110,90
led-0,523400,82,107,87
led-0,523500,88,102,79
led-0,523600,93,98,74
led-0,523700,97,95,69
led-0,523800,105,89,63
led-0,523900,111,86,57
led-0,524000,112,84,54
led-0,524100,112,84,54
led-0,524200,113,84,54
led-0,524300,113,85,55
led-0,524400,113,86,55
led-0,524500,114,86,56
led-0,524600,114,87,56
led-0,524700,115,86,55
led-0,524800,116,86,55
led-0,524900,116,87,54
led-0,525000,119,89,53
led-0,525100,119,89,53
led-0,525200,120,90,51
led-0,525300,122,91,51
led-0,525400,124,92,51
led-0,525500,125,94,50
led-0,525600,127,93,50
led-0,525700,127,94,49
led-0,525800,128,94,50
led-0,525900,127,94,50
led-0,526000,128,94,49
led-0,526100,128,94,50
led-0,526200,128,94,51
led-0,526300,125,93,50
led-0,526400,123,91,52
led-0,526500,121,90,51
led-0,526600,121,89,53
led-0,526700,120,88,53
led-0,526800,117,87,54
led-0,526900,116,87,54
led-0,527000,114,87,56
led-0,527100,114,87,56
led-0,527200,113,87,58
led-0,527300,112,87,58
led-0,527400,112,87,59
led-0,527500,111,88,60
led-0,527600,111,88,61
led-0,527700,110,89,61
led-0,527800,108,89,62
led-0,527900,107,90,63
led-0,528000,105,91,64
led-0,528100,106,92,65
led-0,528200,105,93,66
led-0,528300,105,94,68
led-0,528400,104,94,68
led-0,528500,102,97,69
led-0,528600,101,97,71
led-0,528700,100,98,72
led-0,528800,100,100,75
led-0,528900,100,102,76
led-0,529000,98,104,79
led-0,529100,97,104,82
led-0,529200,95,106,84
led-0,529300,95,108,88
led-0,529400,93,110,90
led-0,529500,90,111,92
led-0,529600,88,111,94
led-0,529700,85,110,94
led-0,529800,81,107,94
led-0,529900,78,105,92
led-0,530000,72,101,89
led-0,530100,69,98,86
led-0,530200,66,94,83
led-0,530300,63,89,78
led-0,530400,60,84,74
led-0,530500,56,79,66
led-0,530600,54,75,64
led-0,530700,52,72,59
led-0,530800,51,67,55
led-0,530900,49,65,51
led-0,531000,47,62,47
led-0,531100,47,61,45
led-0,531200,45,59,43
led-0,531300,44,56,41
led-0,531400,44,55,40
led-0,531500,43,55,40
led-0,531600,42,53,38
led-0,531700,42,54,38
led-0,531800,42,52,36
led-0,531900,41,51,37
led-0,532000,40,50,35
led-0,532100,40,49,35
led-0,532200,39,49,34
led-0,532300,38,47,33
led-0,532400,38,47,34
led-0,532500,37,46,34
led-0,532600,37,46,33
led-0,532700,37,46,34
led-0,532800,36,45,33
led-0,532900,35,44,32
led-0,533000,34,43,31
led-0,533100,34,43,30
led-0,533200,33,42,30
led-0,533300,32,40,28
led-0,533400,31,39,27
led-0,533500,30,37,26
led-0,533600,29,37,25
led-0,533700,28,35,24
led-0,533800,28,34,24
led-0,533900,27,33,25
led-0,534000,27,33,24
led-0,534100,27,33,24
led-0,534200,26,32,24
led-0,534300,26,32,23
led-0,534400,26,31,23
led-0,534500,25,31,23
led-0,534600,24,30,22
led-0,534700,24,30,23
led-0,534800,23,29,22
led-0,534900,22,28,21
led-0,535000,22,28,21
led-0,535100,22,28,21
led-0,535200,21,26,20
led-0,535300,20,25,19
led-0,535400,19,25,19
led-0,535500,19,24,20
led-0,535600,18,23,19
led-0,535700,17,22,18
led-0,535800,16,21,17
led-0,535900,15,21,17
led-0,536000,15,20,16
led-0,536100,15,20,16
led-0,536200,14,19,16
led-0,536300,14,18,17
led-0,536400,14,18,17
led-0,536500,12,17,15
led-0,536600,11,16,15
led-0,536700,11,16,14
led-0,536800,14,17,16
led-0,536900,45,47,46
led-0,537000,53,56,55
led-0,537100,56,58,57
led-0,537200,49,52,51
led-0,537300,27,29,29
led-0,537400,18,22,21
led-0,537500,32,34,34
led-0,537600,34,36,35
led-0,537700,41,43,42
led-0,537800,37,39,38
led-0,537900,35,38,37
led-0,538000,39,41,40
led-0,538100,22,24,24
led-0,538200,8,10,9
led-0,538300,24,26,25
led-0,538400,30,33,32
led-0,538500,41,43,42
led-0,538600,40,42,42
led-0,538700,29,30,30
led-0,538800,4,4,4
led-0,538900,23,24,24
led-0,539000,40,42,42
led-0,539100,39,42,41
led-0,539200,36,39,38
led-0,539300,23,23,23
led-0,539400,6,4,5
led-0,539500,11,11,11
led-0,539600,13,14,14
led-0,539700,10,11,11
led-0,539800,0,0,0
led-0,539900,25,25,25
led-0,540000,46,46,46
led-0,540100,48,48,48
led-0,540200,46,46,46
led-0,540300,50,50,50
led-0,540400,48,48,48
led-0,540500,42,42,42
led-0,540600,32,32,32
led-0,540700,35,35,35
led-0,540800,30,30,30
led-0,540900,21,21,21
led-0,541000,0,0,0
led-0,541100,14,14,14
led-0,541200,28,28,28
led-0,541300,39,39,39
led-0,541400,45,45,45
led-0,541500,25,25,25
led-0,541600,3,3,3
led-0,541700,13,13,13
led-0,541800,44,44,44
led-0,541900,48,48,48
led-0,542000,47,47,47
led-0,542100,42,42,42
led-0,542200,10,10,10
led-0,542300,3,3,3
led-0,542400,2,2,2
led-0,542500,13,13,13
led-0,542600,40,40,40
led-0,542700,41,41,41
led-0,542800,3,3,3
led-0,542900,8,8,8
led-0,543000,43,43,43
led-0,543100,46,46,46
led-0,543200,39,39,39
led-0,543300,33,33,33
led-0,543400,25,25,25
led-0,543500,21,21,21
led-0,543600,18,18,18
led-0,543700,15,15,15
led-0,543800,1,1,1
led-0,543900,8,8,8
led-0,544000,47,47,47
led-0,544100,47,47,47
led-0,544200,28,28,28
led-0,544300,22,22,22
led-0,544400,39,39,39
led-0,544500,48,48,48
led-0,544600,45,45,45
led-0,544700,42,42,42
led-0,544800,11,11,11
led-0,544900,6,6,6
led-0,545000,0,0,0
led-0,545100,2,2,2
led-0,545200,20,20,20
led-0,545300,26,26,26
led-0,545400,44,44,44
led-0,545500,46,46,46
led-0,545600,46,46,46
led-0,545700,43,43,43
led-0,545800,35,35,35
led-0,545900,29,29,29
led-0,546000,5,5,5
led-0,546100,0,0,0
led-0,546200,0,0,0
led-0,546300,7,7,7
led-0,546400,37,37,37
led-0,546500,54,54,54
led-0,546600,54,54,54
led-0,546700,47,47,47
led-0,546800,26,26,26
led-0,546900,21,21,21
led-0,547000,1,1,1
led-0,547100,3,3,3
led-0,547200,15,15,15
led-0,547300,15,15,15
led-0,547400,3,3,3
led-0,547500,9,9,9
led-0,547600,25,25,25
led-0,547700,26,26,26
led-0,547800,41,41,41
led-0,547900,41,41,41
led-0,548000,40,40,40
led-0,548100,41,41,41
led-0,548200,25,25,25
led-0,548300,18,18,18
led-0,548400,41,41,41
led-0,548500,41,41,41
led-0,548600,14,14,14
led-0,548700,3,3,3
led-0,548800,19,19,19
led-0,548900,26,26,26
led-0,549000,40,40,40
led-0,549100,35,35,35
led-0,549200,51,51,51
led-0,549300,51,51,51
led-0,549400,46,46,46
led-0,549500,43,43,43
led-0,549600,50,50,50
led-0,549700,46,46,46
led-0,549800,22,22,22
led-0,549900,9,9,9
led-0,550000,3,3,3
led-0,550100,0,0,0
led-0,550200,24,24,24
led-0,550300,46,46,46
led-0,550400,48,48,48
led-0,550500,45,45,45
led-0,550600,48,48,48
led-0,550700,44,44,44
led-0,550800,23,23,23
led-0,550900,4,4,4
led-0,551000,40,40,40
led-0,551100,49,49,49
led-0,551200,44,44,44
led-0,551300,40,40,40
led-0,551400,49,49,49
led-0,551500,45,45,45
led-0,551600,45,45,45
led-0,551700,46,46,46
led-0,551800,48,48,48
led-0,551900,45,45,45
led-0,552000,27,28,27
led-0,552100,6,8,7
led-0,552200,12,15,14
led-0,552300,21,22,22
led-0,552400,32,33,32
led-0,552500,48,48,48
led-0,552600,35,35,35
led-0,552700,12,12,12
led-0,552800,33,33,33
led-0,552900,50,50,50
led-0,553000,53,53,53
led-0,553100,53,53,53
led-0,553200,51,51,51
led-0,553300,45,44,44
led-0,553400,51,50,50
led-0,553500,49,49,49
led-0,553600,55,56,55
led-0,553700,59,60,60
led-0,553800,56,57,57
led-0,553900,36,38,37
led-0,554000,43,44,42
led-0,554100,143,72,66
led-0,554200,55,53,49
led-0,554300,57,57,55
led-0,554400,55,56,54
led-0,554500,51,53,50
led-0,554600,52,54,51
led-0,554700,30,33,30
led-0,554800,21,24,21
led-0,554900,26,26,20
led-0,555000,18,23,17
led-0,555100,45,51,45
led-0,555200,50,56,50
led-0,555300,47,51,47
led-0,555400,41,44,40
led-0,555500,22,26,21
led-0,555600,19,24,18
led-0,555700,19,25,18
led-0,555800,25,31,24
led-0,555900,51,56,49
led-0,556000,100,73,69
led-0,556100,42,48,41
led-0,556200,38,44,37
led-0,556300,25,31,24
led-0,556400,24,29,23
led-0,556500,48,52,46
led-0,556600,49,52,46
led-0,556700,38,42,36
led-0,556800,36,44,36
led-0,556900,51,58,51
led-0,557000,51,56,51
led-0,557100,62,67,60
led-0,557200,67,71,64
led-0,557300,69,73,67
led-0,557400,63,66,62
led-0,557500,65,70,64
led-0,557600,63,69,62
led-0,557700,49,56,48
led-0,557800,32,40,31
led-0,557900,31,39,30
led-0,558000,33,40,30
led-0,558100,62,68,59
led-0,558200,70,76,68
led-0,558300,42,49,39
led-0,558400,35,44,32
led-0,558500,59,67,56
led-0,558600,64,71,61
led-0,558700,67,73,64
led-0,558800,67,73,64
led-0,558900,73,79,70
led-0,559000,69,75,66
led-0,559100,46,53,43
led-0,559200,39,47,36
led-0,559300,65,73,62
led-0,559400,69,75,65
led-0,559500,74,80,71
led-0,559600,74,80,71
led-0,559700,79,85,76
led-0,559800,72,78,70
led-0,559900,61,67,58
led-0,560000,51,60,48
led-0,560100,47,56,43
led-0,560200,46,55,42
led-0,560300,68,77,65
led-0,560400,83,92,82
led-0,560500,91,99,90
led-0,560600,87,95,85
led-0,560700,86,94,83
led-0,560800,82,91,79
led-0,560900,90,99,87
led-0,561000,87,95,83
led-0,561100,80,89,77
led-0,561200,64,73,61
led-0,561300,76,85,73
led-0,561400,88,97,85
led-0,561500,92,101,89
led-0,561600,89,97,85
led-0,561700,88,97,85
led-0,561800,75,83,71
led-0,561900,83,86,76
led-0,562000,92,97,86
led-0,562100,87,92,82
led-0,562200,68,72,63
led-0,562300,71,74,66
led-0,562400,88,90,83
led-0,562500,93,96,90
led-0,562600,83,86,80
led-0,562700,81,84,78
led-0,562800,98,101,95
led-0,562900,97,100,95
led-0,563000,75,78,72
led-0,563100,77,80,74
led-0,563200,95,97,92
led-0,563300,103,102,100
led-0,563400,92,90,88
led-0,563500,82,80,78
led-0,563600,75,73,71
led-0,563700,74,72,71
led-0,563800,75,73,72
led-0,563900,77,74,74
led-0,564000,87,85,84
led-0,564100,87,84,84
led-0,564200,81,78,78
led-0,564300,83,79,81
led-0,564400,106,101,102
led-0,564500,110,107,108
led-0,564600,111,107,109
led-0,564700,109,106,108
led-0,564800,90,82,86
led-0,564900,85,77,82
led-0,565000,109,102,107
led-0,565100,111,104,108
led-0,565200,97,90,95
led-0,565300,87,80,85
led-0,565400,106,99,103
led-0,565500,111,106,110
led-0,565600,95,88,93
led-0,565700,88,81,86
led-0,565800,111,105,110
led-0,565900,113,107,112
led-0,566000,90,82,88
led-0,566100,89,81,87
led-0,566200,90,82,87
led-0,566300,90,83,87
led-0,566400,90,83,88
led-0,566500,90,82,88
led-0,566600,90,82,89
led-0,566700,90,82,88
led-0,566800,90,82,88
led-0,566900,90,82,87
led-0,567000,91,82,88
led-0,567100,91,83,88
led-0,567200,92,83,89
led-0,567300,92,83,90
led-0,567400,92,83,89
led-0,567500,93,84,89
led-0,567600,93,83,89
led-0,567700,93,83,89
led-0,567800,92,82,88
led-0,567900,92,82,88
led-0,568000,91,81,87
led-0,568100,92,81,87
led-0,568200,92,82,87
led-0,568300,91,81,87
led-0,568400,91,81,87
led-0,568500,90,80,85
led-0,568600,89,80,84
led-0,568700,89,79,84
led-0,568800,89,77,81
led-0,568900,89,77,82
led-0,569000,88,75,80
led-0,569100,87,75,79
led-0,569200,87,74,79
led-0,569300,86,73,77
led-0,569400,85,72,76
led-0,569500,84,72,76
led-0,569600,84,71,75
led-0,569700,83,71,75
led-0,569800,83,70,75
led-0,569900,83,69,74
led-0,570000,83,68,73
led-0,570100,83,68,73
led-0,570200,83,68,73
led-0,570300,82,67,71
led-0,570400,82,67,70
led-0,570500,82,67,70
led-0,570600,81,67,70
led-0,570700,82,67,70
led-0,570800,82,67,70
led-0,570900,82,67,70
led-0,571000,83,67,69
led-0,571100,83,67,69
led-0,571200,83,67,69
led-0,571300,83,66,69
led-0,571400,83,67,68
led-0,571500,83,67,68
led-0,571600,83,67,68
led-0,571700,83,67,68
led-0,571800,84,68,69
led-0,571900,85,68,69
led-0,572000,85,69,68
led-0,572100,85,69,68
led-0,572200,85,69,68
led-0,572300,86,69,68
led-0,572400,86,70,69
led-0,572500,87,70,69
led-0,572600,88,70,69
led-0,572700,88,70,69
led-0,572800,89,70,69
led-0,572900,89,71,68
led-0,573000,91,72,69
led-0,573100,90,73,69
led-0,573200,90,73,69
led-0,573300,91,73,70
led-0,573400,91,73,69
led-0,573500,92,74,69
led-0,573600,92,74,69
led-0,573700,93,74,70
led-0,573800,94,75,70
led-0,573900,94,75,69
led-0,574000,95,76,69
led-0,574100,95,76,69
led-0,574200,95,76,69
led-0,574300,96,76,70
led-0,574400,96,77,70
led-0,574500,97,77,68
led-0,574600,97,77,68
led-0,574700,97,77,68
led-0,574800,97,78,68
led-0,574900,97,78,69
led-0,575000,99,79,68
led-0,575100,99,79,68
led-0,575200,99,79,68
led-0,575300,100,79,68
led-0,575400,100,80,69
led-0,575500,101,80,67
led-0,575600,101,81,67
led-0,575700,101,80,67
led-0,575800,102,81,68
led-0,575900,103,82,67
led-0,576000,104,82,67
led-0,576100,104,82,67
led-0,576200,104,82,67
led-0,576300,105,82,67
led-0,576400,106,83,68
led-0,576500,106,84,67
led-0,576600,106,84,67
led-0,576700,106,84,67
led-0,576800,108,84,68
led-0,576900,107,85,66
led-0,577000,108,85,66
led-0,577100,108,86,66
led-0,577200,108,86,66
led-0,577300,110,86,66
led-0,577400,110,87,65
led-0,577500,111,87,65
led-0,577600,111,87,65
led-0,577700,111,87,65
led-0,577800,112,88,66
led-0,577900,112,88,64
led-0,578000,113,88,65
led-0,578100,113,89,64
led-0,578200,113,89,65
led-0,578300,114,88,65
led-0,578400,114,89,65
led-0,578500,115,88,65
led-0,578600,115,89,64
led-0,578700,115,89,64
led-0,578800,115,89,64
led-0,578900,115,89,64
led-0,579000,115,90,65
led-0,579100,115,90,65
led-0,579200,115,90,65
led-0,579300,115,90,65
led-0,579400,114,88,65
led-0,579500,114,88,65
led-0,579600,114,88,64
led-0,579700,114,88,65
led-0,579800,127,96,59
led-0,579900,93,67,43
led-0,580000,0,0,0
led-0,580100,0,0,0
led-0,580200,0,0,0
led-0,580300,0,0,0
led-0,580400,0,0,0
led-0,580500,0,0,0
led-0,580600,0,0,0
led-0,580700,0,0,0
led-0,580800,0,0,0
led-0,580900,0,0,0
led-0,581000,216,235,254
led-0,581100,216,235,254
led-0,581200,216,235,254
led-0,581300,216,236,254
led-0,581400,216,236,254
led-0,581500,216,236,254
led-0,581600,216,236,254
led-0,581700,216,236,254
led-0,581800,216,236,254
led-0,581900,216,236,254
led-0,582000,215,235,253
led-0,582100,205,226,244
led-0,582200,147,137,159
led-0,582300,96,83,97
led-0,582400,91,81,86
led-0,582500,139,108,122
led-0,582600,154,117,128
led-0,582700,172,130,159
led-0,582800,148,113,148
led-0,582900,175,148,181
led-0,583000,210,228,248
led-0,583100,216,236,254
led-0,583200,216,236,254
led-0,583300,216,236,254
led-0,583400,216,236,254
led-0,583500,216,236,254
led-0,583600,216,236,254
led-0,583700,216,236,254
led-0,583800,216,236,254
led-0,583900,216,236,254
led-0,584000,216,236,254
led-0,584100,216,236,254
led-0,584200,216,236,254
led-0,584300,216,236,254
led-0,584400,216,236,254
led-0,584500,216,236,254
led-0,584600,216,236,254
led-0,584700,216,236,254
led-0,584800,216,236,254
led-0,584900,216,236,254
led-0,585000,216,236,254
led-0,585100,216,236,254
led-0,585200,216,236,254
led-0,585300,216,236,254
led-0,585400,216,236,254
led-0,585500,216,236,254
led-0,585600,216,236,254
led-0,585700,216,236,254
led-0,585800,216,236,254
led-0,585900,216,236,254
led-0,586000,216,236,254
led-0,586100,216,236,254
led-0,586200,216,236,254
led-0,586300,216,236,254
led-0,586400,216,236,254
led-0,586500,216,236,254
led-0,586600,216,236,254
led-0,586700,216,236,254
led-0,586800,216,236,254
led-0,586900,216,236,254
led-0,587000,216,236,254
led-0,587100,216,236,254
led-0,587200,216,236,254
led-0,587300,216,236,254
led-0,587400,216,236,254
led-0,587500,216,236,254
led-0,587600,216,236,254
led-0,587700,216,236,254
led-0,587800,216,236,254
led-0,587900,216,236,254
led-0,588000,216,236,254
led-0,588100,216,236,254
led-0,588200,216,236,254
led-0,588300,216,236,254
led-0,588400,216,236,254
led-0,588500,216,236,254
led-0,588600,216,236,254
led-0,588700,216,236,254
led-0,588800,216,236,254
led-0,588900,216,236,254
led-0,589000,216,236,254
led-0,589100,216,236,254
led-0,589200,216,236,254
led-0,589300,216,236,254
led-0,589400,216,236,254
led-0,589500,216,236,254
led-0,589600,216,236,254
led-0,589700,216,236,254
led-0,589800,216,236,254
led-0,589900,216,236,254
led-0,590000,216,236,254
led-0,590100,216,236,254
led-0,590200,216,236,254
led-0,590300,216,236,254
led-0,590400,216,236,254
led-0,590500,216,236,254
led-0,590600,216,236,254
led-0,590700,216,236,254
led-0,590800,216,236,254
led-0,590900,216,236,254
led-0,591000,216,236,254
led-0,591100,216,236,254
led-0,591200,216,236,254
led-0,591300,216,236,254
led-0,591400,216,236,254
led-0,591500,216,236,254
led-0,591600,216,236,254
led-0,591700,216,236,254
led-0,591800,216,235,254
led-0,591900,216,235,254
led-0,592000,216,235,254
led-0,592100,216,235,254
led-0,592200,216,235,254
led-0,592300,216,235,254
led-0,592400,216,235,254
led-0,592500,215,235,254
led-0,592600,215,235,254
led-0,592700,215,235,254
led-0,592800,215,235,254
led-0,592900,215,235,254
led-0,593000,215,235,254
led-0,593100,215,235,254
led-0,593200,215,235,254
led-0,593300,215,235,254
led-0,593400,215,235,254
led-0,593500,215,235,254
led-0,593600,215,235,254
led-0,593700,215,235,254
led-0,593800,215,235,253
led-0,593900,215,235,253
led-0,594000,215,235,253
led-0,594100,215,235,253
led-0,594200,215,235,253
led-0,594300,215,235,253
led-0,594400,215,235,253
led-0,594500,215,235,253
led-0,594600,215,235,253
led-0,594700,215,235,253
led-0,594800,215,235,253
led-0,594900,215,235,253
led-0,595000,215,234,253
led-0,595100,215,234,253
led-0,595200,215,234,253
led-0,595300,215,234,253
led-0,595400,215,234,253
led-0,595500,215,234,253
led-0,595600,215,234,253
led-0,595700,215,234,253
led-0,595800,215,234,253
led-0,595900,215,234,253
led-0,596000,214,234,253
led-0,596100,214,234,253
led-0,596200,214,234,253
led-0,596300,214,234,253
led-0,596400,214,234,253
led-1,0,0,0,0
led-1,100,0,0,0
led-1,200,3,3,3
led-1,300,8,8,8
led-1,400,13,13,13
led-1,500,22,22,22
led-1,600,28,27,27
led-1,700,35,34,36
led-1,800,48,45,48
led-1,900,57,53,56
led-1,1000,71,66,70
led-1,1100,81,75,80
led-1,1200,92,85,90
led-1,1300,110,101,107
led-1,1400,123,112,119
led-1,1500,142,129,135
led-1,1600,157,142,149
led-1,1700,172,154,161
led-1,1800,197,174,181
led-1,1900,213,187,196
led-1,2000,238,208,214
led-1,2100,255,222,230
led-1,2200,255,221,228
led-1,2300,255,219,230
led-1,2400,255,218,229
led-1,2500,255,218,230
led-1,2600,254,218,230
led-1,2700,252,219,230
led-1,2800,251,218,231
led-1,2900,251,218,231
led-1,3000,251,217,230
led-1,3100,252,216,231
led-1,3200,253,216,230
led-1,3300,254,216,230
led-1,3400,255,215,229
led-1,3500,255,213,228
led-1,3600,255,212,228
led-1,3700,255,210,227
led-1,3800,254,208,226
led-1,3900,254,207,225
led-1,4000,253,206,225
led-1,4100,253,204,224
led-1,4200,253,203,224
led-1,4300,252,203,224
led-1,4400,252,203,223
led-1,4500,254,208,225
led-1,4600,255,213,225
led-1,4700,255,218,225
led-1,4800,255,223,224
led-1,4900,255,222,224
led-1,5000,255,218,222
led-1,5100,255,216,223
led-1,5200,255,215,223
led-1,5300,255,215,222
led-1,5400,255,215,222
led-1,5500,255,215,220
led-1,5600,255,216,221
led-1,5700,255,216,221
led-1,5800,255,216,221
led-1,5900,255,216,221
led-1,6000,255,215,220
led-1,6100,255,214,219
led-1,6200,255,214,219
led-1,6300,255,215,219
led-1,6400,255,215,218
led-1,6500,255,214,219
led-1,6600,255,214,219
led-1,6700,255,213,219
led-1,6800,255,213,218
led-1,6900,255,212,218
led-1,7000,255,213,218
led-1,7100,255,213,219
led-1,7200,255,213,219
led-1,7300,255,213,219
led-1,7400,255,213,219
led-1,7500,255,215,220
led-1,7600,255,215,220
led-1,7700,255,215,220
led-1,7800,255,215,220
led-1,7900,255,215,220
led-1,8000,255,215,220
led-1,8100,255,215,220
led-1,8200,255,216,221
led-1,8300,255,216,221
led-1,8400,255,217,221
led-1,8500,255,217,221
led-1,8600,255,217,221
led-1,8700,255,217,221
led-1,8800,255,219,222
led-1,8900,255,219,222
led-1,9000,255,219,222
led-1,9100,255,220,223
led-1,9200,255,220,224
led-1,9300,255,220,223
led-1,9400,255,222,224
led-1,9500,255,222,223
led-1,9600,255,223,223
led-1,9700,255,224,224
led-1,9800,255,225,224
led-1,9900,255,226,226
led-1,10000,255,226,225
led-1,10100,255,226,226
led-1,10200,255,227,226
led-1,10300,255,228,226
led-1,10400,255,228,226
led-1,10500,255,229,227
led-1,10600,255,230,227
led-1,10700,255,231,226
led-1,10800,255,231,226
led-1,10900,255,231,227
led-1,11000,255,231,227
led-1,11100,255,231,227
led-1,11200,255,231,227
led-1,11300,255,231,227
led-1,11400,255,231,227
led-1,11500,255,231,227
led-1,11600,255,231,227
led-1,11700,255,231,227
led-1,11800,255,231,227
led-1,11900,221,214,79
led-1,12000,221,215,79
led-1,12100,223,215,80
led-1,12200,224,215,80
led-1,12300,224,216,81
led-1,12400,224,216,81
led-1,12500,225,217,79
led-1,12600,225,218,80
led-1,12700,226,218,80
led-1,12800,226,219,80
led-1,12900,227,219,81
led-1,13000,226,219,79
led-1,13100,227,220,80
led-1,13200,225,221,79
led-1,13300,226,221,80
led-1,13400,226,222,80
led-1,13500,226,222,81
led-1,13600,228,222,82
led-1,13700,228,222,82
led-1,13800,228,224,81
led-1,13900,228,224,81
led-1,14000,228,224,82
led-1,14100,228,224,82
led-1,14200,229,224,82
led-1,14300,229,225,82
led-1,14400,229,225,81
led-1,14500,229,225,81
led-1,14600,229,225,81
led-1,14700,229,225,79
led-1,14800,229,226,80
led-1,14900,230,226,81
led-1,15000,230,226,79
led-1,15100,230,226,80
led-1,15200,231,227,80
led-1,15300,231,227,83
led-1,15400,230,227,82
led-1,15500,231,227,83
led-1,15600,231,227,81
led-1,15700,231,228,81
led-1,15800,114,122,168
led-1,15900,112,122,168
led-1,16000,110,120,166
led-1,16100,134,147,198
led-1,16200,159,175,231
led-1,16300,159,175,232
led-1,16400,159,175,232
led-1,16500,152,166,221
led-1,16600,130,137,190
led-1,16700,125,131,183
led-1,16800,137,147,201
led-1,16900,155,170,225
led-1,17000,159,175,231
led-1,17100,160,175,232
led-1,17200,160,175,232
led-1,17300,160,175,232
led-1,17400,159,175,231
led-1,17500,118,103,149
led-1,17600,87,86,123
led-1,17700,98,92,131
led-1,17800,88,85,126
led-1,17900,86,83,123
led-1,18000,104,89,130
led-1,18100,159,174,231
led-1,18200,137,151,203
led-1,18300,101,105,149
led-1,18400,89,90,130
led-1,18500,81,83,120
led-1,18600,77,79,115
led-1,18700,77,78,113
led-1,18800,80,81,117
led-1,18900,84,87,127
led-1,19000,98,105,149
led-1,19100,104,110,156
led-1,19200,105,111,157
led-1,19300,101,107,151
led-1,19400,96,103,146
led-1,19500,96,102,145
led-1,19600,98,105,149
led-1,19700,99,105,149
led-1,19800,101,109,154
led-1,19900,86,87,125
led-1,20000,58,61,89
led-1,20100,65,68,100
led-1,20200,68,70,104
led-1,20300,74,77,111
led-1,20400,78,84,120
led-1,20500,159,175,231
led-1,20600,160,175,232
led-1,20700,160,175,232
led-1,20800,160,175,232
led-1,20900,160,175,232
led-1,21000,160,175,232
led-1,21100,160,175,232
led-1,21200,160,175,232
led-1,21300,160,175,232
led-1,21400,160,175,232
led-1,21500,159,175,231
led-1,21600,159,175,231
led-1,21700,159,175,231
led-1,21800,159,175,231
led-1,21900,160,175,232
led-1,22000,160,175,232
led-1,22100,160,175,232
led-1,22200,160,175,232
led-1,22300,160,175,232
led-1,22400,160,175,232
led-1,22500,159,175,231
led-1,22600,159,175,231
led-1,22700,160,175,232
led-1,22800,160,175,232
led-1,22900,160,175,232
led-1,23000,159,175,231
led-1,23100,95,100,82
led-1,23200,95,99,83
led-1,23300,95,99,82
led-1,23400,96,99,82
led-1,23500,96,99,83
led-1,23600,95,98,83
led-1,23700,95,98,83
led-1,23800,94,98,83
led-1,23900,94,98,82
led-1,24000,93,96,82
led-1,24100,93,96,82
led-1,24200,92,95,82
led-1,24300,93,95,82
led-1,24400,93,96,82
led-1,24500,93,96,82
led-1,24600,92,95,81
led-1,24700,93,95,81
led-1,24800,94,97,83
led-1,24900,97,100,86
led-1,25000,103,106,92
led-1,25100,107,110,97
led-1,25200,112,115,103
led-1,25300,121,123,112
led-1,25400,128,130,119
led-1,25500,137,140,129
led-1,25600,143,144,135
led-1,25700,149,150,141
led-1,25800,157,160,155
led-1,25900,161,164,159
led-1,26000,165,168,163
led-1,26100,168,170,166
led-1,26200,170,173,168
led-1,26300,171,173,169
led-1,26400,171,174,169
led-1,26500,171,174,169
led-1,26600,171,174,170
led-1,26700,171,174,171
led-1,26800,171,174,171
led-1,26900,171,174,170
led-1,27000,171,173,170
led-1,27100,171,173,170
led-1,27200,171,173,170
led-1,27300,174,173,171
led-1,27400,174,173,171
led-1,27500,173,173,171
led-1,27600,173,173,171
led-1,27700,173,173,170
led-1,27800,172,172,169
led-1,27900,172,172,169
led-1,28000,171,171,168
led-1,28100,169,170,169
led-1,28200,169,170,169
led-1,28300,169,170,169
led-1,28400,169,170,169
led-1,28500,169,170,169
led-1,28600,168,169,168
led-1,28700,164,165,165
led-1,28800,162,163,163
led-1,28900,159,160,159
led-1,29000,152,153,153
led-1,29100,147,148,148
led-1,29200,142,142,142
led-1,29300,132,135,133
led-1,29400,126,130,127
led-1,29500,116,120,118
led-1,29600,110,114,109
led-1,29700,105,109,104
led-1,29800,96,100,95
led-1,29900,91,95,90
led-1,30000,82,89,82
led-1,30100,80,85,79
led-1,30200,78,82,76
led-1,30300,75,80,74
led-1,30400,73,79,73
led-1,30500,73,79,72
led-1,30600,73,79,72
led-1,30700,73,78,71
led-1,30800,72,78,71
led-1,30900,73,78,71
led-1,31000,72,77,69
led-1,31100,72,78,70
led-1,31200,72,78,70
led-1,31300,71,77,71
led-1,31400,68,76,69
led-1,31500,65,74,67
led-1,31600,63,73,66
led-1,31700,62,72,65
led-1,31800,61,70,63
led-1,31900,56,69,61
led-1,32000,54,67,58
led-1,32100,54,67,58
led-1,32200,52,65,57
led-1,32300,48,64,53
led-1,32400,48,63,53
led-1,32500,46,62,51
led-1,32600,43,61,49
led-1,32700,42,60,48
led-1,32800,40,58,46
led-1,32900,39,57,46
led-1,33000,35,55,43
led-1,33100,36,54,43
led-1,33200,35,53,42
led-1,33300,32,51,40
led-1,33400,31,50,40
led-1,33500,29,48,36
led-1,33600,27,46,35
led-1,33700,26,45,34
led-1,33800,24,43,33
led-1,33900,24,43,33
led-1,34000,23,42,33
led-1,34100,23,42,33
led-1,34200,23,42,33
led-1,34300,23,42,33
led-1,34400,22,41,33
led-1,34500,22,42,33
led-1,34600,22,41,32
led-1,34700,22,41,33
led-1,34800,22,41,33
led-1,34900,22,41,32
led-1,35000,21,40,32
led-1,35100,22,40,32
led-1,35200,22,40,32
led-1,35300,21,40,32
led-1,35400,21,39,32
led-1,35500,21,39,32
led-1,35600,20,39,31
led-1,35700,19,39,30
led-1,35800,20,39,30
led-1,35900,20,39,30
led-1,36000,19,38,30
led-1,36100,18,37,30
led-1,36200,18,36,30
led-1,36300,18,35,30
led-1,36400,18,35,30
led-1,36500,18,35,30
led-1,36600,18,35,30
led-1,36700,18,35,29
led-1,36800,18,34,29
led-1,36900,17,34,29
led-1,37000,17,34,29
led-1,37100,16,33,29
led-1,37200,16,33,29
led-1,37300,16,33,29
led-1,37400,16,33,28
led-1,37500,15,33,29
led-1,37600,15,32,28
led-1,37700,15,32,28
led-1,37800,15,32,28
led-1,37900,15,32,27
led-1,38000,14,31,28
led-1,38100,14,31,28
led-1,38200,15,31,28
led-1,38300,13,31,27
led-1,38400,13,31,28
led-1,38500,13,31,27
led-1,38600,13,31,28
led-1,38700,14,31,27
led-1,38800,14,30,28
led-1,38900,14,30,28
led-1,39000,13,30,27
led-1,39100,13,30,27
led-1,39200,13,30,28
led-1,39300,13,29,27
led-1,39400,12,28,26
led-1,39500,12,28,26
led-1,39600,12,28,26
led-1,39700,12,27,26
led-1,39800,12,27,26
led-1,39900,12,27,26
led-1,40000,12,27,24
led-1,40100,11,27,25
led-1,40200,10,27,25
led-1,40300,10,27,25
led-1,40400,11,26,25
led-1,40500,10,27,25
led-1,40600,11,26,27
led-1,40700,11,26,26
led-1,40800,11,26,25
led-1,40900,11,25,25
led-1,41000,10,26,24
led-1,41100,10,26,24
led-1,41200,10,25,25
led-1,41300,10,25,26
led-1,41400,11,25,26
led-1,41500,11,25,26
led-1,41600,11,25,26
led-1,41700,10,23,25
led-1,41800,9,23,23
led-1,41900,10,22,23
led-1,42000,9,22,22
led-1,42100,9,21,23
led-1,42200,9,21,23
led-1,42300,9,22,23
led-1,42400,10,21,23
led-1,42500,10,21,23
led-1,42600,10,21,23
led-1,42700,10,21,23
led-1,42800,10,21,22
led-1,42900,10,21,23
led-1,43000,10,20,23
led-1,43100,10,20,23
led-1,43200,10,20,22
led-1,43300,10,20,24
led-1,43400,12,20,24
led-1,43500,11,19,23
led-1,43600,10,19,22
led-1,43700,10,20,22
led-1,43800,10,20,22
led-1,43900,10,19,23
led-1,44000,10,20,22
led-1,44100,9,20,22
led-1,44200,9,21,22
led-1,44300,9,21,22
led-1,44400,10,21,22
led-1,44500,11,22,23
led-1,44600,11,22,23
led-1,44700,11,22,23
led-1,44800,12,22,23
led-1,44900,12,22,23
led-1,45000,12,24,23
led-1,45100,13,23,23
led-1,45200,13,24,24
led-1,45300,13,23,24
led-1,45400,13,24,24
led-1,45500,13,24,24
led-1,45600,14,24,25
led-1,45700,15,23,25
led-1,45800,14,24,25
led-1,45900,14,24,25
led-1,46000,15,24,25
led-1,46100,15,24,25
led-1,46200,15,25,25
led-1,46300,15,25,26
led-1,46400,16,25,26
led-1,46500,16,25,26
led-1,46600,17,25,25
led-1,46700,25,29,26
led-1,46800,26,29,27
led-1,46900,25,30,27
led-1,47000,26,29,27
led-1,47100,26,29,27
led-1,47200,26,29,27
led-1,47300,26,30,27
led-1,47400,26,30,27
led-1,47500,22,28,27
led-1,47600,15,24,24
led-1,47700,40,44,45
led-1,47800,37,43,29
led-1,47900,37,43,29
led-1,48000,35,40,27
led-1,48100,34,39,26
led-1,48200,43,42,32
led-1,48300,151,158,166
led-1,48400,147,154,172
led-1,48500,126,120,135
led-1,48600,208,215,216
led-1,48700,133,116,124
led-1,48800,89,78,84
led-1,48900,50,43,37
led-1,49000,200,196,181
led-1,49100,227,220,200
led-1,49200,184,171,164
led-1,49300,157,147,155
led-1,49400,144,139,149
led-1,49500,142,140,152
led-1,49600,175,174,178
led-1,49700,181,177,181
led-1,49800,188,182,185
led-1,49900,191,184,187
led-1,50000,194,188,188
led-1,50100,196,189,190
led-1,50200,199,190,191
led-1,50300,201,192,192
led-1,50400,202,193,192
led-1,50500,204,194,193
led-1,50600,204,195,194
led-1,50700,204,196,194
led-1,50800,205,196,196
led-1,50900,205,197,196
led-1,51000,207,197,198
led-1,51100,208,198,197
led-1,51200,207,197,197
led-1,51300,206,198,196
led-1,51400,205,196,195
led-1,51500,202,193,193
led-1,51600,199,190,191
led-1,51700,195,187,188
led-1,51800,186,181,183
led-1,51900,158,152,162
led-1,52000,108,102,121
led-1,52100,119,117,135
led-1,52200,123,123,141
led-1,52300,126,126,144
led-1,52400,128,128,147
led-1,52500,123,124,142
led-1,52600,123,125,143
led-1,52700,124,125,144
led-1,52800,129,131,149
led-1,52900,129,130,149
led-1,53000,129,124,140
led-1,53100,159,150,155
led-1,53200,166,156,160
led-1,53300,156,141,149
led-1,53400,152,136,143
led-1,53500,150,135,144
led-1,53600,147,132,143
led-1,53700,144,129,141
led-1,53800,141,124,138
led-1,53900,145,131,146
led-1,54000,186,179,178
led-1,54100,189,177,173
led-1,54200,152,140,149
led-1,54300,207,198,195
led-1,54400,213,203,196
led-1,54500,225,215,198
led-1,54600,223,214,193
led-1,54700,208,197,174
led-1,54800,110,99,79
led-1,54900,49,51,34
led-1,55000,35,44,27
led-1,55100,35,44,26
led-1,55200,34,44,26
led-1,55300,35,45,27
led-1,55400,35,45,27
led-1,55500,35,45,27
led-1,55600,36,46,28
led-1,55700,36,46,28
led-1,55800,36,46,28
led-1,55900,36,46,28
led-1,56000,38,47,30
led-1,56100,179,190,231
led-1,56200,179,190,231
led-1,56300,179,190,231
led-1,56400,179,190,231
led-1,56500,179,190,231
led-1,56600,179,190,231
led-1,56700,179,190,231
led-1,56800,179,190,231
led-1,56900,179,190,231
led-1,57000,179,190,231
led-1,57100,179,190,231
led-1,57200,179,190,231
led-1,57300,179,190,231
led-1,57400,179,190,231
led-1,57500,179,190,231
led-1,57600,179,190,231
led-1,57700,179,190,231
led-1,57800,179,190,231
led-1,57900,179,190,231
led-1,58000,179,190,231
led-1,58100,179,190,231
led-1,58200,179,190,231
led-1,58300,179,190,231
led-1,58400,179,190,231
led-1,58500,179,190,231
led-1,58600,179,190,231
led-1,58700,179,190,231
led-1,58800,179,190,231
led-1,58900,179,190,231
led-1,59000,179,190,231
led-1,59100,179,190,231
led-1,59200,179,190,231
led-1,59300,179,190,231
led-1,59400,179,191,232
led-1,59500,179,191,232
led-1,59600,179,191,232
led-1,59700,179,191,232
led-1,59800,179,191,232
led-1,59900,179,191,232
led-1,60000,179,191,231
led-1,60100,179,191,231
led-1,60200,179,191,231
led-1,60300,179,191,231
led-1,60400,179,191,231
led-1,60500,179,191,231
led-1,60600,179,191,231
led-1,60700,203,228,255
led-1,60800,203,228,255
led-1,60900,203,228,255
led-1,61000,203,228,255
led-1,61100,203,228,255
led-1,61200,203,228,255
led-1,61300,203,228,255
led-1,61400,203,228,255
led-1,61500,203,228,255
led-1,61600,203,228,255
led-1,61700,203,228,255
led-1,61800,203,228,255
led-1,61900,203,228,255
led-1,62000,204,227,255
led-1,62100,204,227,255
led-1,62200,204,227,255
led-1,62300,204,227,255
led-1,62400,204,227,255
led-1,62500,204,228,255
led-1,62600,204,228,255
led-1,62700,204,228,255
led-1,62800,204,228,255
led-1,62900,204,228,255
led-1,63000,203,229,255
led-1,63100,206,229,255
led-1,63200,207,231,255
led-1,63300,216,234,255
led-1,63400,224,238,255
led-1,63500,234,245,255
led-1,63600,239,247,255
led-1,63700,243,248,255
led-1,63800,165,203,251
led-1,63900,165,203,251
led-1,64000,165,203,251
led-1,64100,165,203,251
led-1,64200,165,203,251
led-1,64300,165,203,251
led-1,64400,165,203,251
led-1,64500,165,203,251
led-1,64600,165,203,251
led-1,64700,165,203,251
led-1,64800,165,203,251
led-1,64900,165,203,251
led-1,65000,165,203,251
led-1,65100,165,203,251
led-1,65200,165,203,251
led-1,65300,165,203,251
led-1,65400,165,203,251
led-1,65500,165,203,251
led-1,65600,165,203,251
led-1,65700,165,203,251
led-1,65800,165,203,251
led-1,65900,165,203,251
led-1,66000,165,203,251
led-1,66100,165,203,251
led-1,66200,165,203,251
led-1,66300,165,203,251
led-1,66400,165,203,251
led-1,66500,165,203,251
led-1,66600,165,203,251
led-1,66700,165,203,251
led-1,66800,165,203,251
led-1,66900,233,231,214
led-1,67000,77,78,88
led-1,67100,83,83,91
led-1,67200,117,111,111
led-1,67300,221,207,180
led-1,67400,232,221,191
led-1,67500,246,238,207
led-1,67600,244,235,207
led-1,67700,242,234,205
led-1,67800,242,233,206
led-1,67900,240,231,206
led-1,68000,240,231,205
led-1,68100,239,232,204
led-1,68200,239,232,204
led-1,68300,239,232,205
led-1,68400,240,232,205
led-1,68500,240,232,205
led-1,68600,240,233,205
led-1,68700,241,234,206
led-1,68800,243,234,207
led-1,68900,244,235,208
led-1,69000,197,195,183
led-1,69100,147,148,148
led-1,69200,155,155,154
led-1,69300,166,165,161
led-1,69400,168,166,162
led-1,69500,163,183,192
led-1,69600,163,183,192
led-1,69700,162,183,192
led-1,69800,163,183,192
led-1,69900,163,183,193
led-1,70000,161,183,192
led-1,70100,161,183,193
led-1,70200,161,183,192
led-1,70300,161,183,193
led-1,70400,161,183,193
led-1,70500,161,183,194
led-1,70600,161,183,192
led-1,70700,161,183,192
led-1,70800,161,183,192
led-1,70900,161,183,192
led-1,71000,161,183,191
led-1,71100,161,183,192
led-1,71200,161,183,192
led-1,71300,29,36,35
led-1,71400,29,36,35
led-1,71500,29,36,35
led-1,71600,29,36,35
led-1,71700,29,36,35
led-1,71800,29,35,35
led-1,71900,28,35,35
led-1,72000,27,34,34
led-1,72100,27,34,33
led-1,72200,27,33,33
led-1,72300,26,33,33
led-1,72400,27,33,33
led-1,72500,27,33,33
led-1,72600,27,33,33
led-1,72700,27,33,33
led-1,72800,27,33,33
led-1,72900,27,33,33
led-1,73000,27,33,33
led-1,73100,28,33,34
led-1,73200,28,33,34
led-1,73300,28,33,34
led-1,73400,28,33,34
led-1,73500,130,134,137
led-1,73600,148,150,148
led-1,73700,142,143,143
led-1,73800,146,147,148
led-1,73900,145,145,147
led-1,74000,146,147,148
led-1,74100,145,146,146
led-1,74200,132,135,139
led-1,74300,155,155,152
led-1,74400,121,124,126
led-1,74500,178,174,167
led-1,74600,229,224,200
led-1,74700,239,231,205
led-1,74800,244,237,207
led-1,74900,250,243,214
led-1,75000,253,249,227
led-1,75100,244,246,233
led-1,75200,237,242,236
led-1,75300,232,239,238
led-1,75400,230,238,240
led-1,75500,233,239,238
led-1,75600,92,120,81
led-1,75700,93,120,81
led-1,75800,91,121,82
led-1,75900,91,120,81
led-1,76000,91,120,81
led-1,76100,91,119,80
led-1,76200,90,118,79
led-1,76300,90,118,80
led-1,76400,90,118,80
led-1,76500,90,119,80
led-1,76600,91,121,81
led-1,76700,94,123,84
led-1,76800,107,129,91
led-1,76900,121,135,103
led-1,77000,162,140,171
led-1,77100,131,136,110
led-1,77200,142,147,124
led-1,77300,228,160,219
led-1,77400,231,146,226
led-1,77500,199,104,199
led-1,77600,213,124,207
led-1,77700,169,95,167
led-1,77800,73,61,92
led-1,77900,56,30,68
led-1,78000,93,58,100
led-1,78100,228,214,205
led-1,78200,247,236,223
led-1,78300,246,233,223
led-1,78400,183,140,179
led-1,78500,129,89,142
led-1,78600,220,203,201
led-1,78700,255,254,235
led-1,78800,252,250,232
led-1,78900,250,247,229
led-1,79000,241,236,218
led-1,79100,216,217,194
led-1,79200,192,206,170
led-1,79300,165,192,144
led-1,79400,157,190,137
led-1,79500,155,189,134
led-1,79600,156,189,136
led-1,79700,156,185,138
led-1,79800,168,182,159
led-1,79900,182,189,172
led-1,80000,236,233,231
led-1,80100,233,229,228
led-1,80200,225,220,221
led-1,80300,212,207,211
led-1,80400,221,215,222
led-1,80500,234,226,234
led-1,80600,234,227,234
led-1,80700,234,227,235
led-1,80800,210,204,212
led-1,80900,162,149,154
led-1,81000,180,171,170
led-1,81100,217,206,203
led-1,81200,214,201,194
led-1,81300,223,217,213
led-1,81400,243,240,236
led-1,81500,250,247,241
led-1,81600,250,247,241
led-1,81700,251,248,243
led-1,81800,252,249,243
led-1,81900,252,249,244
led-1,82000,251,249,242
led-1,82100,250,247,242
led-1,82200,248,246,240
led-1,82300,244,240,233
led-1,82400,240,236,227
led-1,82500,225,220,211
led-1,82600,215,206,199
led-1,82700,239,231,223
led-1,82800,216,205,199
led-1,82900,210,201,197
led-1,83000,212,202,195
led-1,83100,212,199,193
led-1,83200,207,194,188
led-1,83300,197,184,178
led-1,83400,195,183,177
led-1,83500,194,181,177
led-1,83600,193,182,176
led-1,83700,193,181,176
led-1,83800,193,181,175
led-1,83900,193,184,177
led-1,84000,198,187,179
led-1,84100,197,184,177
led-1,84200,196,184,176
led-1,84300,196,184,177
led-1,84400,195,183,177
led-1,84500,195,183,178
led-1,84600,195,183,178
led-1,84700,194,183,178
led-1,84800,195,183,178
led-1,84900,195,184,178
led-1,85000,195,184,178
led-1,85100,196,185,179
led-1,85200,198,185,180
led-1,85300,198,186,181
led-1,85400,198,187,182
led-1,85500,202,189,184
led-1,85600,207,196,189
led-1,85700,215,206,197
led-1,85800,206,200,191
led-1,85900,178,167,165
led-1,86000,161,146,151
led-1,86100,168,156,160
led-1,86200,171,161,164
led-1,86300,176,168,172
led-1,86400,180,173,177
led-1,86500,196,192,197
led-1,86600,208,206,211
led-1,86700,211,208,213
led-1,86800,178,169,175
led-1,86900,205,205,204
led-1,87000,193,177,186
led-1,87100,225,221,225
led-1,87200,237,231,239
led-1,87300,238,231,239
led-1,87400,238,231,239
led-1,87500,224,217,222
led-1,87600,184,173,179
led-1,87700,194,192,188
led-1,87800,166,153,157
led-1,87900,164,151,157
led-1,88000,162,149,154
led-1,88100,162,149,154
led-1,88200,162,149,154
led-1,88300,162,148,154
led-1,88400,162,148,153
led-1,88500,161,148,153
led-1,88600,162,148,153
led-1,88700,162,149,154
led-1,88800,161,148,152
led-1,88900,173,162,165
led-1,89000,202,192,189
led-1,89100,223,212,206
led-1,89200,211,201,197
led-1,89300,194,176,172
led-1,89400,207,194,187
led-1,89500,216,208,198
led-1,89600,218,210,200
led-1,89700,218,211,200
led-1,89800,166,190,228
led-1,89900,166,190,228
led-1,90000,167,190,228
led-1,90100,167,190,228
led-1,90200,167,190,228
led-1,90300,167,190,228
led-1,90400,167,190,228
led-1,90500,167,190,228
led-1,90600,167,190,228
led-1,90700,167,190,228
led-1,90800,167,190,228
led-1,90900,167,190,228
led-1,91000,167,190,228
led-1,91100,167,190,228
led-1,91200,167,190,228
led-1,91300,166,190,228
led-1,91400,166,190,228
led-1,91500,217,209,198
led-1,91600,217,209,199
led-1,91700,217,209,198
led-1,91800,214,203,194
led-1,91900,206,190,183
led-1,92000,246,242,233
led-1,92100,241,235,225
led-1,92200,237,228,219
led-1,92300,239,231,221
led-1,92400,239,230,222
led-1,92500,238,231,221
led-1,92600,238,231,222
led-1,92700,239,233,223
led-1,92800,242,234,228
led-1,92900,240,233,224
led-1,93000,222,213,204
led-1,93100,208,198,191
led-1,93200,210,206,202
led-1,93300,218,215,210
led-1,93400,216,213,209
led-1,93500,212,208,205
led-1,93600,210,205,202
led-1,93700,209,204,199
led-1,93800,207,202,198
led-1,93900,207,201,198
led-1,94000,207,202,197
led-1,94100,206,202,197
led-1,94200,206,201,197
led-1,94300,201,195,189
led-1,94400,197,183,178
led-1,94500,226,219,209
led-1,94600,230,223,213
led-1,94700,224,217,207
led-1,94800,203,194,185
led-1,94900,186,174,171
led-1,95000,213,209,207
led-1,95100,235,231,224
led-1,95200,250,246,235
led-1,95300,247,246,237
led-1,95400,239,235,227
led-1,95500,231,226,216
led-1,95600,246,240,233
led-1,95700,210,202,198
led-1,95800,167,156,165
led-1,95900,237,230,237
led-1,96000,238,231,241
led-1,96100,239,230,241
led-1,96200,239,230,241
led-1,96300,238,231,240
led-1,96400,238,231,240
led-1,96500,238,231,240
led-1,96600,238,231,240
led-1,96700,238,231,240
led-1,96800,238,231,240
led-1,96900,238,230,240
led-1,97000,239,230,240
led-1,97100,239,230,240
led-1,97200,239,230,240
led-1,97300,239,230,240
led-1,97400,239,230,240
led-1,97500,239,230,240
led-1,97600,239,230,240
led-1,97700,239,230,240
led-1,97800,239,230,240
led-1,97900,239,230,240
led-1,98000,239,230,239
led-1,98100,239,231,239
led-1,98200,239,231,239
led-1,98300,239,231,239
led-1,98400,239,231,239
led-1,98500,239,231,239
led-1,98600,239,231,239
led-1,98700,239,231,239
led-1,98800,239,231,239
led-1,98900,239,231,239
led-1,99000,239,230,240
led-1,99100,239,230,240
led-1,99200,239,230,240
led-1,99300,239,231,239
led-1,99400,239,231,239
led-1,99500,239,231,239
led-1,99600,247,217,246
led-1,99700,231,197,238
led-1,99800,107,122,81
led-1,99900,107,122,81
led-1,100000,107,123,81
led-1,100100,108,124,83
led-1,100200,109,126,81
led-1,100300,111,129,83
led-1,100400,112,130,84
led-1,100500,114,132,85
led-1,100600,115,135,85
led-1,100700,116,137,86
led-1,100800,117,141,88
led-1,100900,119,143,87
led-1,101000,120,146,88
led-1,101100,122,147,87
led-1,101200,122,150,89
led-1,101300,124,152,91
led-1,101400,123,153,90
led-1,101500,117,143,85
led-1,101600,77,69,62
led-1,101700,86,86,68
led-1,101800,133,174,95
led-1,101900,133,174,95
led-1,102000,133,174,95
led-1,102100,133,174,94
led-1,102200,133,174,94
led-1,102300,133,174,94
led-1,102400,134,174,94
led-1,102500,134,174,94
led-1,102600,133,174,94
led-1,102700,134,174,94
led-1,102800,133,174,94
led-1,102900,134,174,94
led-1,103000,134,174,94
led-1,103100,134,174,94
led-1,103200,134,174,94
led-1,103300,134,174,94
led-1,103400,134,174,94
led-1,103500,134,174,94
led-1,103600,134,174,94
led-1,103700,134,174,94
led-1,103800,134,174,94
led-1,103900,134,174,94
led-1,104000,246,222,225
led-1,104100,246,222,225
led-1,104200,246,222,225
led-1,104300,246,222,225
led-1,104400,246,222,225
led-1,104500,246,222,225
led-1,104600,246,222,225
led-1,104700,246,222,225
led-1,104800,246,222,225
led-1,104900,246,222,225
led-1,105000,246,222,225
led-1,105100,246,222,225
led-1,105200,246,222,225
led-1,105300,246,222,225
led-1,105400,246,222,225
led-1,105500,246,222,225
led-1,105600,246,222,225
led-1,105700,246,222,225
led-1,105800,185,172,156
led-1,105900,246,222,225
led-1,106000,247,223,225
led-1,106100,247,223,225
led-1,106200,247,223,225
led-1,106300,247,223,225
led-1,106400,247,223,225
led-1,106500,247,223,225
led-1,106600,247,223,225
led-1,106700,247,223,225
led-1,106800,247,223,225
led-1,106900,247,223,225
led-1,107000,246,222,225
led-1,107100,246,222,225
led-1,107200,246,222,225
led-1,107300,246,222,225
led-1,107400,246,222,225
led-1,107500,228,200,211
led-1,107600,246,222,225
led-1,107700,246,222,225
led-1,107800,247,223,225
led-1,107900,245,220,223
led-1,108000,246,221,225
led-1,108100,244,220,224
led-1,108200,179,139,200
led-1,108300,152,88,160
led-1,108400,244,220,225
led-1,108500,141,96,162
led-1,108600,247,223,226
led-1,108700,246,222,225
led-1,108800,246,222,225
led-1,108900,246,222,225
led-1,109000,247,223,226
led-1,109100,247,223,226
led-1,109200,247,223,226
led-1,109300,247,223,226
led-1,109400,247,223,226
led-1,109500,247,223,225
led-1,109600,247,223,225
led-1,109700,247,223,225
led-1,109800,247,223,225
led-1,109900,247,223,225
led-1,110000,247,223,226
led-1,110100,247,223,225
led-1,110200,247,223,225
led-1,110300,247,223,225
led-1,110400,247,223,225
led-1,110500,247,223,225
led-1,110600,247,223,226
led-1,110700,247,223,226
led-1,110800,247,223,226
led-1,110900,247,223,226
led-1,111000,247,223,226
led-1,111100,247,223,226
led-1,111200,247,223,226
led-1,111300,248,226,227
led-1,111400,250,230,230
led-1,111500,247,224,226
led-1,111600,247,223,225
led-1,111700,246,223,225
led-1,111800,246,223,227
led-1,111900,247,225,227
led-1,112000,250,231,229
led-1,112100,127,113,145
led-1,112200,203,178,191
led-1,112300,246,223,225
led-1,112400,246,223,225
led-1,112500,246,223,225
led-1,112600,246,223,225
led-1,112700,243,222,210
led-1,112800,243,222,210
led-1,112900,243,222,210
led-1,113000,243,222,210
led-1,113100,243,222,211
led-1,113200,243,222,211
led-1,113300,243,222,211
led-1,113400,243,222,211
led-1,113500,243,221,212
led-1,113600,243,222,211
led-1,113700,243,222,211
led-1,113800,243,222,210
led-1,113900,243,222,210
led-1,114000,243,221,210
led-1,114100,240,218,202
led-1,114200,234,211,199
led-1,114300,227,208,193
led-1,114400,229,213,198
led-1,114500,224,207,193
led-1,114600,232,213,197
led-1,114700,237,217,201
led-1,114800,227,213,198
led-1,114900,233,217,202
led-1,115000,226,213,200
led-1,115100,209,200,189
led-1,115200,196,190,182
led-1,115300,205,188,182
led-1,115400,227,208,199
led-1,115500,228,209,201
led-1,115600,205,191,187
led-1,115700,193,182,179
led-1,115800,218,191,178
led-1,115900,223,196,189
led-1,116000,243,220,211
led-1,116100,243,221,211
led-1,116200,243,221,211
led-1,116300,243,221,210
led-1,116400,243,221,210
led-1,116500,243,221,210
led-1,116600,243,221,210
led-1,116700,243,221,210
led-1,116800,243,221,210
led-1,116900,243,221,210
led-1,117000,243,221,210
led-1,117100,243,221,210
led-1,117200,243,221,210
led-1,117300,243,221,210
led-1,117400,243,221,210
led-1,117500,243,222,211
led-1,117600,243,221,211
led-1,117700,243,222,211
led-1,117800,243,222,211
led-1,117900,243,222,211
led-1,118000,56,105,100
led-1,118100,56,105,100
led-1,118200,56,105,99
led-1,118300,55,105,100
led-1,118400,54,105,99
led-1,118500,55,104,99
led-1,118600,56,103,100
led-1,118700,57,103,101
led-1,118800,58,105,103
led-1,118900,61,108,106
led-1,119000,65,116,110
led-1,119100,69,126,113
led-1,119200,75,143,118
led-1,119300,165,166,125
led-1,119400,232,177,138
led-1,119500,247,196,139
led-1,119600,232,183,124
led-1,119700,214,165,112
led-1,119800,214,163,109
led-1,119900,216,166,112
led-1,120000,221,172,117
led-1,120100,226,178,122
led-1,120200,232,185,127
led-1,120300,237,189,129
led-1,120400,235,185,128
led-1,120500,233,183,125
led-1,120600,232,180,123
led-1,120700,231,180,123
led-1,120800,232,180,124
led-1,120900,188,151,132
led-1,121000,188,152,131
led-1,121100,188,152,131
led-1,121200,190,153,133
led-1,121300,192,155,132
led-1,121400,192,155,132
led-1,121500,194,156,133
led-1,121600,194,156,133
led-1,121700,195,157,133
led-1,121800,195,157,134
led-1,121900,196,157,135
led-1,122000,205,171,154
led-1,122100,197,158,135
led-1,122200,247,227,241
led-1,122300,199,160,144
led-1,122400,224,167,224
led-1,122500,103,75,112
led-1,122600,107,75,110
led-1,122700,153,127,135
led-1,122800,189,152,139
led-1,122900,195,156,137
led-1,123000,193,155,133
led-1,123100,191,153,130
led-1,123200,190,152,129
led-1,123300,188,150,127
led-1,123400,187,149,127
led-1,123500,136,129,133
led-1,123600,135,128,133
led-1,123700,136,129,134
led-1,123800,133,127,131
led-1,123900,128,123,127
led-1,124000,137,130,134
led-1,124100,137,129,134
led-1,124200,134,127,132
led-1,124300,133,126,131
led-1,124400,133,126,131
led-1,124500,133,126,131
led-1,124600,134,127,131
led-1,124700,135,127,132
led-1,124800,136,128,133
led-1,124900,136,128,133
led-1,125000,136,128,133
led-1,125100,136,128,133
led-1,125200,136,128,133
led-1,125300,136,129,134
led-1,125400,136,129,134
led-1,125500,136,129,134
led-1,125600,136,128,133
led-1,125700,136,128,133
led-1,125800,135,128,133
led-1,125900,135,127,132
led-1,126000,135,127,132
led-1,126100,135,128,133
led-1,126200,136,129,134
led-1,126300,136,129,133
led-1,126400,136,129,133
led-1,126500,136,128,133
led-1,126600,136,128,133
led-1,126700,136,128,133
led-1,126800,136,128,133
led-1,126900,228,189,150
led-1,127000,228,189,150
led-1,127100,228,189,150
led-1,127200,228,189,150
led-1,127300,228,189,150
led-1,127400,228,189,150
led-1,127500,229,189,149
led-1,127600,228,189,149
led-1,127700,228,189,149
led-1,127800,228,189,149
led-1,127900,228,189,149
led-1,128000,227,188,148
led-1,128100,228,188,148
led-1,128200,227,188,148
led-1,128300,227,188,148
led-1,128400,227,188,147
led-1,128500,227,188,147
led-1,128600,227,188,147
led-1,128700,227,188,147
led-1,128800,228,188,148
led-1,128900,228,189,147
led-1,129000,227,189,148
led-1,129100,228,189,148
led-1,129200,228,189,148
led-1,129300,228,189,148
led-1,129400,229,189,150
led-1,129500,229,189,150
led-1,129600,229,189,150
led-1,129700,229,189,150
led-1,129800,229,189,150
led-1,129900,229,189,150
led-1,130000,229,189,150
led-1,130100,229,190,150
led-1,130200,229,190,150
led-1,130300,229,190,150
led-1,130400,229,190,150
led-1,130500,229,189,149
led-1,130600,228,189,148
led-1,130700,228,189,148
led-1,130800,228,189,148
led-1,130900,228,189,148
led-1,131000,228,189,148
led-1,131100,228,189,147
led-1,131200,228,189,148
led-1,131300,227,188,149
led-1,131400,227,188,149
led-1,131500,227,188,148
led-1,131600,227,188,148
led-1,131700,228,188,148
led-1,131800,228,188,148
led-1,131900,227,189,148
led-1,132000,227,189,148
led-1,132100,228,189,149
led-1,132200,228,189,149
led-1,132300,229,190,149
led-1,132400,230,190,150
led-1,132500,230,190,150
led-1,132600,230,190,150
led-1,132700,230,190,151
led-1,132800,230,190,150
led-1,132900,230,190,151
led-1,133000,229,191,152
led-1,133100,230,192,152
led-1,133200,230,192,153
led-1,133300,230,191,152
led-1,133400,230,191,152
led-1,133500,229,191,151
led-1,133600,229,190,151
led-1,133700,229,190,152
led-1,133800,228,190,151
led-1,133900,229,190,151
led-1,134000,228,189,152
led-1,134100,228,189,151
led-1,134200,228,189,151
led-1,134300,228,189,151
led-1,134400,227,189,152
led-1,134500,227,189,152
led-1,134600,227,189,152
led-1,134700,227,189,152
led-1,134800,229,191,155
led-1,134900,229,192,156
led-1,135000,227,189,149
led-1,135100,227,189,149
led-1,135200,228,188,149
led-1,135300,229,188,149
led-1,135400,228,188,149
led-1,135500,229,188,149
led-1,135600,228,189,149
led-1,135700,228,188,149
led-1,135800,228,188,149
led-1,135900,228,188,148
led-1,136000,228,188,148
led-1,136100,228,188,148
led-1,136200,229,188,149
led-1,136300,229,188,149
led-1,136400,230,188,149
led-1,136500,230,188,149
led-1,136600,229,188,148
led-1,136700,229,188,148
led-1,136800,229,187,148
led-1,136900,229,188,149
led-1,137000,227,188,148
led-1,137100,227,187,147
led-1,137200,227,187,147
led-1,137300,227,187,147
led-1,137400,227,187,147
led-1,137500,226,187,147
led-1,137600,226,187,147
led-1,137700,226,187,147
led-1,137800,226,187,147
led-1,137900,210,121,243
led-1,138000,181,113,213
led-1,138100,164,114,229
led-1,138200,220,180,155
led-1,138300,227,187,150
led-1,138400,227,186,148
led-1,138500,227,187,148
led-1,138600,227,187,148
led-1,138700,228,187,148
led-1,138800,228,187,147
led-1,138900,228,187,148
led-1,139000,228,187,148
led-1,139100,228,187,148
led-1,139200,228,187,148
led-1,139300,228,187,148
led-1,139400,228,187,148
led-1,139500,228,187,148
led-1,139600,228,187,147
led-1,139700,228,187,147
led-1,139800,219,175,137
led-1,139900,229,188,148
led-1,140000,229,188,149
led-1,140100,229,188,149
led-1,140200,229,188,149
led-1,140300,228,188,149
led-1,140400,228,188,149
led-1,140500,229,191,154
led-1,140600,224,186,150
led-1,140700,229,190,152
led-1,140800,222,179,143
led-1,140900,226,184,146
led-1,141000,225,184,145
led-1,141100,229,187,147
led-1,141200,229,189,149
led-1,141300,229,190,151
led-1,141400,229,190,150
led-1,141500,229,190,151
led-1,141600,229,190,151
led-1,141700,229,190,150
led-1,141800,229,190,150
led-1,141900,231,190,151
led-1,142000,231,190,151
led-1,142100,230,190,151
led-1,142200,230,190,151
led-1,142300,230,190,151
led-1,142400,230,190,151
led-1,142500,230,191,151
led-1,142600,230,191,151
led-1,142700,230,190,151
led-1,142800,230,191,152
led-1,142900,231,191,152
led-1,143000,232,193,153
led-1,143100,232,193,153
led-1,143200,232,193,153
led-1,143300,232,193,153
led-1,143400,232,193,153
led-1,143500,233,194,154
led-1,143600,233,195,155
led-1,143700,233,195,155
led-1,143800,233,195,155
led-1,143900,234,195,156
led-1,144000,233,196,156
led-1,144100,233,196,156
led-1,144200,233,196,156
led-1,144300,234,197,156
led-1,144400,234,197,156
led-1,144500,234,197,156
led-1,144600,234,198,156
led-1,144700,234,198,156
led-1,144800,234,198,156
led-1,144900,234,198,156
led-1,145000,234,197,156
led-1,145100,234,197,156
led-1,145200,234,197,156
led-1,145300,234,197,156
led-1,145400,234,197,156
led-1,145500,234,197,156
led-1,145600,234,197,156
led-1,145700,233,197,156
led-1,145800,233,197,155
led-1,145900,233,197,155
led-1,146000,233,196,155
led-1,146100,233,196,155
led-1,146200,233,196,155
led-1,146300,233,196,154
led-1,146400,81,94,43
led-1,146500,81,94,43
led-1,146600,81,94,43
led-1,146700,82,94,44
led-1,146800,82,95,44
led-1,146900,82,95,44
led-1,147000,83,96,44
led-1,147100,83,96,44
led-1,147200,83,96,44
led-1,147300,83,96,44
led-1,147400,83,96,44
led-1,147500,83,96,44
led-1,147600,84,97,44
led-1,147700,84,97,44
led-1,147800,84,97,44
led-1,147900,84,97,44
led-1,148000,85,98,45
led-1,148100,85,98,45
led-1,148200,85,98,45
led-1,148300,85,98,45
led-1,148400,85,98,45
led-1,148500,85,98,45
led-1,148600,85,98,45
led-1,148700,85,98,45
led-1,148800,85,98,45
led-1,148900,85,98,45
led-1,149000,85,98,45
led-1,149100,155,194,93
led-1,149200,155,194,93
led-1,149300,155,194,93
led-1,149400,155,194,93
led-1,149500,155,194,93
led-1,149600,155,194,93
led-1,149700,155,194,93
led-1,149800,155,194,93
led-1,149900,155,195,93
led-1,150000,155,195,93
led-1,150100,155,195,94
led-1,150200,155,194,95
led-1,150300,155,194,95
led-1,150400,179,147,89
led-1,150500,155,195,95
led-1,150600,155,195,95
led-1,150700,155,195,95
led-1,150800,155,195,94
led-1,150900,155,195,95
led-1,151000,155,195,95
led-1,151100,155,195,95
led-1,151200,155,195,95
led-1,151300,155,195,94
led-1,151400,155,194,95
led-1,151500,155,194,95
led-1,151600,155,194,95
led-1,151700,155,194,95
led-1,151800,155,194,95
led-1,151900,155,194,95
led-1,152000,166,196,97
led-1,152100,179,185,105
led-1,152200,178,174,101
led-1,152300,170,191,98
led-1,152400,156,194,95
led-1,152500,155,194,94
led-1,152600,154,195,95
led-1,152700,155,195,95
led-1,152800,155,195,95
led-1,152900,156,195,95
led-1,153000,173,166,98
led-1,153100,164,109,80
led-1,153200,167,106,78
led-1,153300,230,183,141
led-1,153400,237,191,147
led-1,153500,238,191,149
led-1,153600,238,191,149
led-1,153700,239,191,149
led-1,153800,181,135,93
led-1,153900,161,133,87
led-1,154000,164,198,99
led-1,154100,163,198,99
led-1,154200,163,198,98
led-1,154300,163,197,97
led-1,154400,162,197,98
led-1,154500,162,197,98
led-1,154600,157,195,95
led-1,154700,167,195,98
led-1,154800,171,194,101
led-1,154900,174,193,103
led-1,155000,175,191,104
led-1,155100,176,190,106
led-1,155200,177,191,105
led-1,155300,159,195,95
led-1,155400,166,196,99
led-1,155500,170,182,95
led-1,155600,170,197,101
led-1,155700,170,197,101
led-1,155800,169,197,101
led-1,155900,169,197,101
led-1,156000,231,199,186
led-1,156100,231,199,186
led-1,156200,231,199,186
led-1,156300,231,199,186
led-1,156400,231,199,186
led-1,156500,231,199,186
led-1,156600,231,199,186
led-1,156700,229,198,185
led-1,156800,226,195,180
led-1,156900,224,192,179
led-1,157000,223,191,177
led-1,157100,224,191,177
led-1,157200,224,191,177
led-1,157300,224,191,178
led-1,157400,224,191,178
led-1,157500,224,191,178
led-1,157600,224,191,178
led-1,157700,225,191,178
led-1,157800,225,191,179
led-1,157900,225,192,179
led-1,158000,224,192,178
led-1,158100,223,191,178
led-1,158200,223,191,178
led-1,158300,220,190,178
led-1,158400,217,187,176
led-1,158500,214,183,173
led-1,158600,210,181,170
led-1,158700,210,180,169
led-1,158800,215,185,173
led-1,158900,219,187,176
led-1,159000,219,189,175
led-1,159100,220,189,176
led-1,159200,221,190,176
led-1,159300,227,195,181
led-1,159400,226,194,181
led-1,159500,224,193,179
led-1,159600,226,195,182
led-1,159700,228,197,184
led-1,159800,230,198,186
led-1,159900,235,205,191
led-1,160000,231,198,182
led-1,160100,228,197,181
led-1,160200,228,199,184
led-1,160300,229,201,186
led-1,160400,231,203,188
led-1,160500,232,204,189
led-1,160600,231,204,189
led-1,160700,232,204,188
led-1,160800,232,204,189
led-1,160900,118,85,69
led-1,161000,118,85,69
led-1,161100,120,86,70
led-1,161200,122,90,73
led-1,161300,121,85,69
led-1,161400,136,105,87
led-1,161500,165,135,108
led-1,161600,163,133,107
led-1,161700,164,134,109
led-1,161800,166,134,109
led-1,161900,164,134,110
led-1,162000,162,133,110
led-1,162100,161,134,110
led-1,162200,161,132,111
led-1,162300,247,231,238
led-1,162400,247,231,238
led-1,162500,247,231,238
led-1,162600,247,231,238
led-1,162700,247,231,238
led-1,162800,247,231,238
led-1,162900,247,231,238
led-1,163000,246,231,237
led-1,163100,246,231,237
led-1,163200,246,231,237
led-1,163300,162,132,110
led-1,163400,162,133,112
led-1,163500,161,132,111
led-1,163600,161,131,109
led-1,163700,160,132,106
led-1,163800,162,133,112
led-1,163900,169,141,120
led-1,164000,185,147,124
led-1,164100,182,151,138
led-1,164200,201,156,130
led-1,164300,207,168,144
led-1,164400,209,173,151
led-1,164500,210,174,154
led-1,164600,212,174,156
led-1,164700,212,176,156
led-1,164800,217,178,157
led-1,164900,217,180,159
led-1,165000,218,180,159
led-1,165100,219,180,159
led-1,165200,218,180,159
led-1,165300,217,181,158
led-1,165400,215,177,157
led-1,165500,207,166,144
led-1,165600,207,162,139
led-1,165700,206,160,138
led-1,165800,206,160,138
led-1,165900,206,160,138
led-1,166000,205,161,138
led-1,166100,205,161,137
led-1,166200,206,162,139
led-1,166300,247,231,238
led-1,166400,247,231,238
led-1,166500,247,231,238
led-1,166600,247,231,238
led-1,166700,247,231,238
led-1,166800,247,231,237
led-1,166900,247,231,238
led-1,167000,247,231,237
led-1,167100,247,231,237
led-1,167200,247,231,237
led-1,167300,247,231,237
led-1,167400,247,231,237
led-1,167500,247,231,238
led-1,167600,247,231,236
led-1,167700,247,231,237
led-1,167800,247,231,236
led-1,167900,247,231,237
led-1,168000,200,154,132
led-1,168100,199,154,131
led-1,168200,198,153,130
led-1,168300,195,150,128
led-1,168400,193,148,124
led-1,168500,186,169,113
led-1,168600,231,197,161
led-1,168700,219,177,149
led-1,168800,227,185,158
led-1,168900,233,195,170
led-1,169000,236,198,174
led-1,169100,236,198,174
led-1,169200,236,198,174
led-1,169300,237,198,174
led-1,169400,236,197,173
led-1,169500,234,195,170
led-1,169600,247,231,240
led-1,169700,247,231,239
led-1,169800,247,231,239
led-1,169900,247,231,239
led-1,170000,246,231,239
led-1,170100,247,231,238
led-1,170200,247,231,238
led-1,170300,246,231,238
led-1,170400,246,231,237
led-1,170500,246,231,237
led-1,170600,247,231,237
led-1,170700,247,231,237
led-1,170800,247,231,237
led-1,170900,247,231,237
led-1,171000,247,231,237
led-1,171100,247,231,237
led-1,171200,247,231,237
led-1,171300,247,231,237
led-1,171400,247,231,237
led-1,171500,247,231,237
led-1,171600,247,231,237
led-1,171700,247,231,237
led-1,171800,247,231,237
led-1,171900,247,231,238
led-1,172000,247,231,237
led-1,172100,246,231,237
led-1,172200,246,231,237
led-1,172300,246,231,237
led-1,172400,246,231,237
led-1,172500,246,231,237
led-1,172600,246,231,237
led-1,172700,246,231,237
led-1,172800,246,231,237
led-1,172900,246,231,237
led-1,173000,247,231,238
led-1,173100,247,231,238
led-1,173200,247,231,238
led-1,173300,247,231,238
led-1,173400,247,231,238
led-1,173500,203,181,186
led-1,173600,246,231,238
led-1,173700,246,231,238
led-1,173800,246,231,237
led-1,173900,246,231,237
led-1,174000,246,231,238
led-1,174100,246,231,238
led-1,174200,246,231,238
led-1,174300,246,231,238
led-1,174400,247,231,238
led-1,174500,247,231,238
led-1,174600,247,231,238
led-1,174700,247,231,238
led-1,174800,247,231,238
led-1,174900,247,231,238
led-1,175000,247,231,237
led-1,175100,247,231,237
led-1,175200,247,231,237
led-1,175300,236,209,208
led-1,175400,246,231,237
led-1,175500,246,231,238
led-1,175600,246,231,238
led-1,175700,246,231,238
led-1,175800,246,231,238
led-1,175900,246,231,236
led-1,176000,247,231,237
led-1,176100,247,231,238
led-1,176200,174,102,75
led-1,176300,171,104,73
led-1,176400,183,105,78
led-1,176500,186,108,81
led-1,176600,185,108,81
led-1,176700,185,108,81
led-1,176800,173,104,78
led-1,176900,174,105,79
led-1,177000,181,102,78
led-1,177100,177,105,78
led-1,177200,177,104,78
led-1,177300,176,103,78
led-1,177400,174,103,77
led-1,177500,173,97,75
led-1,177600,169,101,76
led-1,177700,167,102,75
led-1,177800,193,199,217
led-1,177900,193,199,217
led-1,178000,193,199,217
led-1,178100,194,198,217
led-1,178200,194,198,217
led-1,178300,194,198,217
led-1,178400,194,198,217
led-1,178500,194,198,217
led-1,178600,194,198,217
led-1,178700,194,198,217
led-1,178800,194,198,217
led-1,178900,194,198,217
led-1,179000,194,198,218
led-1,179100,193,198,218
led-1,179200,193,198,218
led-1,179300,193,198,218
led-1,179400,193,198,219
led-1,179500,193,198,218
led-1,179600,193,198,218
led-1,179700,193,199,218
led-1,179800,193,199,218
led-1,179900,193,199,218
led-1,180000,193,199,218
led-1,180100,193,199,218
led-1,180200,193,199,218
led-1,180300,193,199,218
led-1,180400,193,199,218
led-1,180500,177,97,75
led-1,180600,169,92,72
led-1,180700,172,103,75
led-1,180800,174,102,75
led-1,180900,175,103,75
led-1,181000,179,98,77
led-1,181100,175,97,74
led-1,181200,175,103,76
led-1,181300,177,103,76
led-1,181400,178,102,77
led-1,181500,179,100,78
led-1,181600,163,88,70
led-1,181700,167,109,77
led-1,181800,181,108,81
led-1,181900,184,109,82
led-1,182000,187,109,83
led-1,182100,185,109,82
led-1,182200,185,109,83
led-1,182300,167,105,78
led-1,182400,152,106,81
led-1,182500,224,231,218
led-1,182600,222,227,215
led-1,182700,219,226,213
led-1,182800,217,223,211
led-1,182900,216,223,211
led-1,183000,216,223,210
led-1,183100,216,222,210
led-1,183200,216,222,210
led-1,183300,224,230,218
led-1,183400,233,238,226
led-1,183500,212,200,194
led-1,183600,183,155,154
led-1,183700,150,112,112
led-1,183800,129,88,82
led-1,183900,127,87,78
led-1,184000,124,88,74
led-1,184100,124,88,73
led-1,184200,125,89,74
led-1,184300,127,90,74
led-1,184400,129,93,75
led-1,184500,195,126,89
led-1,184600,152,98,78
led-1,184700,157,100,82
led-1,184800,163,107,87
led-1,184900,142,169,94
led-1,185000,133,68,67
led-1,185100,141,68,65
led-1,185200,141,68,64
led-1,185300,140,68,64
led-1,185400,140,69,64
led-1,185500,140,68,64
led-1,185600,153,73,69
led-1,185700,154,74,70
led-1,185800,130,62,58
led-1,185900,130,62,59
led-1,186000,182,211,255
led-1,186100,182,211,255
led-1,186200,182,211,255
led-1,186300,182,211,255
led-1,186400,182,211,255
led-1,186500,182,211,252
led-1,186600,86,62,58
led-1,186700,92,66,62
led-1,186800,89,64,61
led-1,186900,89,65,62
led-1,187000,87,64,61
led-1,187100,87,64,61
led-1,187200,89,66,64
led-1,187300,85,62,61
led-1,187400,86,67,65
led-1,187500,85,62,59
led-1,187600,87,62,59
led-1,187700,103,71,64
led-1,187800,176,184,207
led-1,187900,182,211,255
led-1,188000,182,211,253
led-1,188100,182,211,253
led-1,188200,183,211,249
led-1,188300,117,79,67
led-1,188400,87,63,57
led-1,188500,86,62,56
led-1,188600,87,61,54
led-1,188700,88,62,55
led-1,188800,90,63,57
led-1,188900,90,63,57
led-1,189000,92,63,58
led-1,189100,91,63,58
led-1,189200,92,64,59
led-1,189300,92,64,60
led-1,189400,255,244,222
led-1,189500,255,244,222
led-1,189600,255,244,222
led-1,189700,255,244,222
led-1,189800,255,244,222
led-1,189900,255,244,222
led-1,190000,255,244,221
led-1,190100,255,244,221
led-1,190200,255,244,221
led-1,190300,255,244,221
led-1,190400,255,244,221
led-1,190500,255,244,221
led-1,190600,255,244,221
led-1,190700,255,244,221
led-1,190800,255,244,222
led-1,190900,255,244,222
led-1,191000,255,244,222
led-1,191100,255,244,222
led-1,191200,255,244,222
led-1,191300,255,245,221
led-1,191400,255,244,221
led-1,191500,255,244,221
led-1,191600,255,244,221
led-1,191700,255,244,221
led-1,191800,255,244,221
led-1,191900,255,244,221
led-1,192000,255,244,221
led-1,192100,255,244,221
led-1,192200,95,65,60
led-1,192300,86,61,61
led-1,192400,94,58,50
led-1,192500,129,100,89
led-1,192600,163,124,103
led-1,192700,168,125,102
led-1,192800,167,127,103
led-1,192900,170,131,107
led-1,193000,163,126,103
led-1,193100,158,122,97
led-1,193200,146,112,89
led-1,193300,130,102,84
led-1,193400,127,100,84
led-1,193500,131,103,86
led-1,193600,139,108,89
led-1,193700,147,113,94
led-1,193800,159,122,99
led-1,193900,166,125,103
led-1,194000,175,130,104
led-1,194100,169,123,98
led-1,194200,160,116,93
led-1,194300,150,111,95
led-1,194400,147,113,102
led-1,194500,144,122,118
led-1,194600,144,127,129
led-1,194700,254,225,212
led-1,194800,254,225,212
led-1,194900,255,225,211
led-1,195000,255,225,211
led-1,195100,255,226,211
led-1,195200,255,226,211
led-1,195300,255,226,212
led-1,195400,255,227,212
led-1,195500,255,228,212
led-1,195600,255,228,212
led-1,195700,255,230,212
led-1,195800,172,131,113
led-1,195900,93,67,57
led-1,196000,199,117,99
led-1,196100,174,107,94
led-1,196200,195,147,142
led-1,196300,255,255,237
led-1,196400,255,253,216
led-1,196500,252,229,191
led-1,196600,241,214,181
led-1,196700,230,205,173
led-1,196800,215,195,166
led-1,196900,208,192,164
led-1,197000,255,229,213
led-1,197100,255,229,213
led-1,197200,255,229,213
led-1,197300,255,229,213
led-1,197400,255,229,213
led-1,197500,255,229,214
led-1,197600,255,230,212
led-1,197700,255,230,212
led-1,197800,255,230,212
led-1,197900,255,230,212
led-1,198000,255,229,212
led-1,198100,255,229,213
led-1,198200,255,229,214
led-1,198300,255,229,214
led-1,198400,255,229,214
led-1,198500,255,229,214
led-1,198600,255,229,214
led-1,198700,255,229,214
led-1,198800,255,229,214
led-1,198900,255,229,214
led-1,199000,255,229,214
led-1,199100,255,229,214
led-1,199200,255,229,214
led-1,199300,255,229,214
led-1,199400,255,229,214
led-1,199500,255,229,214
led-1,199600,255,229,214
led-1,199700,255,229,214
led-1,199800,255,229,214
led-1,199900,197,205,226
led-1,200000,197,206,226
led-1,200100,197,206,226
led-1,200200,197,206,226
led-1,200300,197,206,226
led-1,200400,197,206,226
led-1,200500,197,206,226
led-1,200600,197,205,227
led-1,200700,197,205,227
led-1,200800,197,205,227
led-1,200900,197,205,227
led-1,201000,197,205,227
led-1,201100,197,205,227
led-1,201200,197,205,227
led-1,201300,197,205,227
led-1,201400,197,206,227
led-1,201500,197,206,227
led-1,201600,197,206,227
led-1,201700,197,206,227
led-1,201800,197,206,227
led-1,201900,196,206,227
led-1,202000,197,205,226
led-1,202100,197,205,226
led-1,202200,197,205,226
led-1,202300,197,205,226
led-1,202400,197,205,226
led-1,202500,197,206,226
led-1,202600,197,206,226
led-1,202700,197,206,226
led-1,202800,197,206,226
led-1,202900,197,206,226
led-1,203000,197,206,226
led-1,203100,197,206,226
led-1,203200,197,206,226
led-1,203300,197,206,226
led-1,203400,197,206,226
led-1,203500,197,206,226
led-1,203600,197,206,226
led-1,203700,197,206,226
led-1,203800,196,206,226
led-1,203900,196,206,226
led-1,204000,196,206,226
led-1,204100,196,206,226
led-1,204200,249,237,231
led-1,204300,249,236,232
led-1,204400,249,236,232
led-1,204500,249,236,232
led-1,204600,249,236,232
led-1,204700,249,236,232
led-1,204800,249,236,232
led-1,204900,249,236,232
led-1,205000,248,237,232
led-1,205100,248,237,232
led-1,205200,248,237,232
led-1,205300,248,237,232
led-1,205400,248,237,232
led-1,205500,248,237,232
led-1,205600,248,237,232
led-1,205700,248,236,231
led-1,205800,248,236,232
led-1,205900,248,236,232
led-1,206000,203,200,215
led-1,206100,201,202,220
led-1,206200,197,206,226
led-1,206300,201,204,223
led-1,206400,198,206,226
led-1,206500,198,205,226
led-1,206600,199,205,224
led-1,206700,197,206,227
led-1,206800,197,206,227
led-1,206900,196,206,227
led-1,207000,197,206,225
led-1,207100,196,206,225
led-1,207200,139,123,138
led-1,207300,69,33,42
led-1,207400,70,34,47
led-1,207500,249,237,232
led-1,207600,249,237,232
led-1,207700,249,237,232
led-1,207800,249,236,232
led-1,207900,249,236,232
led-1,208000,248,237,232
led-1,208100,248,237,232
led-1,208200,231,216,209
led-1,208300,249,237,231
led-1,208400,249,237,232
led-1,208500,254,240,222
led-1,208600,249,236,232
led-1,208700,249,236,233
led-1,208800,248,237,231
led-1,208900,214,148,155
led-1,209000,196,205,226
led-1,209100,208,192,209
led-1,209200,218,121,119
led-1,209300,68,33,37
led-1,209400,194,183,199
led-1,209500,176,159,174
led-1,209600,191,196,215
led-1,209700,196,202,224
led-1,209800,212,186,203
led-1,209900,213,188,205
led-1,210000,213,152,151
led-1,210100,187,104,99
led-1,210200,73,38,49
led-1,210300,115,75,89
led-1,210400,176,161,176
led-1,210500,196,206,227
led-1,210600,213,194,212
led-1,210700,167,132,161
led-1,210800,228,148,146
led-1,210900,176,98,97
led-1,211000,197,113,123
led-1,211100,77,41,56
led-1,211200,195,206,225
led-1,211300,196,206,226
led-1,211400,196,205,226
led-1,211500,196,194,212
led-1,211600,197,128,132
led-1,211700,247,211,194
led-1,211800,246,212,194
led-1,211900,246,212,194
led-1,212000,246,212,194
led-1,212100,246,212,194
led-1,212200,245,212,193
led-1,212300,245,212,193
led-1,212400,246,212,193
led-1,212500,247,212,193
led-1,212600,248,212,194
led-1,212700,249,212,195
led-1,212800,201,124,190
led-1,212900,139,75,70
led-1,213000,140,85,78
led-1,213100,236,195,178
led-1,213200,249,214,192
led-1,213300,172,146,134
led-1,213400,140,124,112
led-1,213500,137,124,114
led-1,213600,135,123,115
led-1,213700,131,120,112
led-1,213800,214,208,240
led-1,213900,214,209,240
led-1,214000,213,209,240
led-1,214100,213,209,240
led-1,214200,212,182,236
led-1,214300,213,209,240
led-1,214400,213,209,240
led-1,214500,213,209,240
led-1,214600,213,209,240
led-1,214700,213,209,240
led-1,214800,213,209,240
led-1,214900,213,209,240
led-1,215000,213,209,240
led-1,215100,212,209,241
led-1,215200,212,209,241
led-1,215300,213,209,241
led-1,215400,213,209,241
led-1,215500,213,209,241
led-1,215600,214,209,240
led-1,215700,214,209,241
led-1,215800,213,209,241
led-1,215900,213,209,241
led-1,216000,213,209,240
led-1,216100,213,209,240
led-1,216200,213,209,240
led-1,216300,214,209,241
led-1,216400,214,209,241
led-1,216500,214,209,241
led-1,216600,214,209,241
led-1,216700,212,209,238
led-1,216800,170,137,162
led-1,216900,155,109,132
led-1,217000,182,158,182
led-1,217100,206,203,227
led-1,217200,211,208,236
led-1,217300,211,208,237
led-1,217400,211,208,237
led-1,217500,211,208,237
led-1,217600,210,206,235
led-1,217700,208,203,231
led-1,217800,206,201,228
led-1,217900,205,203,231
led-1,218000,209,208,235
led-1,218100,211,208,235
led-1,218200,212,208,236
led-1,218300,213,208,237
led-1,218400,213,209,238
led-1,218500,173,127,123
led-1,218600,144,90,88
led-1,218700,129,69,68
led-1,218800,148,77,76
led-1,218900,148,77,76
led-1,219000,147,75,73
led-1,219100,132,69,84
led-1,219200,144,78,92
led-1,219300,143,78,96
led-1,219400,141,77,94
led-1,219500,211,207,236
led-1,219600,205,139,159
led-1,219700,192,117,136
led-1,219800,189,134,154
led-1,219900,189,138,159
led-1,220000,190,143,163
led-1,220100,190,146,167
led-1,220200,191,148,170
led-1,220300,191,152,173
led-1,220400,193,153,175
led-1,220500,247,234,223
led-1,220600,248,235,224
led-1,220700,254,242,228
led-1,220800,253,240,227
led-1,220900,254,240,226
led-1,221000,253,240,225
led-1,221100,253,240,226
led-1,221200,255,244,222
led-1,221300,255,244,222
led-1,221400,255,244,222
led-1,221500,255,244,222
led-1,221600,255,244,222
led-1,221700,255,244,222
led-1,221800,255,244,222
led-1,221900,255,245,222
led-1,222000,255,245,221
led-1,222100,255,245,221
led-1,222200,255,245,221
led-1,222300,255,244,221
led-1,222400,255,244,221
led-1,222500,255,245,222
led-1,222600,255,245,222
led-1,222700,255,245,222
led-1,222800,255,244,222
led-1,222900,255,244,222
led-1,223000,255,244,222
led-1,223100,255,244,222
led-1,223200,255,244,222
led-1,223300,255,245,222
led-1,223400,255,245,222
led-1,223500,255,245,222
led-1,223600,255,245,222
led-1,223700,255,245,222
led-1,223800,255,232,228
led-1,223900,255,232,228
led-1,224000,255,232,228
led-1,224100,255,232,228
led-1,224200,255,232,228
led-1,224300,255,232,228
led-1,224400,255,232,227
led-1,224500,255,232,228
led-1,224600,255,232,227
led-1,224700,255,232,227
led-1,224800,255,232,227
led-1,224900,255,232,227
led-1,225000,255,232,227
led-1,225100,255,232,227
led-1,225200,255,232,227
led-1,225300,255,232,227
led-1,225400,255,232,227
led-1,225500,255,232,227
led-1,225600,255,232,228
led-1,225700,255,231,224
led-1,225800,255,231,228
led-1,225900,255,232,228
led-1,226000,255,231,228
led-1,226100,255,231,228
led-1,226200,255,231,228
led-1,226300,77,62,74
led-1,226400,77,62,74
led-1,226500,101,78,84
led-1,226600,75,60,72
led-1,226700,75,60,72
led-1,226800,76,61,72
led-1,226900,75,61,72
led-1,227000,76,61,73
led-1,227100,76,61,73
led-1,227200,76,61,73
led-1,227300,76,61,73
led-1,227400,76,61,73
led-1,227500,73,59,71
led-1,227600,71,56,69
led-1,227700,71,56,69
led-1,227800,71,56,69
led-1,227900,71,57,69
led-1,228000,72,57,70
led-1,228100,72,57,70
led-1,228200,72,57,70
led-1,228300,72,57,69
led-1,228400,72,57,69
led-1,228500,72,57,69
led-1,228600,72,57,69
led-1,228700,72,57,69
led-1,228800,72,57,69
led-1,228900,72,57,69
led-1,229000,72,57,69
led-1,229100,72,58,69
led-1,229200,72,57,69
led-1,229300,72,57,69
led-1,229400,71,56,68
led-1,229500,145,126,121
led-1,229600,199,173,164
led-1,229700,189,161,156
led-1,229800,187,160,154
led-1,229900,186,159,154
led-1,230000,173,133,133
led-1,230100,173,133,133
led-1,230200,173,133,133
led-1,230300,173,133,133
led-1,230400,173,133,133
led-1,230500,173,133,133
led-1,230600,172,133,133
led-1,230700,172,133,133
led-1,230800,172,133,133
led-1,230900,172,133,134
led-1,231000,172,133,133
led-1,231100,172,133,133
led-1,231200,172,133,134
led-1,231300,172,133,134
led-1,231400,172,133,133
led-1,231500,172,134,132
led-1,231600,172,134,133
led-1,231700,172,134,133
led-1,231800,172,134,133
led-1,231900,172,134,133
led-1,232000,172,133,133
led-1,232100,172,133,133
led-1,232200,172,133,133
led-1,232300,172,134,133
led-1,232400,172,134,133
led-1,232500,137,119,130
led-1,232600,133,117,129
led-1,232700,134,118,130
led-1,232800,110,100,121
led-1,232900,94,92,119
led-1,233000,195,171,158
led-1,233100,207,173,160
led-1,233200,193,162,154
led-1,233300,184,152,150
led-1,233400,184,151,151
led-1,233500,184,153,150
led-1,233600,188,157,153
led-1,233700,193,161,156
led-1,233800,200,169,163
led-1,233900,204,172,165
led-1,234000,209,174,151
led-1,234100,194,162,156
led-1,234200,185,151,141
led-1,234300,160,121,120
led-1,234400,159,120,120
led-1,234500,159,120,119
led-1,234600,158,120,118
led-1,234700,158,120,118
led-1,234800,158,119,118
led-1,234900,158,120,119
led-1,235000,157,120,119
led-1,235100,158,121,120
led-1,235200,159,122,120
led-1,235300,143,106,106
led-1,235400,127,88,92
led-1,235500,127,88,92
led-1,235600,129,92,95
led-1,235700,133,96,98
led-1,235800,139,103,104
led-1,235900,144,109,108
led-1,236000,152,118,115
led-1,236100,158,124,118
led-1,236200,162,128,121
led-1,236300,168,136,125
led-1,236400,171,139,129
led-1,236500,175,144,131
led-1,236600,177,146,132
led-1,236700,179,148,133
led-1,236800,180,149,134
led-1,236900,184,153,138
led-1,237000,155,122,117
led-1,237100,118,78,86
led-1,237200,148,108,107
led-1,237300,169,132,124
led-1,237400,175,139,128
led-1,237500,183,148,135
led-1,237600,186,151,138
led-1,237700,188,155,141
led-1,237800,192,160,145
led-1,237900,195,163,146
led-1,238000,198,166,148
led-1,238100,200,169,148
led-1,238200,201,171,151
led-1,238300,204,174,154
led-1,238400,206,177,156
led-1,238500,208,180,157
led-1,238600,209,181,158
led-1,238700,211,182,160
led-1,238800,212,184,161
led-1,238900,212,185,162
led-1,239000,213,186,162
led-1,239100,213,185,162
led-1,239200,207,179,156
led-1,239300,204,175,153
led-1,239400,207,179,156
led-1,239500,221,194,168
led-1,239600,227,204,175
led-1,239700,233,211,181
led-1,239800,239,223,191
led-1,239900,243,231,197
led-1,240000,249,237,201
led-1,240100,251,240,203
led-1,240200,251,242,204
led-1,240300,251,242,205
led-1,240400,252,242,203
led-1,240500,251,241,203
led-1,240600,250,240,201
led-1,240700,250,240,202
led-1,240800,249,239,201
led-1,240900,249,239,200
led-1,241000,248,238,200
led-1,241100,244,230,192
led-1,241200,249,240,202
led-1,241300,84,61,72
led-1,241400,84,61,71
led-1,241500,85,62,71
led-1,241600,85,62,72
led-1,241700,85,61,72
led-1,241800,85,61,72
led-1,241900,84,61,72
led-1,242000,84,62,72
led-1,242100,56,73,85
led-1,242200,56,73,85
led-1,242300,56,73,85
led-1,242400,73,81,95
led-1,242500,114,106,112
led-1,242600,94,94,102
led-1,242700,59,73,85
led-1,242800,57,73,85
led-1,242900,57,73,85
led-1,243000,56,73,85
led-1,243100,55,72,85
led-1,243200,56,72,86
led-1,243300,55,73,86
led-1,243400,55,72,86
led-1,243500,187,204,180
led-1,243600,58,125,119
led-1,243700,59,124,118
led-1,243800,101,127,124
led-1,243900,88,135,129
led-1,244000,58,124,118
led-1,244100,65,126,118
led-1,244200,251,247,226
led-1,244300,113,151,144
led-1,244400,56,121,116
led-1,244500,56,121,117
led-1,244600,56,122,116
led-1,244700,56,122,117
led-1,244800,56,122,117
led-1,244900,56,122,117
led-1,245000,57,123,116
led-1,245100,57,123,116
led-1,245200,57,124,117
led-1,245300,58,124,115
led-1,245400,59,125,114
led-1,245500,60,125,115
led-1,245600,60,126,114
led-1,245700,61,127,114
led-1,245800,61,127,113
led-1,245900,62,127,113
led-1,246000,63,126,111
led-1,246100,64,126,111
led-1,246200,64,126,110
led-1,246300,65,127,109
led-1,246400,65,127,108
led-1,246500,65,128,107
led-1,246600,67,129,107
led-1,246700,66,128,107
led-1,246800,66,128,104
led-1,246900,66,128,103
led-1,247000,66,128,101
led-1,247100,66,128,100
led-1,247200,66,128,100
led-1,247300,66,128,100
led-1,247400,69,129,98
led-1,247500,195,197,185
led-1,247600,114,154,138
led-1,247700,129,163,146
led-1,247800,140,164,153
led-1,247900,114,131,120
led-1,248000,102,147,124
led-1,248100,68,128,89
led-1,248200,57,96,66
led-1,248300,68,129,92
led-1,248400,68,129,92
led-1,248500,70,128,94
led-1,248600,70,129,94
led-1,248700,70,129,94
led-1,248800,70,129,92
led-1,248900,70,129,92
led-1,249000,70,129,92
led-1,249100,70,129,92
led-1,249200,70,130,91
led-1,249300,70,130,91
led-1,249400,70,130,91
led-1,249500,70,130,91
led-1,249600,70,130,91
led-1,249700,70,130,91
led-1,249800,70,130,91
led-1,249900,71,130,91
led-1,250000,71,130,91
led-1,250100,71,130,91
led-1,250200,71,130,90
led-1,250300,71,130,90
led-1,250400,71,130,90
led-1,250500,71,130,90
led-1,250600,71,130,90
led-1,250700,71,130,91
led-1,250800,156,155,134
led-1,250900,156,155,134
led-1,251000,157,155,134
led-1,251100,157,154,134
led-1,251200,157,154,134
led-1,251300,132,130,117
led-1,251400,115,112,104
led-1,251500,61,64,60
led-1,251600,58,61,57
led-1,251700,59,62,58
led-1,251800,61,63,60
led-1,251900,62,65,61
led-1,252000,99,109,118
led-1,252100,171,181,188
led-1,252200,150,164,180
led-1,252300,193,198,207
led-1,252400,125,140,152
led-1,252500,93,107,114
led-1,252600,102,114,122
led-1,252700,126,132,132
led-1,252800,142,157,157
led-1,252900,141,155,157
led-1,253000,139,159,171
led-1,253100,156,151,142
led-1,253200,73,82,74
led-1,253300,73,82,74
led-1,253400,73,82,74
led-1,253500,72,82,73
led-1,253600,72,81,73
led-1,253700,160,192,184
led-1,253800,153,185,177
led-1,253900,113,148,138
led-1,254000,58,93,74
led-1,254100,56,92,69
led-1,254200,56,92,69
led-1,254300,56,93,70
led-1,254400,58,94,72
led-1,254500,139,181,193
led-1,254600,138,179,197
led-1,254700,138,179,198
led-1,254800,138,180,197
led-1,254900,138,180,197
led-1,255000,139,181,199
led-1,255100,134,174,192
led-1,255200,151,191,205
led-1,255300,64,102,82
led-1,255400,74,93,89
led-1,255500,74,93,90
led-1,255600,74,93,89
led-1,255700,74,93,89
led-1,255800,73,92,90
led-1,255900,73,91,89
led-1,256000,72,91,88
led-1,256100,71,90,87
led-1,256200,71,90,88
led-1,256300,70,89,87
led-1,256400,70,88,87
led-1,256500,70,88,86
led-1,256600,70,88,86
led-1,256700,70,88,86
led-1,256800,69,87,85
led-1,256900,69,87,85
led-1,257000,118,183,111
led-1,257100,118,183,111
led-1,257200,118,183,112
led-1,257300,118,183,113
led-1,257400,118,183,113
led-1,257500,119,184,114
led-1,257600,119,184,114
led-1,257700,119,184,113
led-1,257800,119,184,113
led-1,257900,119,184,113
led-1,258000,119,184,113
led-1,258100,119,184,113
led-1,258200,119,184,113
led-1,258300,120,184,114
led-1,258400,120,184,114
led-1,258500,120,184,114
led-1,258600,120,184,114
led-1,258700,77,88,108
led-1,258800,78,88,107
led-1,258900,72,82,98
led-1,259000,52,62,74
led-1,259100,37,45,57
led-1,259200,30,35,43
led-1,259300,24,27,35
led-1,259400,25,31,38
led-1,259500,93,110,129
led-1,259600,87,103,120
led-1,259700,105,122,139
led-1,259800,133,150,165
led-1,259900,111,126,145
led-1,260000,133,146,169
led-1,260100,175,185,200
led-1,260200,223,233,231
led-1,260300,137,167,166
led-1,260400,86,123,129
led-1,260500,81,117,125
led-1,260600,80,117,126
led-1,260700,80,117,125
led-1,260800,80,116,123
led-1,260900,80,116,124
led-1,261000,79,115,122
led-1,261100,79,115,122
led-1,261200,139,154,142
led-1,261300,139,154,142
led-1,261400,140,154,143
led-1,261500,139,154,144
led-1,261600,139,152,143
led-1,261700,140,157,148
led-1,261800,144,169,161
led-1,261900,147,166,154
led-1,262000,84,117,81
led-1,262100,88,120,88
led-1,262200,89,121,90
led-1,262300,90,124,91
led-1,262400,93,127,93
led-1,262500,96,130,94
led-1,262600,98,132,97
led-1,262700,100,134,97
led-1,262800,105,142,98
led-1,262900,177,191,184
led-1,263000,179,195,187
led-1,263100,182,197,189
led-1,263200,182,197,188
led-1,263300,177,193,185
led-1,263400,175,191,182
led-1,263500,174,190,181
led-1,263600,174,190,182
led-1,263700,174,190,181
led-1,263800,173,190,181
led-1,263900,172,188,180
led-1,264000,168,185,177
led-1,264100,168,185,177
led-1,264200,167,184,178
led-1,264300,167,184,177
led-1,264400,167,184,177
led-1,264500,188,202,188
led-1,264600,188,202,188
led-1,264700,188,202,188
led-1,264800,188,202,188
led-1,264900,188,202,188
led-1,265000,188,202,187
led-1,265100,187,202,186
led-1,265200,187,201,187
led-1,265300,187,201,187
led-1,265400,187,201,187
led-1,265500,187,201,187
led-1,265600,187,201,187
led-1,265700,187,201,187
led-1,265800,187,201,186
led-1,265900,188,202,186
led-1,266000,187,202,186
led-1,266100,187,202,187
led-1,266200,101,124,123
led-1,266300,99,123,120
led-1,266400,96,121,117
led-1,266500,92,119,113
led-1,266600,94,120,115
led-1,266700,114,134,139
led-1,266800,116,131,143
led-1,266900,113,129,140
led-1,267000,112,129,139
led-1,267100,113,129,140
led-1,267200,113,129,140
led-1,267300,113,129,140
led-1,267400,113,130,140
led-1,267500,112,129,138
led-1,267600,113,129,138
led-1,267700,113,129,139
led-1,267800,113,129,138
led-1,267900,113,129,138
led-1,268000,116,133,139
led-1,268100,117,133,140
led-1,268200,118,133,141
led-1,268300,119,134,141
led-1,268400,119,135,140
led-1,268500,120,136,139
led-1,268600,122,137,139
led-1,268700,123,138,139
led-1,268800,126,140,140
led-1,268900,128,142,139
led-1,269000,131,145,139
led-1,269100,132,145,138
led-1,269200,134,146,139
led-1,269300,136,149,140
led-1,269400,137,149,140
led-1,269500,138,151,139
led-1,269600,140,151,139
led-1,269700,140,151,139
led-1,269800,141,152,139
led-1,269900,141,152,139
led-1,270000,142,153,139
led-1,270100,142,153,139
led-1,270200,142,153,139
led-1,270300,143,154,139
led-1,270400,23,27,13
led-1,270500,70,72,79
led-1,270600,126,129,144
led-1,270700,154,160,170
led-1,270800,37,38,35
led-1,270900,24,26,14
led-1,271000,43,46,48
led-1,271100,97,99,104
led-1,271200,185,187,186
led-1,271300,35,37,34
led-1,271400,23,26,14
led-1,271500,54,56,60
led-1,271600,84,86,93
led-1,271700,121,127,133
led-1,271800,43,45,43
led-1,271900,24,26,13
led-1,272000,52,54,60
led-1,272100,95,98,111
led-1,272200,128,133,144
led-1,272300,36,38,36
led-1,272400,24,26,14
led-1,272500,41,43,46
led-1,272600,82,84,88
led-1,272700,186,190,189
led-1,272800,34,38,29
led-1,272900,23,26,14
led-1,273000,105,108,119
led-1,273100,167,171,187
led-1,273200,178,182,196
led-1,273300,37,38,37
led-1,273400,23,26,15
led-1,273500,23,26,13
led-1,273600,23,26,13
led-1,273700,22,26,13
led-1,273800,23,26,13
led-1,273900,22,26,13
led-1,274000,23,26,14
led-1,274100,23,26,14
led-1,274200,23,26,14
led-1,274300,23,26,14
led-1,274400,22,26,16
led-1,274500,22,26,14
led-1,274600,23,26,15
led-1,274700,22,26,15
led-1,274800,22,26,15
led-1,274900,22,26,15
led-1,275000,24,28,18
led-1,275100,27,31,21
led-1,275200,27,31,21
led-1,275300,27,31,22
led-1,275400,28,31,22
led-1,275500,28,31,22
led-1,275600,28,32,22
led-1,275700,29,31,22
led-1,275800,29,31,22
led-1,275900,29,31,22
led-1,276000,72,104,39
led-1,276100,72,104,39
led-1,276200,72,104,40
led-1,276300,74,105,42
led-1,276400,196,197,177
led-1,276500,40,49,43
led-1,276600,72,104,40
led-1,276700,72,104,40
led-1,276800,72,103,40
led-1,276900,73,103,39
led-1,277000,72,103,39
led-1,277100,210,209,203
led-1,277200,74,104,40
led-1,277300,218,210,201
led-1,277400,41,50,44
led-1,277500,73,103,40
led-1,277600,73,103,40
led-1,277700,73,103,40
led-1,277800,73,103,40
led-1,277900,73,103,40
led-1,278000,59,78,39
led-1,278100,58,78,39
led-1,278200,58,78,40
led-1,278300,58,78,40
led-1,278400,58,78,40
led-1,278500,59,78,40
led-1,278600,59,78,40
led-1,278700,59,78,40
led-1,278800,59,78,40
led-1,278900,59,78,40
led-1,279000,59,78,40
led-1,279100,59,78,40
led-1,279200,59,78,40
led-1,279300,59,78,40
led-1,279400,59,78,40
led-1,279500,59,78,39
led-1,279600,59,78,39
led-1,279700,59,78,39
led-1,279800,200,199,224
led-1,279900,200,199,224
led-1,280000,201,201,226
led-1,280100,204,203,229
led-1,280200,209,208,233
led-1,280300,222,221,243
led-1,280400,223,223,241
led-1,280500,223,223,241
led-1,280600,224,223,242
led-1,280700,224,223,242
led-1,280800,224,223,242
led-1,280900,224,223,241
led-1,281000,224,222,241
led-1,281100,224,222,241
led-1,281200,224,222,241
led-1,281300,223,222,241
led-1,281400,71,76,73
led-1,281500,71,76,72
led-1,281600,72,77,72
led-1,281700,72,77,73
led-1,281800,69,73,69
led-1,281900,60,65,60
led-1,282000,47,53,46
led-1,282100,47,53,47
led-1,282200,55,60,53
led-1,282300,52,55,48
led-1,282400,51,54,47
led-1,282500,49,53,47
led-1,282600,50,54,48
led-1,282700,56,60,55
led-1,282800,62,67,61
led-1,282900,64,69,64
led-1,283000,66,71,66
led-1,283100,67,72,68
led-1,283200,68,73,69
led-1,283300,68,74,70
led-1,283400,69,75,71
led-1,283500,71,76,72
led-1,283600,70,77,73
led-1,283700,72,78,74
led-1,283800,74,81,78
led-1,283900,76,83,80
led-1,284000,75,82,80
led-1,284100,75,82,79
led-1,284200,75,82,80
led-1,284300,75,81,80
led-1,284400,76,82,81
led-1,284500,77,84,83
led-1,284600,78,84,83
led-1,284700,78,83,83
led-1,284800,193,220,88
led-1,284900,193,220,88
led-1,285000,193,220,88
led-1,285100,193,220,88
led-1,285200,193,220,87
led-1,285300,193,220,87
led-1,285400,193,220,87
led-1,285500,193,220,87
led-1,285600,193,220,87
led-1,285700,192,220,87
led-1,285800,192,220,87
led-1,285900,192,220,87
led-1,286000,192,220,87
led-1,286100,192,220,87
led-1,286200,192,220,87
led-1,286300,192,220,87
led-1,286400,192,220,86
led-1,286500,192,220,86
led-1,286600,192,220,86
led-1,286700,192,220,86
led-1,286800,192,220,86
led-1,286900,192,220,86
led-1,287000,192,220,86
led-1,287100,192,220,87
led-1,287200,192,220,87
led-1,287300,192,220,87
led-1,287400,192,220,87
led-1,287500,192,220,87
led-1,287600,192,220,87
led-1,287700,192,220,87
led-1,287800,192,220,87
led-1,287900,192,220,87
led-1,288000,192,220,87
led-1,288100,193,220,87
led-1,288200,193,220,87
led-1,288300,193,220,87
led-1,288400,193,220,87
led-1,288500,193,220,87
led-1,288600,193,220,87
led-1,288700,193,220,87
led-1,288800,193,220,87
led-1,288900,192,220,87
led-1,289000,192,220,87
led-1,289100,192,220,87
led-1,289200,193,220,87
led-1,289300,193,220,87
led-1,289400,193,219,87
led-1,289500,193,219,87
led-1,289600,192,220,87
led-1,289700,192,220,87
led-1,289800,192,220,87
led-1,289900,192,220,87
led-1,290000,192,220,87
led-1,290100,192,220,87
led-1,290200,192,220,87
led-1,290300,192,220,87
led-1,290400,192,220,87
led-1,290500,192,220,87
led-1,290600,192,220,87
led-1,290700,192,220,87
led-1,290800,193,219,87
led-1,290900,193,219,87
led-1,291000,193,219,87
led-1,291100,193,220,87
led-1,291200,193,220,87
led-1,291300,193,220,87
led-1,291400,193,220,87
led-1,291500,193,220,87
led-1,291600,193,220,87
led-1,291700,193,220,87
led-1,291800,193,220,87
led-1,291900,193,220,87
led-1,292000,193,220,87
led-1,292100,193,220,87
led-1,292200,193,220,87
led-1,292300,185,171,148
led-1,292400,194,178,155
led-1,292500,200,185,159
led-1,292600,206,187,158
led-1,292700,190,174,148
led-1,292800,154,145,127
led-1,292900,143,137,123
led-1,293000,132,129,116
led-1,293100,134,132,118
led-1,293200,138,134,120
led-1,293300,142,138,123
led-1,293400,145,139,124
led-1,293500,131,127,115
led-1,293600,114,113,104
led-1,293700,98,99,92
led-1,293800,90,92,86
led-1,293900,90,91,86
led-1,294000,91,93,88
led-1,294100,93,94,89
led-1,294200,94,95,90
led-1,294300,94,95,90
led-1,294400,93,94,90
led-1,294500,90,91,86
led-1,294600,91,91,86
led-1,294700,102,100,91
led-1,294800,115,110,99
led-1,294900,117,111,99
led-1,295000,106,102,92
led-1,295100,100,97,89
led-1,295200,100,86,76
led-1,295300,114,108,97
led-1,295400,109,105,95
led-1,295500,109,105,94
led-1,295600,121,130,111
led-1,295700,121,130,111
led-1,295800,121,130,111
led-1,295900,121,130,111
led-1,296000,120,130,111
led-1,296100,120,129,111
led-1,296200,120,129,111
led-1,296300,119,128,112
led-1,296400,119,128,111
led-1,296500,118,128,110
led-1,296600,117,127,110
led-1,296700,117,126,109
led-1,296800,116,126,109
led-1,296900,115,124,109
led-1,297000,114,123,108
led-1,297100,113,124,107
led-1,297200,88,82,73
led-1,297300,88,83,72
led-1,297400,88,83,72
led-1,297500,89,83,73
led-1,297600,90,85,75
led-1,297700,127,123,107
led-1,297800,134,126,95
led-1,297900,248,245,188
led-1,298000,79,77,69
led-1,298100,76,74,67
led-1,298200,75,73,67
led-1,298300,75,73,67
led-1,298400,76,74,68
led-1,298500,76,75,68
led-1,298600,64,62,58
led-1,298700,53,52,48
led-1,298800,38,38,35
led-1,298900,30,29,27
led-1,299000,17,17,17
led-1,299100,10,10,10
led-1,299200,5,5,5
led-1,299300,0,0,0
led-1,299400,0,0,0
led-1,299500,0,0,0
led-1,299600,0,0,0
led-1,299700,0,0,0
led-1,299800,0,0,0
led-1,299900,0,0,0
led-1,300000,0,0,0
led-1,300100,0,0,0
led-1,300200,0,0,0
led-1,300300,8,8,8
led-1,300400,21,21,21
led-1,300500,44,47,44
led-1,300600,62,68,67
led-1,300700,85,91,88
led-1,300800,124,132,130
led-1,300900,151,164,158
led-1,301000,196,214,205
led-1,301100,195,214,205
led-1,301200,195,214,205
led-1,301300,196,215,203
led-1,301400,196,215,203
led-1,301500,196,215,203
led-1,301600,196,215,203
led-1,301700,196,215,203
led-1,301800,196,215,203
led-1,301900,195,215,203
led-1,302000,195,215,203
led-1,302100,195,215,203
led-1,302200,195,215,203
led-1,302300,195,215,203
led-1,302400,195,215,203
led-1,302500,196,215,203
led-1,302600,196,215,203
led-1,302700,196,215,203
led-1,302800,195,214,202
led-1,302900,195,214,202
led-1,303000,195,214,202
led-1,303100,195,214,202
led-1,303200,195,214,202
led-1,303300,196,214,202
led-1,303400,195,214,202
led-1,303500,195,214,202
led-1,303600,195,214,202
led-1,303700,195,213,202
led-1,303800,196,213,202
led-1,303900,196,213,202
led-1,304000,195,213,201
led-1,304100,195,213,201
led-1,304200,195,213,201
led-1,304300,195,212,202
led-1,304400,195,213,202
led-1,304500,195,213,202
led-1,304600,195,212,202
led-1,304700,195,212,202
led-1,304800,195,212,202
led-1,304900,195,212,202
led-1,305000,194,212,202
led-1,305100,194,212,202
led-1,305200,194,212,200
led-1,305300,196,252,255
led-1,305400,196,252,255
led-1,305500,196,252,255
led-1,305600,196,252,255
led-1,305700,196,252,255
led-1,305800,196,252,255
led-1,305900,196,252,255
led-1,306000,196,252,255
led-1,306100,196,252,255
led-1,306200,196,252,255
led-1,306300,196,252,255
led-1,306400,196,252,255
led-1,306500,196,252,255
led-1,306600,196,252,255
led-1,306700,196,252,255
led-1,306800,196,253,255
led-1,306900,196,253,255
led-1,307000,196,252,255
led-1,307100,196,252,255
led-1,307200,196,252,255
led-1,307300,201,251,255
led-1,307400,204,252,255
led-1,307500,147,109,110
led-1,307600,136,76,70
led-1,307700,107,66,65
led-1,307800,128,102,102
led-1,307900,130,84,84
led-1,308000,197,251,255
led-1,308100,146,165,177
led-1,308200,122,121,134
led-1,308300,90,81,87
led-1,308400,143,135,125
led-1,308500,140,132,124
led-1,308600,137,130,122
led-1,308700,122,123,115
led-1,308800,113,118,108
led-1,308900,110,115,105
led-1,309000,127,123,111
led-1,309100,149,129,114
led-1,309200,180,157,127
led-1,309300,197,173,135
led-1,309400,181,156,126
led-1,309500,176,150,123
led-1,309600,177,150,123
led-1,309700,177,151,123
led-1,309800,197,177,147
led-1,309900,144,133,120
led-1,310000,129,120,109
led-1,310100,126,117,108
led-1,310200,130,120,110
led-1,310300,133,122,112
led-1,310400,133,122,112
led-1,310500,128,118,107
led-1,310600,127,117,107
led-1,310700,125,117,107
led-1,310800,124,118,107
led-1,310900,125,118,108
led-1,311000,125,118,107
led-1,311100,125,118,108
led-1,311200,123,117,107
led-1,311300,111,111,101
led-1,311400,107,107,98
led-1,311500,99,102,93
led-1,311600,95,99,89
led-1,311700,89,94,85
led-1,311800,80,86,77
led-1,311900,74,78,70
led-1,312000,75,70,66
led-1,312100,65,67,63
led-1,312200,70,69,70
led-1,312300,74,70,78
led-1,312400,76,72,88
led-1,312500,66,67,88
led-1,312600,67,68,92
led-1,312700,79,77,96
led-1,312800,94,96,121
led-1,312900,103,104,131
led-1,313000,86,98,145
led-1,313100,107,124,172
led-1,313200,106,116,164
led-1,313300,83,93,141
led-1,313400,93,104,152
led-1,313500,168,152,169
led-1,313600,177,167,160
led-1,313700,170,148,170
led-1,313800,158,147,127
led-1,313900,142,116,100
led-1,314000,141,113,95
led-1,314100,171,157,123
led-1,314200,157,141,116
led-1,314300,148,79,79
led-1,314400,157,86,86
led-1,314500,170,190,163
led-1,314600,174,193,165
led-1,314700,174,192,166
led-1,314800,168,188,163
led-1,314900,167,185,159
led-1,315000,160,178,153
led-1,315100,157,175,149
led-1,315200,155,172,147
led-1,315300,132,151,130
led-1,315400,117,137,120
led-1,315500,147,168,147
led-1,315600,195,207,181
led-1,315700,236,232,215
led-1,315800,255,246,236
led-1,315900,180,173,159
led-1,316000,52,52,45
led-1,316100,51,52,43
led-1,316200,68,69,53
led-1,316300,113,112,79
led-1,316400,141,137,92
led-1,316500,168,160,105
led-1,316600,162,155,103
led-1,316700,150,145,100
led-1,316800,122,123,92
led-1,316900,101,103,81
led-1,317000,78,81,64
led-1,317100,72,74,59
led-1,317200,72,74,60
led-1,317300,74,90,73
led-1,317400,89,78,73
led-1,317500,160,128,120
led-1,317600,116,111,100
led-1,317700,100,102,95
led-1,317800,98,94,92
led-1,317900,97,104,97
led-1,318000,101,104,91
led-1,318100,99,107,96
led-1,318200,107,101,100
led-1,318300,98,73,66
led-1,318400,67,86,67
led-1,318500,58,81,63
led-1,318600,53,60,47
led-1,318700,55,37,33
led-1,318800,55,57,46
led-1,318900,54,82,61
led-1,319000,56,81,61
led-1,319100,58,55,45
led-1,319200,82,41,39
led-1,319300,87,91,68
led-1,319400,86,91,67
led-1,319500,86,91,67
led-1,319600,89,92,70
led-1,319700,90,95,72
led-1,319800,97,101,76
led-1,319900,106,107,80
led-1,320000,116,117,84
led-1,320100,114,115,83
led-1,320200,68,72,58
led-1,320300,48,51,45
led-1,320400,44,48,42
led-1,320500,43,46,41
led-1,320600,50,54,48
led-1,320700,60,63,53
led-1,320800,69,73,61
led-1,320900,70,74,63
led-1,321000,69,73,63
led-1,321100,75,79,67
led-1,321200,80,85,72
led-1,321300,89,94,75
led-1,321400,100,104,79
led-1,321500,115,115,83
led-1,321600,122,125,75
led-1,321700,138,153,127
led-1,321800,170,185,160
led-1,321900,127,147,119
led-1,322000,60,78,57
led-1,322100,57,75,55
led-1,322200,55,84,73
led-1,322300,55,85,73
led-1,322400,55,85,73
led-1,322500,56,85,74
led-1,322600,55,84,73
led-1,322700,55,84,73
led-1,322800,56,84,73
led-1,322900,55,83,73
led-1,323000,53,83,72
led-1,323100,53,83,72
led-1,323200,53,83,72
led-1,323300,53,82,71
led-1,323400,53,82,71
led-1,323500,52,81,70
led-1,323600,52,80,69
led-1,323700,52,80,69
led-1,323800,176,135,135
led-1,323900,132,92,103
led-1,324000,238,173,135
led-1,324100,237,166,123
led-1,324200,240,166,123
led-1,324300,241,164,120
led-1,324400,240,165,123
led-1,324500,242,167,124
led-1,324600,242,167,125
led-1,324700,241,167,126
led-1,324800,242,166,127
led-1,324900,241,165,126
led-1,325000,228,155,115
led-1,325100,226,153,115
led-1,325200,224,152,114
led-1,325300,223,149,113
led-1,325400,149,110,96
led-1,325500,237,179,122
led-1,325600,232,164,118
led-1,325700,225,157,113
led-1,325800,220,151,108
led-1,325900,220,151,107
led-1,326000,222,154,108
led-1,326100,222,157,109
led-1,326200,224,162,113
led-1,326300,227,168,117
led-1,326400,228,170,118
led-1,326500,229,173,122
led-1,326600,251,191,134
led-1,326700,232,219,175
led-1,326800,187,171,144
led-1,326900,179,162,137
led-1,327000,221,185,161
led-1,327100,201,158,136
led-1,327200,195,155,130
led-1,327300,195,153,127
led-1,327400,195,153,127
led-1,327500,189,147,127
led-1,327600,221,206,198
led-1,327700,126,121,109
led-1,327800,112,125,118
led-1,327900,147,197,174
led-1,328000,204,255,255
led-1,328100,214,255,255
led-1,328200,222,255,255
led-1,328300,232,255,255
led-1,328400,236,255,255
led-1,328500,240,255,255
led-1,328600,241,255,255
led-1,328700,241,255,255
led-1,328800,240,255,255
led-1,328900,240,255,255
led-1,329000,241,255,255
led-1,329100,241,255,255
led-1,329200,241,255,255
led-1,329300,241,255,255
led-1,329400,242,255,255
led-1,329500,242,255,255
led-1,329600,242,255,255
led-1,329700,241,255,255
led-1,329800,241,255,255
led-1,329900,241,255,255
led-1,330000,241,255,255
led-1,330100,241,255,255
led-1,330200,241,255,255
led-1,330300,241,255,255
led-1,330400,241,255,255
led-1,330500,241,255,255
led-1,330600,241,255,255
led-1,330700,241,255,255
led-1,330800,241,255,255
led-1,330900,241,255,255
led-1,331000,241,255,255
led-1,331100,241,255,255
led-1,331200,241,255,255
led-1,331300,220,194,178
led-1,331400,241,255,255
led-1,331500,241,255,255
led-1,331600,241,255,255
led-1,331700,241,255,255
led-1,331800,241,255,255
led-1,331900,241,255,255
led-1,332000,241,255,255
led-1,332100,241,255,255
led-1,332200,241,255,255
led-1,332300,241,255,255
led-1,332400,241,255,255
led-1,332500,241,255,255
led-1,332600,241,255,255
led-1,332700,241,255,255
led-1,332800,242,255,255
led-1,332900,241,255,255
led-1,333000,237,255,254
led-1,333100,230,253,249
led-1,333200,227,251,247
led-1,333300,227,251,249
led-1,333400,234,255,254
led-1,333500,240,255,255
led-1,333600,240,255,255
led-1,333700,240,255,255
led-1,333800,240,255,255
led-1,333900,240,255,255
led-1,334000,240,255,255
led-1,334100,240,255,255
led-1,334200,240,255,255
led-1,334300,240,255,255
led-1,334400,234,234,190
led-1,334500,235,234,191
led-1,334600,235,235,191
led-1,334700,234,235,193
led-1,334800,233,235,193
led-1,334900,233,235,193
led-1,335000,232,236,197
led-1,335100,232,235,196
led-1,335200,231,234,196
led-1,335300,230,234,196
led-1,335400,230,233,195
led-1,335500,226,231,195
led-1,335600,224,229,192
led-1,335700,219,226,189
led-1,335800,213,219,183
led-1,335900,207,214,176
led-1,336000,197,205,166
led-1,336100,189,197,156
led-1,336200,182,190,149
led-1,336300,168,174,137
led-1,336400,157,163,126
led-1,336500,138,144,110
led-1,336600,127,129,99
led-1,336700,116,120,90
led-1,336800,103,102,78
led-1,336900,228,250,249
led-1,337000,95,48,41
led-1,337100,8,8,6
led-1,337200,229,250,250
led-1,337300,229,250,250
led-1,337400,229,250,250
led-1,337500,229,250,250
led-1,337600,229,250,250
led-1,337700,228,250,250
led-1,337800,228,250,250
led-1,337900,228,250,250
led-1,338000,228,250,250
led-1,338100,228,251,250
led-1,338200,228,251,250
led-1,338300,228,251,250
led-1,338400,228,251,250
led-1,338500,228,251,250
led-1,338600,228,251,250
led-1,338700,228,251,250
led-1,338800,228,250,250
led-1,338900,228,250,250
led-1,339000,228,250,250
led-1,339100,228,250,250
led-1,339200,228,250,250
led-1,339300,228,250,250
led-1,339400,228,250,250
led-1,339500,228,250,250
led-1,339600,228,250,250
led-1,339700,228,250,250
led-1,339800,46,42,38
led-1,339900,46,42,38
led-1,340000,46,42,38
led-1,340100,46,42,38
led-1,340200,46,42,38
led-1,340300,46,42,38
led-1,340400,46,42,38
led-1,340500,46,42,38
led-1,340600,46,42,37
led-1,340700,46,42,37
led-1,340800,46,42,37
led-1,340900,46,42,37
led-1,341000,46,42,37
led-1,341100,46,42,37
led-1,341200,46,42,37
led-1,341300,47,42,38
led-1,341400,47,42,37
led-1,341500,47,42,38
led-1,341600,47,42,38
led-1,341700,47,42,38
led-1,341800,47,42,38
led-1,341900,47,42,38
led-1,342000,46,42,38
led-1,342100,46,42,38
led-1,342200,46,42,38
led-1,342300,46,42,38
led-1,342400,46,42,38
led-1,342500,46,42,38
led-1,342600,46,42,38
led-1,342700,46,42,38
led-1,342800,46,42,39
led-1,342900,47,43,39
led-1,343000,46,43,38
led-1,343100,46,43,38
led-1,343200,46,42,36
led-1,343300,46,42,36
led-1,343400,47,43,37
led-1,343500,47,43,39
led-1,343600,49,44,40
led-1,343700,49,44,40
led-1,343800,55,68,36
led-1,343900,49,51,38
led-1,344000,52,48,42
led-1,344100,57,52,47
led-1,344200,61,56,49
led-1,344300,63,60,52
led-1,344400,60,58,49
led-1,344500,53,49,44
led-1,344600,51,49,41
led-1,344700,51,52,40
led-1,344800,50,55,39
led-1,344900,50,55,41
led-1,345000,51,62,36
led-1,345100,53,65,35
led-1,345200,55,65,37
led-1,345300,53,64,38
led-1,345400,52,62,36
led-1,345500,52,64,37
led-1,345600,52,66,36
led-1,345700,50,66,34
led-1,345800,44,61,31
led-1,345900,44,60,30
led-1,346000,42,59,29
led-1,346100,43,59,28
led-1,346200,43,63,29
led-1,346300,46,66,32
led-1,346400,46,66,33
led-1,346500,59,77,34
led-1,346600,43,57,28
led-1,346700,43,57,27
led-1,346800,59,81,30
led-1,346900,58,78,30
led-1,347000,50,68,32
led-1,347100,53,72,31
led-1,347200,54,70,28
led-1,347300,47,64,30
led-1,347400,53,72,34
led-1,347500,60,83,33
led-1,347600,63,85,33
led-1,347700,65,86,35
led-1,347800,68,92,38
led-1,347900,66,91,38
led-1,348000,63,89,37
led-1,348100,60,84,35
led-1,348200,56,78,33
led-1,348300,55,74,32
led-1,348400,57,76,32
led-1,348500,58,77,33
led-1,348600,58,79,33
led-1,348700,58,82,32
led-1,348800,66,91,36
led-1,348900,69,91,38
led-1,349000,72,88,37
led-1,349100,69,83,36
led-1,349200,65,78,34
led-1,349300,65,77,33
led-1,349400,68,82,36
led-1,349500,74,92,43
led-1,349600,84,103,50
led-1,349700,93,116,57
led-1,349800,97,127,65
led-1,349900,100,132,68
led-1,350000,44,59,32
led-1,350100,100,140,67
led-1,350200,106,150,74
led-1,350300,103,146,73
led-1,350400,103,144,72
led-1,350500,103,142,73
led-1,350600,103,140,74
led-1,350700,101,135,73
led-1,350800,100,129,74
led-1,350900,103,131,80
led-1,351000,110,137,88
led-1,351100,144,167,86
led-1,351200,162,183,92
led-1,351300,123,144,109
led-1,351400,117,139,106
led-1,351500,67,95,44
led-1,351600,35,37,30
led-1,351700,51,64,31
led-1,351800,41,56,25
led-1,351900,39,51,24
led-1,352000,35,43,24
led-1,352100,34,38,25
led-1,352200,33,34,26
led-1,352300,40,40,33
led-1,352400,47,47,40
led-1,352500,59,58,48
led-1,352600,66,66,54
led-1,352700,69,68,54
led-1,352800,67,66,51
led-1,352900,69,67,53
led-1,353000,63,66,48
led-1,353100,103,96,72
led-1,353200,228,190,119
led-1,353300,115,134,103
led-1,353400,115,134,102
led-1,353500,114,134,105
led-1,353600,115,134,105
led-1,353700,115,134,106
led-1,353800,115,134,105
led-1,353900,114,133,104
led-1,354000,114,134,104
led-1,354100,114,134,104
led-1,354200,114,134,104
led-1,354300,115,134,104
led-1,354400,115,134,104
led-1,354500,115,134,104
led-1,354600,115,134,103
led-1,354700,115,134,103
led-1,354800,115,134,103
led-1,354900,115,134,103
led-1,355000,111,130,101
led-1,355100,73,104,63
led-1,355200,190,167,109
led-1,355300,109,108,81
led-1,355400,119,115,76
led-1,355500,111,150,48
led-1,355600,81,110,40
led-1,355700,63,85,35
led-1,355800,62,85,34
led-1,355900,63,84,35
led-1,356000,63,84,36
led-1,356100,63,84,36
led-1,356200,63,84,35
led-1,356300,63,84,36
led-1,356400,63,85,36
led-1,356500,64,84,36
led-1,356600,64,84,36
led-1,356700,64,84,36
led-1,356800,63,83,37
led-1,356900,61,80,36
led-1,357000,57,76,35
led-1,357100,55,75,34
led-1,357200,54,75,34
led-1,357300,56,79,35
led-1,357400,57,79,35
led-1,357500,54,74,34
led-1,357600,53,71,32
led-1,357700,51,67,31
led-1,357800,47,62,29
led-1,357900,45,60,28
led-1,358000,47,64,29
led-1,358100,52,70,32
led-1,358200,56,75,34
led-1,358300,60,81,35
led-1,358400,61,82,38
led-1,358500,68,86,37
led-1,358600,76,96,39
led-1,358700,54,73,34
led-1,358800,93,135,53
led-1,358900,43,57,26
led-1,359000,88,108,43
led-1,359100,54,73,34
led-1,359200,71,105,41
led-1,359300,53,68,38
led-1,359400,70,94,42
led-1,359500,53,62,36
led-1,359600,56,68,37
led-1,359700,54,67,37
led-1,359800,55,73,35
led-1,359900,58,80,34
led-1,360000,57,76,35
led-1,360100,55,70,35
led-1,360200,151,157,108
led-1,360300,211,203,157
led-1,360400,182,183,145
led-1,360500,186,184,152
led-1,360600,143,161,126
led-1,360700,100,129,99
led-1,360800,179,179,140
led-1,360900,121,140,112
led-1,361000,103,123,99
led-1,361100,107,126,101
led-1,361200,110,127,100
led-1,361300,112,129,103
led-1,361400,112,130,104
led-1,361500,113,130,104
led-1,361600,112,130,104
led-1,361700,112,129,104
led-1,361800,108,127,102
led-1,361900,105,126,101
led-1,362000,100,122,98
led-1,362100,97,120,97
led-1,362200,94,118,95
led-1,362300,91,114,93
led-1,362400,90,113,92
led-1,362500,86,112,91
led-1,362600,86,112,90
led-1,362700,86,112,91
led-1,362800,85,111,91
led-1,362900,84,111,90
led-1,363000,85,110,88
led-1,363100,86,111,91
led-1,363200,86,110,91
led-1,363300,86,111,90
led-1,363400,85,111,90
led-1,363500,86,112,90
led-1,363600,86,113,91
led-1,363700,87,113,91
led-1,363800,91,114,92
led-1,363900,93,115,93
led-1,364000,96,118,95
led-1,364100,100,120,96
led-1,364200,105,123,98
led-1,364300,110,127,103
led-1,364400,113,129,105
led-1,364500,119,131,107
led-1,364600,120,132,108
led-1,364700,123,135,111
led-1,364800,124,138,110
led-1,364900,130,143,115
led-1,365000,140,151,122
led-1,365100,145,154,124
led-1,365200,149,157,126
led-1,365300,150,159,128
led-1,365400,148,156,125
led-1,365500,139,149,121
led-1,365600,134,146,119
led-1,365700,126,142,114
led-1,365800,117,135,109
led-1,365900,113,132,106
led-1,366000,109,128,105
led-1,366100,109,128,105
led-1,366200,112,128,106
led-1,366300,119,134,111
led-1,366400,124,139,115
led-1,366500,129,144,118
led-1,366600,132,147,121
led-1,366700,136,151,122
led-1,366800,146,158,128
led-1,366900,153,162,132
led-1,367000,156,165,134
led-1,367100,160,167,137
led-1,367200,163,169,140
led-1,367300,162,170,142
led-1,367400,159,168,140
led-1,367500,143,160,132
led-1,367600,130,151,122
led-1,367700,118,143,115
led-1,367800,100,128,103
led-1,367900,91,120,96
led-1,368000,78,107,86
led-1,368100,72,102,82
led-1,368200,69,98,78
led-1,368300,66,93,75
led-1,368400,65,91,73
led-1,368500,64,87,70
led-1,368600,63,86,69
led-1,368700,62,85,69
led-1,368800,60,84,68
led-1,368900,60,84,67
led-1,369000,59,83,66
led-1,369100,59,83,67
led-1,369200,60,83,67
led-1,369300,60,83,67
led-1,369400,60,83,67
led-1,369500,60,83,67
led-1,369600,60,83,67
led-1,369700,61,84,68
led-1,369800,60,84,67
led-1,369900,61,85,68
led-1,370000,61,85,68
led-1,370100,61,86,69
led-1,370200,61,86,69
led-1,370300,61,86,69
led-1,370400,62,87,70
led-1,370500,62,87,70
led-1,370600,63,87,70
led-1,370700,64,87,71
led-1,370800,64,87,71
led-1,370900,64,88,71
led-1,371000,64,88,71
led-1,371100,64,88,71
led-1,371200,110,116,87
led-1,371300,65,63,46
led-1,371400,66,64,48
led-1,371500,67,64,48
led-1,371600,67,63,49
led-1,371700,67,64,49
led-1,371800,67,64,49
led-1,371900,67,64,49
led-1,372000,67,64,49
led-1,372100,111,135,103
led-1,372200,109,164,134
led-1,372300,107,164,134
led-1,372400,107,164,134
led-1,372500,107,165,135
led-1,372600,107,164,135
led-1,372700,107,165,135
led-1,372800,157,232,255
led-1,372900,157,232,255
led-1,373000,157,232,255
led-1,373100,157,232,255
led-1,373200,157,232,255
led-1,373300,157,232,255
led-1,373400,157,232,255
led-1,373500,157,232,255
led-1,373600,157,232,255
led-1,373700,157,232,255
led-1,373800,157,232,255
led-1,373900,157,232,255
led-1,374000,157,232,255
led-1,374100,157,232,255
led-1,374200,157,232,255
led-1,374300,157,232,255
led-1,374400,157,232,255
led-1,374500,157,232,255
led-1,374600,157,232,255
led-1,374700,157,232,255
led-1,374800,157,232,255
led-1,374900,157,232,255
led-1,375000,157,232,255
led-1,375100,157,232,255
led-1,375200,157,232,255
led-1,375300,157,232,255
led-1,375400,107,164,137
led-1,375500,108,165,136
led-1,375600,107,165,136
led-1,375700,108,165,136
led-1,375800,108,165,136
led-1,375900,107,165,135
led-1,376000,108,165,136
led-1,376100,108,164,135
led-1,376200,108,164,136
led-1,376300,108,164,135
led-1,376400,108,164,135
led-1,376500,108,164,135
led-1,376600,108,164,135
led-1,376700,108,164,135
led-1,376800,108,164,135
led-1,376900,108,164,135
led-1,377000,108,164,135
led-1,377100,108,164,135
led-1,377200,108,164,135
led-1,377300,108,164,135
led-1,377400,108,164,135
led-1,377500,108,164,135
led-1,377600,108,164,135
led-1,377700,108,164,135
led-1,377800,108,164,135
led-1,377900,108,164,135
led-1,378000,108,164,135
led-1,378100,108,164,135
led-1,378200,108,164,135
led-1,378300,108,164,135
led-1,378400,188,183,131
led-1,378500,154,131,94
led-1,378600,173,136,96
led-1,378700,185,141,100
led-1,378800,191,144,101
led-1,378900,200,149,106
led-1,379000,245,221,157
led-1,379100,171,131,91
led-1,379200,153,116,83
led-1,379300,166,122,87
led-1,379400,169,125,87
led-1,379500,171,126,88
led-1,379600,170,125,88
led-1,379700,164,120,86
led-1,379800,114,89,68
led-1,379900,104,81,66
led-1,380000,123,95,77
led-1,380100,128,99,78
led-1,380200,128,100,80
led-1,380300,127,101,79
led-1,380400,127,100,79
led-1,380500,200,164,118
led-1,380600,159,133,89
led-1,380700,123,147,100
led-1,380800,123,147,100
led-1,380900,123,147,100
led-1,381000,122,146,100
led-1,381100,122,146,101
led-1,381200,98,102,104
led-1,381300,98,102,104
led-1,381400,98,102,104
led-1,381500,98,102,104
led-1,381600,98,102,104
led-1,381700,98,103,104
led-1,381800,94,98,99
led-1,381900,90,95,96
led-1,382000,89,94,95
led-1,382100,89,94,94
led-1,382200,89,94,94
led-1,382300,88,94,94
led-1,382400,88,94,94
led-1,382500,88,93,94
led-1,382600,88,93,94
led-1,382700,88,93,94
led-1,382800,88,93,94
led-1,382900,88,93,94
led-1,383000,88,93,94
led-1,383100,88,94,93
led-1,383200,89,93,94
led-1,383300,89,93,94
led-1,383400,89,93,94
led-1,383500,89,93,94
led-1,383600,89,93,94
led-1,383700,89,93,94
led-1,383800,89,93,94
led-1,383900,89,93,94
led-1,384000,89,93,94
led-1,384100,89,93,94
led-1,384200,89,93,94
led-1,384300,89,93,94
led-1,384400,89,93,94
led-1,384500,89,93,94
led-1,384600,89,93,94
led-1,384700,88,93,94
led-1,384800,88,93,94
led-1,384900,88,93,94
led-1,385000,88,92,93
led-1,385100,88,92,93
led-1,385200,88,92,93
led-1,385300,87,92,93
led-1,385400,87,92,93
led-1,385500,87,92,93
led-1,385600,94,98,100
led-1,385700,98,100,102
led-1,385800,99,101,103
led-1,385900,100,101,103
led-1,386000,99,102,103
led-1,386100,99,102,103
led-1,386200,99,102,103
led-1,386300,99,102,103
led-1,386400,100,102,102
led-1,386500,99,102,103
led-1,386600,99,102,103
led-1,386700,99,102,103
led-1,386800,99,102,103
led-1,386900,99,102,103
led-1,387000,99,102,103
led-1,387100,99,102,103
led-1,387200,99,102,103
led-1,387300,99,102,103
led-1,387400,99,102,103
led-1,387500,99,102,103
led-1,387600,99,102,103
led-1,387700,99,102,103
led-1,387800,99,102,103
led-1,387900,99,102,103
led-1,388000,99,102,103
led-1,388100,98,102,103
led-1,388200,99,102,103
led-1,388300,98,102,103
led-1,388400,98,102,103
led-1,388500,98,102,103
led-1,388600,98,102,103
led-1,388700,98,102,103
led-1,388800,98,102,103
led-1,388900,98,102,103
led-1,389000,99,102,103
led-1,389100,100,103,104
led-1,389200,100,103,104
led-1,389300,100,103,105
led-1,389400,101,103,104
led-1,389500,101,104,105
led-1,389600,101,104,105
led-1,389700,101,104,105
led-1,389800,101,104,104
led-1,389900,101,104,104
led-1,390000,101,104,104
led-1,390100,100,104,105
led-1,390200,100,104,105
led-1,390300,101,104,104
led-1,390400,101,104,104
led-1,390500,101,104,104
led-1,390600,101,104,106
led-1,390700,101,104,105
led-1,390800,185,240,255
led-1,390900,185,240,255
led-1,391000,117,77,64
led-1,391100,159,165,184
led-1,391200,185,240,255
led-1,391300,185,240,255
led-1,391400,185,240,255
led-1,391500,185,240,255
led-1,391600,185,240,255
led-1,391700,185,240,255
led-1,391800,185,240,255
led-1,391900,185,240,255
led-1,392000,185,240,255
led-1,392100,185,240,255
led-1,392200,185,240,255
led-1,392300,185,240,255
led-1,392400,185,240,255
led-1,392500,123,152,114
led-1,392600,123,152,114
led-1,392700,123,152,114
led-1,392800,123,152,114
led-1,392900,123,152,114
led-1,393000,123,152,114
led-1,393100,123,152,114
led-1,393200,122,152,114
led-1,393300,122,152,114
led-1,393400,122,152,114
led-1,393500,123,151,113
led-1,393600,123,151,113
led-1,393700,123,151,113
led-1,393800,122,152,113
led-1,393900,123,151,113
led-1,394000,123,151,113
led-1,394100,123,151,113
led-1,394200,123,151,113
led-1,394300,123,151,114
led-1,394400,123,151,114
led-1,394500,221,143,114
led-1,394600,221,143,114
led-1,394700,220,142,113
led-1,394800,220,142,113
led-1,394900,219,142,110
led-1,395000,218,143,110
led-1,395100,219,143,110
led-1,395200,220,143,112
led-1,395300,221,145,113
led-1,395400,225,146,114
led-1,395500,230,149,117
led-1,395600,234,152,120
led-1,395700,238,154,120
led-1,395800,242,155,123
led-1,395900,241,155,124
led-1,396000,243,155,126
led-1,396100,243,155,127
led-1,396200,195,241,255
led-1,396300,195,241,255
led-1,396400,195,241,255
led-1,396500,195,241,255
led-1,396600,195,241,255
led-1,396700,195,241,255
led-1,396800,195,241,255
led-1,396900,195,241,255
led-1,397000,195,241,255
led-1,397100,195,241,255
led-1,397200,195,241,255
led-1,397300,195,241,255
led-1,397400,195,241,255
led-1,397500,195,242,255
led-1,397600,195,242,255
led-1,397700,195,242,255
led-1,397800,195,242,255
led-1,397900,195,242,255
led-1,398000,194,241,255
led-1,398100,195,241,255
led-1,398200,195,241,255
led-1,398300,195,241,255
led-1,398400,195,241,255
led-1,398500,195,241,255
led-1,398600,195,241,255
led-1,398700,195,241,255
led-1,398800,206,181,156
led-1,398900,249,218,177
led-1,399000,229,174,150
led-1,399100,214,161,138
led-1,399200,189,141,119
led-1,399300,189,141,118
led-1,399400,225,185,152
led-1,399500,156,106,80
led-1,399600,169,149,131
led-1,399700,169,151,133
led-1,399800,138,231,255
led-1,399900,138,231,255
led-1,400000,176,196,206
led-1,400100,198,178,172
led-1,400200,213,174,157
led-1,400300,222,176,155
led-1,400400,226,181,158
led-1,400500,232,190,165
led-1,400600,235,196,169
led-1,400700,239,199,171
led-1,400800,242,202,173
led-1,400900,243,204,175
led-1,401000,245,207,176
led-1,401100,246,208,177
led-1,401200,246,209,178
led-1,401300,246,210,178
led-1,401400,246,209,178
led-1,401500,245,208,178
led-1,401600,245,207,178
led-1,401700,243,205,177
led-1,401800,246,211,181
led-1,401900,249,218,186
led-1,402000,140,231,255
led-1,402100,139,233,255
led-1,402200,139,233,255
led-1,402300,139,233,255
led-1,402400,139,233,255
led-1,402500,140,232,255
led-1,402600,154,221,248
led-1,402700,168,221,243
led-1,402800,195,219,230
led-1,402900,239,209,188
led-1,403000,239,199,170
led-1,403100,237,195,166
led-1,403200,234,192,164
led-1,403300,223,182,156
led-1,403400,182,145,126
led-1,403500,160,127,117
led-1,403600,140,232,255
led-1,403700,140,232,255
led-1,403800,140,233,255
led-1,403900,141,232,255
led-1,404000,142,233,255
led-1,404100,144,233,255
led-1,404200,180,172,176
led-1,404300,202,136,110
led-1,404400,127,228,255
led-1,404500,71,207,255
led-1,404600,197,239,254
led-1,404700,197,240,254
led-1,404800,173,236,255
led-1,404900,108,222,255
led-1,405000,142,223,235
led-1,405100,142,224,235
led-1,405200,142,224,235
led-1,405300,142,224,235
led-1,405400,142,224,235
led-1,405500,142,224,235
led-1,405600,140,214,227
led-1,405700,114,147,151
led-1,405800,113,145,150
led-1,405900,115,146,150
led-1,406000,115,150,152
led-1,406100,117,153,156
led-1,406200,121,159,163
led-1,406300,128,167,173
led-1,406400,130,170,177
led-1,406500,129,174,183
led-1,406600,123,153,155
led-1,406700,111,133,129
led-1,406800,143,223,234
led-1,406900,143,223,234
led-1,407000,143,223,234
led-1,407100,143,223,234
led-1,407200,142,223,234
led-1,407300,142,223,235
led-1,407400,142,223,235
led-1,407500,141,224,235
led-1,407600,141,224,236
led-1,407700,141,224,236
led-1,407800,141,224,236
led-1,407900,141,224,236
led-1,408000,141,224,236
led-1,408100,141,224,236
led-1,408200,136,115,109
led-1,408300,149,128,120
led-1,408400,151,130,119
led-1,408500,127,109,105
led-1,408600,113,95,90
led-1,408700,121,97,98
led-1,408800,137,222,255
led-1,408900,129,221,255
led-1,409000,129,221,255
led-1,409100,129,220,255
led-1,409200,129,220,255
led-1,409300,129,220,255
led-1,409400,129,220,255
led-1,409500,129,220,255
led-1,409600,129,220,255
led-1,409700,129,220,255
led-1,409800,129,220,255
led-1,409900,129,220,255
led-1,410000,129,220,255
led-1,410100,134,203,242
led-1,410200,183,170,172
led-1,410300,144,130,123
led-1,410400,132,117,112
led-1,410500,155,245,255
led-1,410600,154,245,255
led-1,410700,154,245,255
led-1,410800,133,124,141
led-1,410900,123,84,77
led-1,411000,155,244,255
led-1,411100,154,245,255
led-1,411200,167,184,198
led-1,411300,171,105,132
led-1,411400,161,104,98
led-1,411500,113,71,63
led-1,411600,191,140,132
led-1,411700,161,129,140
led-1,411800,171,114,111
led-1,411900,195,148,137
led-1,412000,173,108,117
led-1,412100,205,133,113
led-1,412200,72,40,39
led-1,412300,74,40,39
led-1,412400,74,39,39
led-1,412500,75,39,39
led-1,412600,75,39,38
led-1,412700,74,39,38
led-1,412800,75,39,38
led-1,412900,75,38,37
led-1,413000,75,38,35
led-1,413100,74,39,35
led-1,413200,75,38,35
led-1,413300,75,38,37
led-1,413400,74,39,37
led-1,413500,74,39,37
led-1,413600,74,39,37
led-1,413700,74,39,38
led-1,413800,73,40,38
led-1,413900,72,40,39
led-1,414000,71,42,39
led-1,414100,70,42,41
led-1,414200,68,43,42
led-1,414300,67,45,46
led-1,414400,64,47,47
led-1,414500,60,49,51
led-1,414600,57,50,53
led-1,414700,54,52,55
led-1,414800,48,53,58
led-1,414900,42,53,58
led-1,415000,38,52,56
led-1,415100,38,52,56
led-1,415200,38,52,58
led-1,415300,38,53,57
led-1,415400,38,54,57
led-1,415500,39,54,58
led-1,415600,39,55,58
led-1,415700,40,56,59
led-1,415800,43,58,58
led-1,415900,45,60,60
led-1,416000,48,64,60
led-1,416100,49,66,61
led-1,416200,114,181,180
led-1,416300,113,181,181
led-1,416400,113,181,181
led-1,416500,113,181,181
led-1,416600,112,181,180
led-1,416700,112,181,180
led-1,416800,112,181,180
led-1,416900,112,181,180
led-1,417000,112,181,180
led-1,417100,112,181,180
led-1,417200,112,181,180
led-1,417300,112,181,180
led-1,417400,187,238,252
led-1,417500,187,238,252
led-1,417600,186,239,252
led-1,417700,186,238,251
led-1,417800,186,239,251
led-1,417900,186,239,251
led-1,418000,186,239,251
led-1,418100,186,239,251
led-1,418200,186,239,251
led-1,418300,186,239,251
led-1,418400,186,239,251
led-1,418500,186,239,251
led-1,418600,186,239,251
led-1,418700,186,239,251
led-1,418800,186,239,251
led-1,418900,186,239,251
led-1,419000,186,239,251
led-1,419100,186,239,251
led-1,419200,187,239,251
led-1,419300,225,117,74
led-1,419400,166,67,34
led-1,419500,119,39,24
led-1,419600,119,47,26
led-1,419700,119,48,28
led-1,419800,110,52,43
led-1,419900,196,215,228
led-1,420000,186,239,252
led-1,420100,148,225,255
led-1,420200,166,187,190
led-1,420300,109,162,105
led-1,420400,114,159,105
led-1,420500,153,227,255
led-1,420600,245,255,250
led-1,420700,198,252,215
led-1,420800,138,224,255
led-1,420900,141,199,220
led-1,421000,134,135,121
led-1,421100,134,133,120
led-1,421200,133,132,115
led-1,421300,132,133,118
led-1,421400,132,133,116
led-1,421500,132,133,116
led-1,421600,132,133,116
led-1,421700,132,133,116
led-1,421800,132,133,116
led-1,421900,57,84,96
led-1,422000,74,112,92
led-1,422100,64,99,98
led-1,422200,66,99,98
led-1,422300,60,87,100
led-1,422400,60,88,102
led-1,422500,61,89,103
led-1,422600,61,91,104
led-1,422700,62,92,105
led-1,422800,64,95,105
led-1,422900,66,97,106
led-1,423000,64,97,106
led-1,423100,64,98,106
led-1,423200,64,98,107
led-1,423300,65,99,108
led-1,423400,67,100,109
led-1,423500,67,101,109
led-1,423600,68,102,109
led-1,423700,68,102,110
led-1,423800,68,103,110
led-1,423900,68,103,111
led-1,424000,68,104,109
led-1,424100,69,104,109
led-1,424200,69,105,110
led-1,424300,70,106,110
led-1,424400,139,112,110
led-1,424500,143,117,113
led-1,424600,143,117,115
led-1,424700,145,118,116
led-1,424800,140,113,111
led-1,424900,141,115,112
led-1,425000,136,110,106
led-1,425100,136,107,105
led-1,425200,129,100,97
led-1,425300,125,95,91
led-1,425400,120,91,86
led-1,425500,116,87,80
led-1,425600,111,81,75
led-1,425700,109,78,72
led-1,425800,105,73,67
led-1,425900,102,70,64
led-1,426000,94,65,61
led-1,426100,97,70,64
led-1,426200,107,77,71
led-1,426300,102,73,71
led-1,426400,115,81,75
led-1,426500,63,113,79
led-1,426600,58,102,76
led-1,426700,55,93,77
led-1,426800,52,83,80
led-1,426900,49,77,79
led-1,427000,45,70,78
led-1,427100,43,67,73
led-1,427200,41,67,69
led-1,427300,40,68,66
led-1,427400,40,69,64
led-1,427500,81,130,61
led-1,427600,79,128,61
led-1,427700,80,129,65
led-1,427800,117,159,110
led-1,427900,138,173,131
led-1,428000,141,172,136
led-1,428100,137,169,137
led-1,428200,135,166,137
led-1,428300,131,161,137
led-1,428400,128,158,136
led-1,428500,124,155,134
led-1,428600,121,153,131
led-1,428700,120,152,131
led-1,428800,119,153,131
led-1,428900,120,152,129
led-1,429000,115,150,123
led-1,429100,115,150,122
led-1,429200,114,151,121
led-1,429300,74,204,255
led-1,429400,72,203,255
led-1,429500,73,204,255
led-1,429600,74,203,255
led-1,429700,74,204,255
led-1,429800,75,204,255
led-1,429900,76,204,255
led-1,430000,77,205,255
led-1,430100,77,205,255
led-1,430200,79,205,255
led-1,430300,82,206,255
led-1,430400,82,207,255
led-1,430500,82,207,255
led-1,430600,80,206,255
led-1,430700,80,206,255
led-1,430800,69,77,74
led-1,430900,72,81,72
led-1,431000,77,83,75
led-1,431100,96,97,78
led-1,431200,113,104,90
led-1,431300,88,98,81
led-1,431400,96,115,73
led-1,431500,61,71,60
led-1,431600,61,73,58
led-1,431700,55,65,56
led-1,431800,56,64,58
led-1,431900,72,78,72
led-1,432000,112,101,94
led-1,432100,96,90,88
led-1,432200,97,93,88
led-1,432300,81,103,66
led-1,432400,70,93,64
led-1,432500,76,86,75
led-1,432600,78,87,80
led-1,432700,77,85,80
led-1,432800,90,92,85
led-1,432900,118,123,92
led-1,433000,109,110,93
led-1,433100,114,133,97
led-1,433200,134,143,97
led-1,433300,119,146,94
led-1,433400,84,99,88
led-1,433500,78,90,84
led-1,433600,76,89,81
led-1,433700,80,97,83
led-1,433800,117,91,92
led-1,433900,114,86,86
led-1,434000,108,78,76
led-1,434100,106,75,73
led-1,434200,103,73,71
led-1,434300,97,68,66
led-1,434400,101,73,69
led-1,434500,106,79,73
led-1,434600,104,77,72
led-1,434700,105,78,73
led-1,434800,108,80,74
led-1,434900,110,83,75
led-1,435000,113,87,77
led-1,435100,117,90,82
led-1,435200,121,94,86
led-1,435300,129,104,98
led-1,435400,136,112,107
led-1,435500,145,123,119
led-1,435600,163,247,255
led-1,435700,163,247,255
led-1,435800,163,248,255
led-1,435900,171,248,255
led-1,436000,191,240,113
led-1,436100,158,207,88
led-1,436200,122,216,255
led-1,436300,122,216,255
led-1,436400,122,216,255
led-1,436500,122,216,255
led-1,436600,152,126,114
led-1,436700,122,216,255
led-1,436800,122,216,255
led-1,436900,122,216,255
led-1,437000,121,216,255
led-1,437100,121,216,255
led-1,437200,121,216,255
led-1,437300,121,216,255
led-1,437400,121,216,255
led-1,437500,121,216,255
led-1,437600,121,216,255
led-1,437700,121,216,255
led-1,437800,121,216,255
led-1,437900,121,216,255
led-1,438000,125,216,255
led-1,438100,172,155,165
led-1,438200,130,213,255
led-1,438300,176,144,147
led-1,438400,133,213,251
led-1,438500,178,135,131
led-1,438600,140,209,245
led-1,438700,191,171,162
led-1,438800,145,204,236
led-1,438900,170,181,192
led-1,439000,127,218,255
led-1,439100,127,218,255
led-1,439200,127,218,255
led-1,439300,127,218,255
led-1,439400,127,218,255
led-1,439500,127,218,255
led-1,439600,127,218,255
led-1,439700,127,218,255
led-1,439800,139,195,236
led-1,439900,121,216,255
led-1,440000,121,216,255
led-1,440100,121,216,255
led-1,440200,121,216,255
led-1,440300,121,216,255
led-1,440400,121,216,255
led-1,440500,121,216,255
led-1,440600,67,214,255
led-1,440700,67,214,255
led-1,440800,67,214,255
led-1,440900,67,214,255
led-1,441000,67,214,255
led-1,441100,67,214,255
led-1,441200,67,214,255
led-1,441300,67,214,255
led-1,441400,67,214,255
led-1,441500,67,214,255
led-1,441600,67,214,255
led-1,441700,67,214,255
led-1,441800,67,214,255
led-1,441900,67,214,255
led-1,442000,67,214,255
led-1,442100,67,214,255
led-1,442200,190,198,198
led-1,442300,146,122,99
led-1,442400,198,194,118
led-1,442500,127,115,87
led-1,442600,119,125,121
led-1,442700,43,56,63
led-1,442800,25,36,42
led-1,442900,29,36,42
led-1,443000,56,53,57
led-1,443100,60,56,60
led-1,443200,48,49,54
led-1,443300,176,208,224
led-1,443400,148,233,255
led-1,443500,87,154,99
led-1,443600,100,167,126
led-1,443700,112,172,196
led-1,443800,145,234,255
led-1,443900,145,234,255
led-1,444000,145,233,255
led-1,444100,144,233,255
led-1,444200,143,233,255
led-1,444300,141,232,255
led-1,444400,141,232,255
led-1,444500,141,232,255
led-1,444600,141,232,255
led-1,444700,141,232,255
led-1,444800,63,121,75
led-1,444900,59,97,59
led-1,445000,110,243,133
led-1,445100,110,240,132
led-1,445200,112,246,137
led-1,445300,113,242,136
led-1,445400,110,232,133
led-1,445500,104,221,128
led-1,445600,100,213,125
led-1,445700,98,206,122
led-1,445800,96,198,120
led-1,445900,94,196,118
led-1,446000,92,194,115
led-1,446100,92,193,115
led-1,446200,92,193,115
led-1,446300,92,193,115
led-1,446400,91,193,115
led-1,446500,92,193,115
led-1,446600,92,193,115
led-1,446700,93,191,115
led-1,446800,93,180,108
led-1,446900,92,174,104
led-1,447000,89,168,101
led-1,447100,98,134,83
led-1,447200,102,78,60
led-1,447300,111,74,66
led-1,447400,113,78,71
led-1,447500,116,85,81
led-1,447600,125,97,95
led-1,447700,137,114,114
led-1,447800,153,136,139
led-1,447900,163,147,151
led-1,448000,169,155,159
led-1,448100,170,156,160
led-1,448200,170,155,159
led-1,448300,166,150,153
led-1,448400,163,144,148
led-1,448500,158,138,141
led-1,448600,156,135,137
led-1,448700,154,132,135
led-1,448800,153,130,132
led-1,448900,152,129,131
led-1,449000,151,127,129
led-1,449100,151,127,129
led-1,449200,154,130,132
led-1,449300,156,134,136
led-1,449400,162,143,145
led-1,449500,169,152,154
led-1,449600,169,152,154
led-1,449700,171,157,160
led-1,449800,157,137,140
led-1,449900,156,136,138
led-1,450000,185,168,172
led-1,450100,194,180,182
led-1,450200,181,168,172
led-1,450300,119,88,84
led-1,450400,109,81,72
led-1,450500,115,149,97
led-1,450600,103,188,117
led-1,450700,93,192,115
led-1,450800,92,192,115
led-1,450900,92,192,115
led-1,451000,92,192,115
led-1,451100,92,192,115
led-1,451200,92,192,115
led-1,451300,92,193,115
led-1,451400,92,193,115
led-1,451500,92,193,114
led-1,451600,92,193,114
led-1,451700,92,193,114
led-1,451800,102,107,113
led-1,451900,102,107,113
led-1,452000,103,106,113
led-1,452100,103,106,113
led-1,452200,103,106,113
led-1,452300,103,106,113
led-1,452400,103,106,113
led-1,452500,103,107,113
led-1,452600,100,104,112
led-1,452700,88,91,94
led-1,452800,96,90,83
led-1,452900,160,146,125
led-1,453000,151,226,216
led-1,453100,81,110,91
led-1,453200,81,104,88
led-1,453300,65,116,88
led-1,453400,58,108,80
led-1,453500,58,108,80
led-1,453600,58,108,80
led-1,453700,58,108,80
led-1,453800,58,107,80
led-1,453900,58,107,80
led-1,454000,57,108,79
led-1,454100,57,108,79
led-1,454200,57,108,79
led-1,454300,58,107,79
led-1,454400,58,107,79
led-1,454500,58,108,79
led-1,454600,58,108,79
led-1,454700,57,108,79
led-1,454800,57,108,79
led-1,454900,57,108,79
led-1,455000,57,108,80
led-1,455100,57,108,80
led-1,455200,57,108,80
led-1,455300,58,108,80
led-1,455400,58,108,80
led-1,455500,58,108,80
led-1,455600,58,108,80
led-1,455700,58,108,80
led-1,455800,57,108,80
led-1,455900,57,108,80
led-1,456000,58,108,79
led-1,456100,58,108,79
led-1,456200,58,108,79
led-1,456300,58,107,79
led-1,456400,57,107,79
led-1,456500,57,107,79
led-1,456600,57,107,79
led-1,456700,57,107,79
led-1,456800,58,107,79
led-1,456900,58,107,79
led-1,457000,58,107,80
led-1,457100,58,107,80
led-1,457200,59,107,79
led-1,457300,103,117,92
led-1,457400,171,124,101
led-1,457500,190,134,106
led-1,457600,188,132,106
led-1,457700,185,130,104
led-1,457800,187,132,104
led-1,457900,189,132,104
led-1,458000,193,135,107
led-1,458100,197,140,110
led-1,458200,200,145,113
led-1,458300,98,130,114
led-1,458400,98,130,114
led-1,458500,98,130,114
led-1,458600,98,130,114
led-1,458700,98,130,114
led-1,458800,98,130,114
led-1,458900,98,130,114
led-1,459000,97,131,114
led-1,459100,97,131,114
led-1,459200,97,131,114
led-1,459300,97,131,114
led-1,459400,97,130,114
led-1,459500,97,130,114
led-1,459600,97,130,114
led-1,459700,97,130,114
led-1,459800,97,130,114
led-1,459900,97,130,114
led-1,460000,99,131,114
led-1,460100,107,135,118
led-1,460200,120,139,122
led-1,460300,142,148,132
led-1,460400,155,154,139
led-1,460500,166,160,145
led-1,460600,117,112,104
led-1,460700,71,71,64
led-1,460800,22,21,21
led-1,460900,3,3,3
led-1,461000,0,0,0
led-1,461100,0,0,0
led-1,461200,0,0,0
led-1,461300,0,0,0
led-1,461400,0,0,0
led-1,461500,0,0,0
led-1,461600,0,0,0
led-1,461700,0,0,0
led-1,461800,0,0,0
led-1,461900,3,3,3
led-1,462000,8,10,9
led-1,462100,14,17,16
led-1,462200,19,25,21
led-1,462300,32,39,36
led-1,462400,40,50,45
led-1,462500,52,69,61
led-1,462600,62,84,72
led-1,462700,62,84,73
led-1,462800,63,85,74
led-1,462900,64,85,74
led-1,463000,65,88,74
led-1,463100,67,89,73
led-1,463200,68,90,71
led-1,463300,70,90,68
led-1,463400,71,91,64
led-1,463500,71,87,61
led-1,463600,71,86,62
led-1,463700,68,85,61
led-1,463800,67,81,59
led-1,463900,66,79,57
led-1,464000,66,77,55
led-1,464100,64,75,53
led-1,464200,65,74,53
led-1,464300,68,79,53
led-1,464400,71,83,55
led-1,464500,71,83,53
led-1,464600,70,81,50
led-1,464700,68,78,45
led-1,464800,69,80,48
led-1,464900,70,82,52
led-1,465000,70,83,60
led-1,465100,70,76,63
led-1,465200,68,71,60
led-1,465300,69,71,56
led-1,465400,74,74,58
led-1,465500,80,74,66
led-1,465600,83,76,71
led-1,465700,88,80,75
led-1,465800,84,82,69
led-1,465900,78,80,60
led-1,466000,73,91,64
led-1,466100,82,111,92
led-1,466200,100,134,129
led-1,466300,118,164,177
led-1,466400,127,186,213
led-1,466500,129,190,211
led-1,466600,126,179,201
led-1,466700,116,159,182
led-1,466800,128,183,209
led-1,466900,120,166,166
led-1,467000,111,144,150
led-1,467100,127,180,208
led-1,467200,128,186,212
led-1,467300,129,186,214
led-1,467400,124,177,189
led-1,467500,68,79,81
led-1,467600,56,58,70
led-1,467700,61,66,81
led-1,467800,81,104,126
led-1,467900,106,151,171
led-1,468000,90,96,99
led-1,468100,70,65,65
led-1,468200,74,80,72
led-1,468300,86,152,93
led-1,468400,78,100,79
led-1,468500,77,72,72
led-1,468600,81,77,74
led-1,468700,85,80,76
led-1,468800,84,78,76
led-1,468900,80,74,75
led-1,469000,80,77,76
led-1,469100,83,80,80
led-1,469200,89,87,89
led-1,469300,98,96,101
led-1,469400,104,101,107
led-1,469500,108,105,111
led-1,469600,108,105,112
led-1,469700,105,102,109
led-1,469800,101,98,106
led-1,469900,103,100,108
led-1,470000,111,116,110
led-1,470100,117,141,103
led-1,470200,123,168,95
led-1,470300,128,193,87
led-1,470400,131,200,86
led-1,470500,132,202,84
led-1,470600,131,202,83
led-1,470700,132,201,83
led-1,470800,133,200,84
led-1,470900,133,200,83
led-1,471000,133,199,86
led-1,471100,134,198,88
led-1,471200,135,195,91
led-1,471300,135,191,94
led-1,471400,224,204,195
led-1,471500,224,204,195
led-1,471600,224,204,195
led-1,471700,224,204,195
led-1,471800,224,204,195
led-1,471900,223,204,194
led-1,472000,224,203,194
led-1,472100,223,203,194
led-1,472200,224,203,194
led-1,472300,225,203,194
led-1,472400,224,204,195
led-1,472500,223,203,194
led-1,472600,224,203,193
led-1,472700,224,203,193
led-1,472800,224,203,193
led-1,472900,161,219,186
led-1,473000,161,219,186
led-1,473100,160,219,185
led-1,473200,161,219,185
led-1,473300,161,219,185
led-1,473400,161,219,185
led-1,473500,161,219,185
led-1,473600,161,219,185
led-1,473700,161,219,185
led-1,473800,161,219,185
led-1,473900,161,219,185
led-1,474000,161,219,185
led-1,474100,161,219,185
led-1,474200,160,218,185
led-1,474300,160,218,185
led-1,474400,160,218,185
led-1,474500,199,197,212
led-1,474600,227,140,209
led-1,474700,213,140,195
led-1,474800,214,177,220
led-1,474900,194,192,173
led-1,475000,169,160,144
led-1,475100,161,148,135
led-1,475200,167,153,141
led-1,475300,172,158,146
led-1,475400,177,164,150
led-1,475500,179,164,152
led-1,475600,181,167,153
led-1,475700,181,165,153
led-1,475800,181,165,153
led-1,475900,180,163,152
led-1,476000,178,160,149
led-1,476100,174,158,147
led-1,476200,175,156,145
led-1,476300,171,151,141
led-1,476400,170,150,140
led-1,476500,166,145,136
led-1,476600,165,143,135
led-1,476700,164,143,135
led-1,476800,163,142,134
led-1,476900,163,143,134
led-1,477000,162,143,135
led-1,477100,162,143,133
led-1,477200,163,142,134
led-1,477300,162,142,134
led-1,477400,162,142,134
led-1,477500,162,141,133
led-1,477600,161,140,132
led-1,477700,161,140,132
led-1,477800,160,140,131
led-1,477900,161,139,131
led-1,478000,160,141,132
led-1,478100,196,186,170
led-1,478200,153,143,131
led-1,478300,176,172,154
led-1,478400,202,202,181
led-1,478500,227,235,215
led-1,478600,230,241,224
led-1,478700,234,244,227
led-1,478800,236,244,224
led-1,478900,228,235,214
led-1,479000,206,208,186
led-1,479100,187,185,167
led-1,479200,169,163,150
led-1,479300,148,138,129
led-1,479400,140,128,121
led-1,479500,139,125,120
led-1,479600,141,127,123
led-1,479700,146,132,126
led-1,479800,151,137,131
led-1,479900,154,140,134
led-1,480000,157,143,138
led-1,480100,159,144,139
led-1,480200,125,89,138
led-1,480300,123,87,136
led-1,480400,126,89,138
led-1,480500,124,87,137
led-1,480600,126,90,139
led-1,480700,125,89,138
led-1,480800,125,89,138
led-1,480900,124,88,138
led-1,481000,125,89,138
led-1,481100,124,88,137
led-1,481200,122,87,136
led-1,481300,124,88,138
led-1,481400,122,86,137
led-1,481500,123,87,138
led-1,481600,123,87,137
led-1,481700,158,220,255
led-1,481800,158,220,255
led-1,481900,157,220,255
led-1,482000,156,221,255
led-1,482100,155,222,255
led-1,482200,154,223,255
led-1,482300,153,224,255
led-1,482400,152,224,255
led-1,482500,152,225,255
led-1,482600,152,224,255
led-1,482700,153,224,255
led-1,482800,153,224,255
led-1,482900,153,224,255
led-1,483000,152,224,255
led-1,483100,152,224,255
led-1,483200,151,225,255
led-1,483300,152,225,255
led-1,483400,152,225,255
led-1,483500,152,225,255
led-1,483600,152,225,255
led-1,483700,152,225,255
led-1,483800,152,226,255
led-1,483900,236,241,243
led-1,484000,236,241,243
led-1,484100,236,241,243
led-1,484200,236,241,243
led-1,484300,236,241,242
led-1,484400,236,240,243
led-1,484500,236,241,243
led-1,484600,236,241,243
led-1,484700,236,241,243
led-1,484800,235,240,242
led-1,484900,235,240,242
led-1,485000,235,240,242
led-1,485100,235,240,244
led-1,485200,235,240,244
led-1,485300,235,240,244
led-1,485400,235,240,244
led-1,485500,235,240,244
led-1,485600,235,240,243
led-1,485700,235,240,243
led-1,485800,235,240,243
led-1,485900,235,240,243
led-1,486000,235,240,243
led-1,486100,235,240,242
led-1,486200,235,239,243
led-1,486300,158,144,138
led-1,486400,158,144,138
led-1,486500,155,140,133
led-1,486600,153,139,132
led-1,486700,149,135,130
led-1,486800,142,129,126
led-1,486900,146,131,129
led-1,487000,149,134,131
led-1,487100,149,135,131
led-1,487200,152,137,134
led-1,487300,160,144,140
led-1,487400,162,147,142
led-1,487500,159,145,139
led-1,487600,156,142,137
led-1,487700,152,140,134
led-1,487800,151,137,133
led-1,487900,150,136,132
led-1,488000,149,135,130
led-1,488100,146,132,128
led-1,488200,150,136,131
led-1,488300,147,137,130
led-1,488400,157,146,138
led-1,488500,186,180,166
led-1,488600,184,174,159
led-1,488700,181,169,155
led-1,488800,181,168,156
led-1,488900,180,167,155
led-1,489000,180,166,154
led-1,489100,178,165,153
led-1,489200,178,165,153
led-1,489300,164,153,147
led-1,489400,204,207,194
led-1,489500,174,159,144
led-1,489600,176,161,146
led-1,489700,176,163,147
led-1,489800,176,163,147
led-1,489900,29,25,23
led-1,490000,0,0,0
led-1,490100,2,2,2
led-1,490200,5,7,8
led-1,490300,10,16,18
led-1,490400,14,22,26
led-1,490500,34,46,51
led-1,490600,64,74,80
led-1,490700,75,87,93
led-1,490800,78,94,101
led-1,490900,83,100,109
led-1,491000,85,107,115
led-1,491100,86,110,121
led-1,491200,88,115,126
led-1,491300,94,121,136
led-1,491400,95,125,142
led-1,491500,96,130,147
led-1,491600,98,134,151
led-1,491700,99,136,155
led-1,491800,103,141,161
led-1,491900,104,143,165
led-1,492000,105,148,169
led-1,492100,106,149,172
led-1,492200,106,151,173
led-1,492300,108,153,177
led-1,492400,108,155,178
led-1,492500,109,155,180
led-1,492600,110,156,180
led-1,492700,109,156,180
led-1,492800,109,156,180
led-1,492900,109,156,180
led-1,493000,110,156,180
led-1,493100,110,156,180
led-1,493200,110,156,180
led-1,493300,109,156,180
led-1,493400,109,156,180
led-1,493500,109,156,179
led-1,493600,109,156,179
led-1,493700,109,156,179
led-1,493800,104,154,177
led-1,493900,96,148,175
led-1,494000,76,139,171
led-1,494100,73,139,171
led-1,494200,73,138,171
led-1,494300,72,137,170
led-1,494400,72,137,170
led-1,494500,71,136,169
led-1,494600,71,136,169
led-1,494700,70,135,168
led-1,494800,69,135,167
led-1,494900,68,134,166
led-1,495000,68,133,166
led-1,495100,68,133,166
led-1,495200,67,133,165
led-1,495300,66,132,164
led-1,495400,66,131,164
led-1,495500,65,131,163
led-1,495600,65,130,163
led-1,495700,64,130,162
led-1,495800,107,101,114
led-1,495900,61,125,156
led-1,496000,69,111,136
led-1,496100,91,96,112
led-1,496200,93,95,110
led-1,496300,87,123,150
led-1,496400,61,123,157
led-1,496500,60,123,157
led-1,496600,60,123,155
led-1,496700,60,122,155
led-1,496800,60,123,155
led-1,496900,60,122,154
led-1,497000,60,122,154
led-1,497100,60,122,155
led-1,497200,60,122,154
led-1,497300,60,122,153
led-1,497400,60,119,151
led-1,497500,60,120,152
led-1,497600,60,121,152
led-1,497700,60,121,152
led-1,497800,60,121,153
led-1,497900,60,121,153
led-1,498000,61,121,151
led-1,498100,62,121,151
led-1,498200,62,120,151
led-1,498300,61,120,151
led-1,498400,61,120,151
led-1,498500,62,121,152
led-1,498600,62,121,152
led-1,498700,62,121,152
led-1,498800,63,121,152
led-1,498900,64,120,152
led-1,499000,63,120,151
led-1,499100,63,119,150
led-1,499200,63,119,151
led-1,499300,62,119,150
led-1,499400,61,119,150
led-1,499500,60,118,149
led-1,499600,60,117,148
led-1,499700,61,117,149
led-1,499800,61,117,148
led-1,499900,60,117,148
led-1,500000,59,116,147
led-1,500100,59,116,147
led-1,500200,59,116,146
led-1,500300,58,116,146
led-1,500400,58,115,146
led-1,500500,57,115,146
led-1,500600,57,116,146
led-1,500700,59,114,145
led-1,500800,60,113,143
led-1,500900,64,113,141
led-1,501000,109,107,124
led-1,501100,128,98,108
led-1,501200,142,98,102
led-1,501300,170,99,93
led-1,501400,197,110,105
led-1,501500,207,121,114
led-1,501600,191,103,101
led-1,501700,179,94,93
led-1,501800,179,123,127
led-1,501900,153,133,147
led-1,502000,82,120,145
led-1,502100,64,117,147
led-1,502200,66,119,149
led-1,502300,66,121,151
led-1,502400,67,122,152
led-1,502500,69,124,152
led-1,502600,71,125,153
led-1,502700,69,124,152
led-1,502800,69,123,152
led-1,502900,69,123,153
led-1,503000,69,123,152
led-1,503100,69,123,152
led-1,503200,70,124,153
led-1,503300,70,124,153
led-1,503400,72,125,154
led-1,503500,73,128,154
led-1,503600,74,128,155
led-1,503700,73,127,155
led-1,503800,73,126,155
led-1,503900,72,127,154
led-1,504000,72,127,154
led-1,504100,74,127,155
led-1,504200,78,129,157
led-1,504300,78,129,158
led-1,504400,75,128,156
led-1,504500,76,128,157
led-1,504600,77,129,156
led-1,504700,78,130,158
led-1,504800,79,131,159
led-1,504900,81,132,159
led-1,505000,79,132,158
led-1,505100,78,131,157
led-1,505200,79,131,157
led-1,505300,80,132,158
led-1,505400,81,133,159
led-1,505500,82,133,159
led-1,505600,82,133,159
led-1,505700,82,133,159
led-1,505800,82,133,159
led-1,505900,82,132,158
led-1,506000,82,133,158
led-1,506100,83,133,159
led-1,506200,83,133,159
led-1,506300,82,132,158
led-1,506400,82,133,157
led-1,506500,86,136,160
led-1,506600,86,136,161
led-1,506700,84,135,160
led-1,506800,83,134,159
led-1,506900,84,134,159
led-1,507000,86,136,159
led-1,507100,85,135,159
led-1,507200,82,133,158
led-1,507300,82,133,158
led-1,507400,84,134,159
led-1,507500,86,135,159
led-1,507600,85,135,157
led-1,507700,87,134,154
led-1,507800,90,135,153
led-1,507900,92,137,152
led-1,508000,96,141,148
led-1,508100,99,142,148
led-1,508200,102,144,146
led-1,508300,105,146,143
led-1,508400,108,147,142
led-1,508500,111,149,139
led-1,508600,113,150,137
led-1,508700,115,152,136
led-1,508800,116,153,138
led-1,508900,116,153,138
led-1,509000,118,155,136
led-1,509100,120,156,138
led-1,509200,121,156,138
led-1,509300,120,155,135
led-1,509400,121,155,135
led-1,509500,118,153,131
led-1,509600,121,155,134
led-1,509700,122,156,135
led-1,509800,123,158,135
led-1,509900,124,158,134
led-1,510000,125,158,133
led-1,510100,126,159,134
led-1,510200,127,160,135
led-1,510300,128,161,136
led-1,510400,130,161,137
led-1,510500,130,161,136
led-1,510600,129,162,136
led-1,510700,132,163,138
led-1,510800,132,163,138
led-1,510900,130,161,135
led-1,511000,130,162,134
led-1,511100,131,163,135
led-1,511200,133,164,136
led-1,511300,133,164,136
led-1,511400,132,164,135
led-1,511500,132,164,135
led-1,511600,132,164,135
led-1,511700,132,164,135
led-1,511800,133,164,135
led-1,511900,133,165,135
led-1,512000,140,169,142
led-1,512100,141,169,142
led-1,512200,138,167,138
led-1,512300,136,166,135
led-1,512400,136,166,135
led-1,512500,135,166,134
led-1,512600,135,166,133
led-1,512700,139,168,137
led-1,512800,140,168,137
led-1,512900,137,165,134
led-1,513000,133,165,131
led-1,513100,134,166,132
led-1,513200,138,168,136
led-1,513300,136,166,134
led-1,513400,131,163,128
led-1,513500,130,163,126
led-1,513600,130,163,126
led-1,513700,129,162,125
led-1,513800,130,163,126
led-1,513900,135,167,130
led-1,514000,132,164,127
led-1,514100,128,162,122
led-1,514200,129,162,123
led-1,514300,130,164,124
led-1,514400,130,164,124
led-1,514500,130,164,124
led-1,514600,130,164,124
led-1,514700,130,163,125
led-1,514800,130,163,123
led-1,514900,129,163,122
led-1,515000,128,162,118
led-1,515100,127,162,118
led-1,515200,129,163,120
led-1,515300,135,166,127
led-1,515400,134,165,126
led-1,515500,130,163,119
led-1,515600,129,164,119
led-1,515700,129,164,119
led-1,515800,130,164,118
led-1,515900,131,166,119
led-1,516000,135,167,124
led-1,516100,134,167,122
led-1,516200,129,165,115
led-1,516300,128,165,115
led-1,516400,128,165,115
led-1,516500,129,166,114
led-1,516600,131,167,115
led-1,516700,135,169,120
led-1,516800,136,169,120
led-1,516900,132,168,115
led-1,517000,130,168,114
led-1,517100,131,168,115
led-1,517200,132,168,115
led-1,517300,132,169,115
led-1,517400,132,170,114
led-1,517500,133,172,114
led-1,517600,136,174,118
led-1,517700,136,174,118
led-1,517800,132,171,112
led-1,517900,130,172,111
led-1,518000,132,173,111
led-1,518100,132,174,113
led-1,518200,133,175,113
led-1,518300,138,177,120
led-1,518400,139,177,120
led-1,518500,135,176,114
led-1,518600,135,177,115
led-1,518700,135,178,114
led-1,518800,136,178,117
led-1,518900,136,179,117
led-1,519000,142,182,123
led-1,519100,141,183,124
led-1,519200,138,181,121
led-1,519300,138,181,118
led-1,519400,134,179,116
led-1,519500,136,183,119
led-1,519600,136,183,119
led-1,519700,136,183,120
led-1,519800,137,184,123
led-1,519900,137,184,123
led-1,520000,135,184,123
led-1,520100,136,184,123
led-1,520200,136,185,123
led-1,520300,136,185,123
led-1,520400,135,185,124
led-1,520500,134,185,124
led-1,520600,134,184,124
led-1,520700,134,185,124
led-1,520800,133,185,124
led-1,520900,133,185,125
led-1,521000,131,185,127
led-1,521100,132,185,126
led-1,521200,131,185,127
led-1,521300,135,187,132
led-1,521400,136,186,133
led-1,521500,132,184,131
led-1,521600,129,185,131
led-1,521700,129,185,130
led-1,521800,135,187,137
led-1,521900,134,186,136
led-1,522000,128,185,131
led-1,522100,127,186,131
led-1,522200,127,186,133
led-1,522300,126,186,134
led-1,522400,126,186,134
led-1,522500,131,188,140
led-1,522600,132,187,140
led-1,522700,128,186,138
led-1,522800,124,186,137
led-1,522900,124,186,138
led-1,523000,123,185,137
led-1,523100,123,186,137
led-1,523200,127,188,141
led-1,523300,133,187,144
led-1,523400,136,182,136
led-1,523500,147,174,121
led-1,523600,160,167,109
led-1,523700,172,161,98
led-1,523800,188,154,84
led-1,523900,195,150,77
led-1,524000,199,145,70
led-1,524100,199,145,70
led-1,524200,198,144,70
led-1,524300,196,142,68
led-1,524400,190,138,72
led-1,524500,195,142,69
led-1,524600,217,147,221
led-1,524700,197,147,79
led-1,524800,199,147,73
led-1,524900,231,164,252
led-1,525000,202,148,72
led-1,525100,175,122,90
led-1,525200,205,149,70
led-1,525300,204,149,70
led-1,525400,202,147,69
led-1,525500,200,147,72
led-1,525600,197,147,78
led-1,525700,195,145,77
led-1,525800,191,138,66
led-1,525900,188,137,65
led-1,526000,183,133,67
led-1,526100,180,131,68
led-1,526200,178,133,76
led-1,526300,174,133,83
led-1,526400,170,129,80
led-1,526500,163,123,77
led-1,526600,161,121,78
led-1,526700,158,120,79
led-1,526800,156,118,82
led-1,526900,154,120,84
led-1,527000,154,121,90
led-1,527100,152,119,88
led-1,527200,147,115,85
led-1,527300,146,116,87
led-1,527400,145,117,86
led-1,527500,145,116,87
led-1,527600,147,121,92
led-1,527700,148,123,96
led-1,527800,143,119,93
led-1,527900,142,118,91
led-1,528000,140,120,92
led-1,528100,138,120,92
led-1,528200,137,122,93
led-1,528300,138,127,99
led-1,528400,140,129,103
led-1,528500,136,128,102
led-1,528600,132,126,99
led-1,528700,130,127,100
led-1,528800,128,128,102
led-1,528900,125,129,103
led-1,529000,122,131,104
led-1,529100,121,131,105
led-1,529200,119,132,105
led-1,529300,115,133,108
led-1,529400,113,134,109
led-1,529500,111,133,110
led-1,529600,108,133,112
led-1,529700,105,132,112
led-1,529800,101,130,110
led-1,529900,98,128,109
led-1,530000,99,129,112
led-1,530100,97,128,109
led-1,530200,89,119,100
led-1,530300,84,113,95
led-1,530400,81,109,92
led-1,530500,78,103,84
led-1,530600,76,100,81
led-1,530700,81,103,83
led-1,530800,82,101,83
led-1,530900,74,94,73
led-1,531000,67,88,64
led-1,531100,67,88,62
led-1,531200,68,86,61
led-1,531300,66,84,62
led-1,531400,65,82,59
led-1,531500,63,79,57
led-1,531600,63,78,56
led-1,531700,62,77,54
led-1,531800,60,75,54
led-1,531900,59,74,53
led-1,532000,58,72,52
led-1,532100,57,73,51
led-1,532200,57,72,50
led-1,532300,57,70,50
led-1,532400,56,70,49
led-1,532500,55,67,47
led-1,532600,55,67,47
led-1,532700,54,66,47
led-1,532800,58,70,52
led-1,532900,61,72,55
led-1,533000,53,64,47
led-1,533100,48,60,42
led-1,533200,48,60,42
led-1,533300,47,57,40
led-1,533400,45,56,39
led-1,533500,45,55,38
led-1,533600,44,54,37
led-1,533700,44,52,37
led-1,533800,43,51,36
led-1,533900,41,50,35
led-1,534000,39,47,33
led-1,534100,37,46,32
led-1,534200,36,45,31
led-1,534300,41,50,36
led-1,534400,50,59,46
led-1,534500,70,67,58
led-1,534600,50,48,38
led-1,534700,31,39,27
led-1,534800,30,39,27
led-1,534900,30,37,27
led-1,535000,28,36,27
led-1,535100,28,37,27
led-1,535200,26,35,25
led-1,535300,26,34,24
led-1,535400,24,32,25
led-1,535500,24,32,25
led-1,535600,23,31,24
led-1,535700,22,30,23
led-1,535800,22,28,22
led-1,535900,20,26,22
led-1,536000,20,26,22
led-1,536100,20,26,22
led-1,536200,20,26,22
led-1,536300,18,25,20
led-1,536400,18,24,20
led-1,536500,16,23,18
led-1,536600,17,22,19
led-1,536700,28,33,30
led-1,536800,53,59,55
led-1,536900,55,62,57
led-1,537000,50,57,53
led-1,537100,52,58,55
led-1,537200,50,55,53
led-1,537300,49,54,53
led-1,537400,38,43,42
led-1,537500,44,49,47
led-1,537600,50,55,54
led-1,537700,52,57,55
led-1,537800,28,32,31
led-1,537900,31,36,34
led-1,538000,45,50,49
led-1,538100,50,54,54
led-1,538200,48,52,53
led-1,538300,51,55,56
led-1,538400,46,51,51
led-1,538500,36,40,39
led-1,538600,5,8,7
led-1,538700,9,10,10
led-1,538800,45,46,47
led-1,538900,51,52,54
led-1,539000,41,41,43
led-1,539100,41,41,43
led-1,539200,38,38,40
led-1,539300,27,28,28
led-1,539400,5,5,5
led-1,539500,0,0,0
led-1,539600,0,0,0
led-1,539700,5,5,5
led-1,539800,46,45,46
led-1,539900,52,51,53
led-1,540000,52,52,52
led-1,540100,50,50,50
led-1,540200,50,50,50
led-1,540300,48,48,48
led-1,540400,43,43,43
led-1,540500,48,48,48
led-1,540600,51,51,51
led-1,540700,46,46,46
led-1,540800,7,7,7
led-1,540900,7,7,7
led-1,541000,39,39,39
led-1,541100,38,38,38
led-1,541200,41,41,41
led-1,541300,38,38,38
led-1,541400,18,18,18
led-1,541500,9,9,9
led-1,541600,12,12,12
led-1,541700,11,11,11
led-1,541800,38,38,38
led-1,541900,41,41,41
led-1,542000,52,52,52
led-1,542100,51,51,51
led-1,542200,50,50,50
led-1,542300,42,42,42
led-1,542400,19,19,19
led-1,542500,0,0,0
led-1,542600,0,0,0
led-1,542700,0,0,0
led-1,542800,35,35,35
led-1,542900,42,42,42
led-1,543000,41,41,41
led-1,543100,39,39,39
led-1,543200,46,46,46
led-1,543300,38,38,38
led-1,543400,28,28,28
led-1,543500,20,20,20
led-1,543600,10,10,10
led-1,543700,0,0,0
led-1,543800,36,36,36
led-1,543900,45,45,45
led-1,544000,51,51,51
led-1,544100,45,45,45
led-1,544200,41,41,41
led-1,544300,27,27,27
led-1,544400,18,18,18
led-1,544500,8,8,8
led-1,544600,29,29,29
led-1,544700,45,45,45
led-1,544800,25,25,25
led-1,544900,0,0,0
led-1,545000,32,32,32
led-1,545100,42,42,42
led-1,545200,43,43,43
led-1,545300,36,36,36
led-1,545400,41,41,41
led-1,545500,40,40,40
led-1,545600,43,43,43
led-1,545700,42,42,42
led-1,545800,26,26,26
led-1,545900,0,0,0
led-1,546000,0,0,0
led-1,546100,0,0,0
led-1,546200,16,16,16
led-1,546300,33,33,33
led-1,546400,41,41,41
led-1,546500,41,41,41
led-1,546600,38,38,38
led-1,546700,33,33,33
led-1,546800,17,17,17
led-1,546900,0,0,0
led-1,547000,30,30,30
led-1,547100,40,40,40
led-1,547200,28,28,28
led-1,547300,0,0,0
led-1,547400,22,22,22
led-1,547500,43,43,43
led-1,547600,51,51,51
led-1,547700,46,46,46
led-1,547800,53,53,53
led-1,547900,48,48,48
led-1,548000,48,48,48
led-1,548100,43,43,43
led-1,548200,47,47,47
led-1,548300,45,45,45
led-1,548400,50,50,50
led-1,548500,43,43,43
led-1,548600,48,48,48
led-1,548700,42,42,42
led-1,548800,39,39,39
led-1,548900,32,32,32
led-1,549000,41,41,41
led-1,549100,38,38,38
led-1,549200,36,36,36
led-1,549300,45,45,45
led-1,549400,49,49,49
led-1,549500,51,51,51
led-1,549600,55,55,55
led-1,549700,50,50,50
led-1,549800,35,35,35
led-1,549900,5,5,5
led-1,550000,19,19,19
led-1,550100,41,41,41
led-1,550200,41,41,41
led-1,550300,44,44,44
led-1,550400,50,50,50
led-1,550500,35,35,35
led-1,550600,31,31,31
led-1,550700,10,10,10
led-1,550800,5,5,5
led-1,550900,6,6,6
led-1,551000,8,8,8
led-1,551100,13,14,14
led-1,551200,20,20,20
led-1,551300,39,39,39
led-1,551400,37,37,37
led-1,551500,43,43,43
led-1,551600,44,44,44
led-1,551700,47,47,47
led-1,551800,42,43,42
led-1,551900,18,20,18
led-1,552000,21,23,21
led-1,552100,45,46,45
led-1,552200,46,46,46
led-1,552300,46,46,46
led-1,552400,47,47,47
led-1,552500,29,32,29
led-1,552600,32,35,32
led-1,552700,52,54,51
led-1,552800,53,55,52
led-1,552900,23,26,23
led-1,553000,20,23,19
led-1,553100,52,54,51
led-1,553200,56,59,56
led-1,553300,54,56,53
led-1,553400,51,54,51
led-1,553500,54,56,53
led-1,553600,53,55,52
led-1,553700,56,59,55
led-1,553800,49,52,48
led-1,553900,50,53,50
led-1,554000,48,50,47
led-1,554100,52,55,52
led-1,554200,56,59,56
led-1,554300,62,65,62
led-1,554400,58,61,57
led-1,554500,47,50,47
led-1,554600,37,41,37
led-1,554700,34,38,33
led-1,554800,22,28,21
led-1,554900,39,45,39
led-1,555000,63,69,62
led-1,555100,67,73,66
led-1,555200,65,71,64
led-1,555300,48,55,47
led-1,555400,26,34,26
led-1,555500,27,35,25
led-1,555600,27,36,26
led-1,555700,37,44,36
led-1,555800,47,53,46
led-1,555900,55,61,54
led-1,556000,60,67,60
led-1,556100,48,55,47
led-1,556200,31,40,30
led-1,556300,46,56,46
led-1,556400,57,64,55
led-1,556500,71,77,69
led-1,556600,73,79,71
led-1,556700,73,79,72
led-1,556800,61,67,61
led-1,556900,71,76,70
led-1,557000,76,82,73
led-1,557100,77,83,73
led-1,557200,75,82,69
led-1,557300,78,84,72
led-1,557400,72,79,68
led-1,557500,70,81,70
led-1,557600,68,78,68
led-1,557700,67,77,65
led-1,557800,46,58,42
led-1,557900,47,58,43
led-1,558000,48,60,44
led-1,558100,49,61,46
led-1,558200,50,62,46
led-1,558300,65,77,62
led-1,558400,70,81,67
led-1,558500,86,96,82
led-1,558600,89,100,86
led-1,558700,89,100,86
led-1,558800,88,98,86
led-1,558900,83,92,80
led-1,559000,66,78,62
led-1,559100,69,82,65
led-1,559200,70,85,68
led-1,559300,83,95,81
led-1,559400,86,96,83
led-1,559500,84,94,80
led-1,559600,78,90,73
led-1,559700,83,95,79
led-1,559800,88,99,82
led-1,559900,83,95,77
led-1,560000,63,77,59
led-1,560100,69,83,64
led-1,560200,85,100,81
led-1,560300,90,104,85
led-1,560400,81,96,77
led-1,560500,85,98,80
led-1,560600,92,105,87
led-1,560700,93,106,89
led-1,560800,93,105,89
led-1,560900,92,104,88
led-1,561000,85,97,81
led-1,561100,86,99,81
led-1,561200,92,104,86
led-1,561300,95,107,90
led-1,561400,101,112,96
led-1,561500,101,113,97
led-1,561600,106,117,102
led-1,561700,107,118,103
led-1,561800,110,121,105
led-1,561900,110,121,107
led-1,562000,91,101,87
led-1,562100,88,97,83
led-1,562200,95,102,89
led-1,562300,98,105,93
led-1,562400,98,105,93
led-1,562500,99,103,93
led-1,562600,111,115,105
led-1,562700,119,123,113
led-1,562800,117,120,113
led-1,562900,116,119,112
led-1,563000,123,126,119
led-1,563100,126,129,123
led-1,563200,132,135,128
led-1,563300,127,128,122
led-1,563400,120,120,116
led-1,563500,105,102,99
led-1,563600,105,103,99
led-1,563700,105,103,101
led-1,563800,108,103,102
led-1,563900,109,104,104
led-1,564000,109,105,104
led-1,564100,111,105,105
led-1,564200,113,107,107
led-1,564300,114,108,108
led-1,564400,120,114,114
led-1,564500,128,124,125
led-1,564600,124,119,121
led-1,564700,117,109,112
led-1,564800,129,121,124
led-1,564900,138,132,134
led-1,565000,129,121,125
led-1,565100,120,110,115
led-1,565200,120,110,116
led-1,565300,122,110,117
led-1,565400,123,111,117
led-1,565500,122,111,116
led-1,565600,123,110,116
led-1,565700,123,110,117
led-1,565800,124,112,118
led-1,565900,125,112,118
led-1,566000,125,113,118
led-1,566100,127,114,120
led-1,566200,126,114,121
led-1,566300,127,115,122
led-1,566400,128,115,123
led-1,566500,128,116,123
led-1,566600,128,116,122
led-1,566700,129,116,122
led-1,566800,129,117,123
led-1,566900,130,117,123
led-1,567000,130,118,124
led-1,567100,130,117,123
led-1,567200,131,117,123
led-1,567300,132,117,125
led-1,567400,131,118,125
led-1,567500,132,118,125
led-1,567600,133,117,124
led-1,567700,133,118,124
led-1,567800,132,118,125
led-1,567900,133,118,125
led-1,568000,131,117,125
led-1,568100,131,117,124
led-1,568200,131,116,123
led-1,568300,130,116,122
led-1,568400,130,115,121
led-1,568500,129,113,119
led-1,568600,129,112,120
led-1,568700,128,111,118
led-1,568800,127,110,117
led-1,568900,126,109,115
led-1,569000,124,107,113
led-1,569100,124,106,112
led-1,569200,124,104,111
led-1,569300,123,104,111
led-1,569400,122,103,109
led-1,569500,121,102,107
led-1,569600,121,101,106
led-1,569700,121,100,105
led-1,569800,120,99,104
led-1,569900,119,98,104
led-1,570000,119,98,101
led-1,570100,119,98,101
led-1,570200,118,97,101
led-1,570300,118,97,100
led-1,570400,119,96,100
led-1,570500,119,96,99
led-1,570600,119,95,99
led-1,570700,119,95,99
led-1,570800,119,95,99
led-1,570900,119,95,98
led-1,571000,118,95,96
led-1,571100,118,95,96
led-1,571200,119,95,95
led-1,571300,120,95,94
led-1,571400,120,95,95
led-1,571500,121,96,95
led-1,571600,121,96,95
led-1,571700,122,97,95
led-1,571800,146,127,124
led-1,571900,170,160,157
led-1,572000,152,138,137
led-1,572100,132,110,106
led-1,572200,147,124,121
led-1,572300,164,149,147
led-1,572400,145,128,126
led-1,572500,128,103,98
led-1,572600,128,101,95
led-1,572700,128,102,95
led-1,572800,130,102,96
led-1,572900,131,103,96
led-1,573000,132,103,97
led-1,573100,132,103,95
led-1,573200,132,104,94
led-1,573300,133,105,97
led-1,573400,133,105,96
led-1,573500,134,105,95
led-1,573600,134,105,95
led-1,573700,136,105,95
led-1,573800,137,107,94
led-1,573900,137,107,94
led-1,574000,137,108,95
led-1,574100,138,108,95
led-1,574200,138,108,95
led-1,574300,139,109,95
led-1,574400,141,109,95
led-1,574500,141,110,95
led-1,574600,142,110,95
led-1,574700,142,111,94
led-1,574800,143,111,94
led-1,574900,143,111,95
led-1,575000,156,128,110
led-1,575100,174,153,143
led-1,575200,178,166,159
led-1,575300,155,131,115
led-1,575400,147,115,94
led-1,575500,148,115,93
led-1,575600,149,116,92
led-1,575700,152,118,94
led-1,575800,178,156,140
led-1,575900,183,166,153
led-1,576000,168,144,126
led-1,576100,160,131,109
led-1,576200,153,119,93
led-1,576300,155,119,91
led-1,576400,156,119,91
led-1,576500,156,120,91
led-1,576600,157,120,92
led-1,576700,157,121,91
led-1,576800,158,121,91
led-1,576900,159,122,90
led-1,577000,160,122,89
led-1,577100,161,123,89
led-1,577200,161,123,90
led-1,577300,162,124,89
led-1,577400,163,125,89
led-1,577500,163,125,88
led-1,577600,165,125,87
led-1,577700,165,126,87
led-1,577800,166,127,87
led-1,577900,166,127,88
led-1,578000,167,128,86
led-1,578100,167,128,87
led-1,578200,169,128,87
led-1,578300,170,129,87
led-1,578400,170,129,86
led-1,578500,170,129,86
led-1,578600,171,129,86
led-1,578700,171,129,86
led-1,578800,170,130,86
led-1,578900,170,130,86
led-1,579000,170,129,86
led-1,579100,170,129,86
led-1,579200,170,129,86
led-1,579300,170,129,86
led-1,579400,170,129,87
led-1,579500,170,129,87
led-1,579600,170,129,87
led-1,579700,172,131,86
led-1,579800,207,152,71
led-1,579900,187,131,47
led-1,580000,0,0,0
led-1,580100,0,0,0
led-1,580200,0,0,0
led-1,580300,0,0,0
led-1,580400,0,0,0
led-1,580500,0,0,0
led-1,580600,0,0,0
led-1,580700,0,0,0
led-1,580800,0,0,0
led-1,580900,0,0,0
led-1,581000,142,224,255
led-1,581100,142,224,255
led-1,581200,142,224,255
led-1,581300,142,224,255
led-1,581400,142,224,255
led-1,581500,142,224,255
led-1,581600,142,224,255
led-1,581700,142,224,255
led-1,581800,142,224,255
led-1,581900,142,224,255
led-1,582000,142,224,255
led-1,582100,142,224,255
led-1,582200,142,224,255
led-1,582300,142,224,255
led-1,582400,142,224,255
led-1,582500,142,224,255
led-1,582600,142,224,255
led-1,582700,142,224,255
led-1,582800,142,224,255
led-1,582900,142,224,255
led-1,583000,88,80,106
led-1,583100,132,105,126
led-1,583200,115,91,102
led-1,583300,153,118,126
led-1,583400,151,116,132
led-1,583500,122,145,183
led-1,583600,138,184,227
led-1,583700,143,223,255
led-1,583800,142,224,255
led-1,583900,142,224,255
led-1,584000,142,224,255
led-1,584100,142,224,255
led-1,584200,142,224,255
led-1,584300,142,224,255
led-1,584400,142,224,255
led-1,584500,142,224,255
led-1,584600,142,224,255
led-1,584700,142,224,255
led-1,584800,142,224,255
led-1,584900,142,224,255
led-1,585000,142,224,255
led-1,585100,142,224,255
led-1,585200,142,224,255
led-1,585300,142,224,255
led-1,585400,142,224,255
led-1,585500,142,224,255
led-1,585600,142,224,255
led-1,585700,142,224,255
led-1,585800,142,224,255
led-1,585900,142,224,255
led-1,586000,142,224,255
led-1,586100,142,224,255
led-1,586200,142,224,255
led-1,586300,142,224,255
led-1,586400,142,224,255
led-1,586500,142,224,255
led-1,586600,142,224,255
led-1,586700,142,224,255
led-1,586800,142,224,255
led-1,586900,142,224,255
led-1,587000,142,224,255
led-1,587100,142,224,255
led-1,587200,142,224,255
led-1,587300,142,224,255
led-1,587400,142,224,255
led-1,587500,142,224,255
led-1,587600,142,224,255
led-1,587700,142,224,255
led-1,587800,142,224,255
led-1,587900,142,224,255
led-1,588000,142,224,255
led-1,588100,142,224,255
led-1,588200,142,224,255
led-1,588300,142,224,255
led-1,588400,142,224,255
led-1,588500,142,224,255
led-1,588600,142,224,255
led-1,588700,142,224,255
led-1,588800,142,224,255
led-1,588900,142,224,255
led-1,589000,142,224,255
led-1,589100,142,224,255
led-1,589200,142,224,255
led-1,589300,142,224,255
led-1,589400,142,224,255
led-1,589500,142,224,255
led-1,589600,142,224,255
led-1,589700,142,224,255
led-1,589800,142,224,255
led-1,589900,142,224,255
led-1,590000,142,224,255
led-1,590100,142,224,255
led-1,590200,142,224,255
led-1,590300,142,224,255
led-1,590400,142,224,255
led-1,590500,142,224,255
led-1,590600,142,224,255
led-1,590700,142,224,255
led-1,590800,142,224,255
led-1,590900,142,224,255
led-1,591000,142,224,255
led-1,591100,142,224,255
led-1,591200,142,224,255
led-1,591300,142,224,255
led-1,591400,142,224,255
led-1,591500,142,224,255
led-1,591600,142,224,255
led-1,591700,142,224,255
led-1,591800,142,224,255
led-1,591900,142,224,255
led-1,592000,142,224,255
led-1,592100,142,224,255
led-1,592200,142,224,255
led-1,592300,142,224,255
led-1,592400,142,224,255
led-1,592500,142,224,255
led-1,592600,142,224,255
led-1,592700,142,224,255
led-1,592800,142,224,255
led-1,592900,142,224,255
led-1,593000,142,224,255
led-1,593100,142,224,255
led-1,593200,142,224,255
led-1,593300,142,224,255
led-1,593400,142,224,255
led-1,593500,142,224,255
led-1,593600,142,224,255
led-1,593700,142,224,255
led-1,593800,142,224,255
led-1,593900,142,224,255
led-1,594000,142,224,255
led-1,594100,142,224,255
led-1,594200,142,224,255
led-1,594300,142,224,255
led-1,594400,142,224,255
led-1,594500,142,224,255
led-1,594600,142,224,255
led-1,594700,142,224,255
led-1,594800,142,224,255
led-1,594900,142,224,255
led-1,595000,142,224,255
led-1,595100,142,224,255
led-1,595200,142,224,255
led-1,595300,142,224,255
led-1,595400,142,224,255
led-1,595500,142,224,255
led-1,595600,142,224,255
led-1,595700,142,224,255
led-1,595800,142,224,255
led-1,595900,142,224,255
led-1,596000,142,224,255
led-1,596100,142,224,255
led-1,596200,142,224,255
led-1,596300,142,224,255
led-1,596400,142,224,255
led-2,0,0,0,0
led-2,100,0,0,0
led-2,200,3,3,3
led-2,300,8,8,8
led-2,400,13,13,13
led-2,500,22,22,22
led-2,600,30,27,28
led-2,700,37,35,36
led-2,800,49,47,49
led-2,900,59,54,57
led-2,1000,73,68,72
led-2,1100,84,78,82
led-2,1200,95,87,92
led-2,1300,113,103,108
led-2,1400,124,114,120
led-2,1500,143,131,139
led-2,1600,157,143,151
led-2,1700,171,157,164
led-2,1800,195,177,184
led-2,1900,212,191,199
led-2,2000,236,212,219
led-2,2100,253,228,233
led-2,2200,254,228,231
led-2,2300,255,229,230
led-2,2400,255,230,229
led-2,2500,255,230,228
led-2,2600,255,230,229
led-2,2700,255,230,229
led-2,2800,255,229,229
led-2,2900,255,228,229
led-2,3000,255,226,229
led-2,3100,255,224,227
led-2,3200,255,224,228
led-2,3300,255,223,227
led-2,3400,255,222,228
led-2,3500,255,223,228
led-2,3600,255,223,228
led-2,3700,255,224,227
led-2,3800,255,223,228
led-2,3900,255,221,230
led-2,4000,255,217,229
led-2,4100,255,215,227
led-2,4200,255,214,227
led-2,4300,255,213,228
led-2,4400,255,212,228
led-2,4500,255,208,227
led-2,4600,254,206,227
led-2,4700,253,204,226
led-2,4800,251,202,225
led-2,4900,250,202,225
led-2,5000,250,203,225
led-2,5100,250,203,225
led-2,5200,250,203,226
led-2,5300,251,205,225
led-2,5400,252,206,226
led-2,5500,252,209,226
led-2,5600,253,211,226
led-2,5700,254,216,226
led-2,5800,255,222,225
led-2,5900,255,225,226
led-2,6000,255,226,226
led-2,6100,255,225,224
led-2,6200,255,224,225
led-2,6300,255,223,224
led-2,6400,255,222,222
led-2,6500,255,221,223
led-2,6600,255,221,222
led-2,6700,255,221,222
led-2,6800,255,220,222
led-2,6900,255,221,221
led-2,7000,255,221,221
led-2,7100,255,221,221
led-2,7200,255,222,222
led-2,7300,255,222,223
led-2,7400,255,223,223
led-2,7500,255,224,223
led-2,7600,255,224,223
led-2,7700,255,223,223
led-2,7800,255,222,223
led-2,7900,255,221,222
led-2,8000,255,221,221
led-2,8100,255,221,221
led-2,8200,255,221,221
led-2,8300,255,220,221
led-2,8400,255,220,223
led-2,8500,255,221,223
led-2,8600,255,220,224
led-2,8700,255,221,224
led-2,8800,255,222,224
led-2,8900,255,223,224
led-2,9000,255,224,224
led-2,9100,255,224,224
led-2,9200,255,224,224
led-2,9300,255,225,224
led-2,9400,255,225,224
led-2,9500,255,226,225
led-2,9600,255,226,225
led-2,9700,255,227,225
led-2,9800,255,227,226
led-2,9900,255,228,226
led-2,10000,255,230,228
led-2,10100,255,232,227
led-2,10200,255,232,227
led-2,10300,255,234,228
led-2,10400,255,235,229
led-2,10500,255,235,229
led-2,10600,255,235,229
led-2,10700,255,236,229
led-2,10800,255,236,228
led-2,10900,255,237,228
led-2,11000,255,237,227
led-2,11100,255,237,227
led-2,11200,255,238,228
led-2,11300,255,238,228
led-2,11400,255,238,228
led-2,11500,255,238,228
led-2,11600,255,238,228
led-2,11700,255,238,228
led-2,11800,255,238,228
led-2,11900,239,202,219
led-2,12000,239,203,219
led-2,12100,239,203,219
led-2,12200,239,203,220
led-2,12300,239,203,219
led-2,12400,239,202,219
led-2,12500,239,202,219
led-2,12600,239,202,219
led-2,12700,239,202,219
led-2,12800,239,201,219
led-2,12900,239,201,220
led-2,13000,239,201,219
led-2,13100,239,201,218
led-2,13200,239,201,218
led-2,13300,240,202,218
led-2,13400,240,202,218
led-2,13500,240,202,219
led-2,13600,239,203,218
led-2,13700,240,203,219
led-2,13800,240,203,220
led-2,13900,240,203,220
led-2,14000,240,202,220
led-2,14100,240,202,220
led-2,14200,239,203,220
led-2,14300,239,203,220
led-2,14400,239,203,220
led-2,14500,239,203,220
led-2,14600,239,203,220
led-2,14700,239,203,219
led-2,14800,239,202,220
led-2,14900,239,202,219
led-2,15000,239,203,219
led-2,15100,238,202,219
led-2,15200,238,201,218
led-2,15300,238,200,218
led-2,15400,238,200,218
led-2,15500,237,200,218
led-2,15600,238,200,218
led-2,15700,238,200,218
led-2,15800,222,193,167
led-2,15900,225,199,171
led-2,16000,226,203,172
led-2,16100,182,121,127
led-2,16200,163,168,222
led-2,16300,113,95,124
led-2,16400,102,89,119
led-2,16500,125,107,145
led-2,16600,124,107,145
led-2,16700,123,106,144
led-2,16800,123,107,144
led-2,16900,122,107,144
led-2,17000,119,106,143
led-2,17100,118,105,142
led-2,17200,115,105,141
led-2,17300,102,98,129
led-2,17400,101,91,121
led-2,17500,84,83,110
led-2,17600,86,86,113
led-2,17700,85,86,113
led-2,17800,84,85,111
led-2,17900,84,85,112
led-2,18000,101,94,129
led-2,18100,139,125,142
led-2,18200,155,110,110
led-2,18300,158,119,141
led-2,18400,186,130,144
led-2,18500,159,107,121
led-2,18600,151,101,117
led-2,18700,174,118,133
led-2,18800,186,127,143
led-2,18900,184,126,143
led-2,19000,173,121,137
led-2,19100,171,119,136
led-2,19200,170,120,135
led-2,19300,177,125,141
led-2,19400,186,131,149
led-2,19500,178,126,140
led-2,19600,206,146,138
led-2,19700,203,139,144
led-2,19800,186,129,147
led-2,19900,161,113,131
led-2,20000,161,95,81
led-2,20100,170,99,80
led-2,20200,191,116,73
led-2,20300,234,165,82
led-2,20400,245,167,75
led-2,20500,156,120,159
led-2,20600,139,118,167
led-2,20700,176,132,175
led-2,20800,168,178,235
led-2,20900,167,178,235
led-2,21000,167,179,234
led-2,21100,167,179,234
led-2,21200,167,179,234
led-2,21300,167,179,235
led-2,21400,167,179,235
led-2,21500,167,179,235
led-2,21600,167,179,235
led-2,21700,167,179,235
led-2,21800,167,179,235
led-2,21900,167,179,235
led-2,22000,167,178,235
led-2,22100,167,178,235
led-2,22200,167,178,235
led-2,22300,167,178,235
led-2,22400,167,178,235
led-2,22500,167,178,235
led-2,22600,167,178,235
led-2,22700,167,178,235
led-2,22800,167,178,235
led-2,22900,167,178,235
led-2,23000,167,179,235
led-2,23100,89,115,73
led-2,23200,89,114,73
led-2,23300,88,113,72
led-2,23400,89,112,73
led-2,23500,89,112,72
led-2,23600,90,112,72
led-2,23700,91,112,74
led-2,23800,89,114,72
led-2,23900,92,113,73
led-2,24000,92,113,74
led-2,24100,93,114,73
led-2,24200,94,114,73
led-2,24300,95,116,73
led-2,24400,95,118,74
led-2,24500,97,119,73
led-2,24600,98,119,75
led-2,24700,99,121,75
led-2,24800,102,124,76
led-2,24900,105,127,78
led-2,25000,110,133,80
led-2,25100,114,136,83
led-2,25200,118,140,86
led-2,25300,125,148,91
led-2,25400,129,152,94
led-2,25500,134,159,99
led-2,25600,142,163,104
led-2,25700,144,166,107
led-2,25800,149,170,113
led-2,25900,152,172,117
led-2,26000,153,174,118
led-2,26100,153,176,119
led-2,26200,154,175,120
led-2,26300,154,171,121
led-2,26400,152,169,120
led-2,26500,151,166,121
led-2,26600,150,163,121
led-2,26700,149,161,120
led-2,26800,147,157,118
led-2,26900,147,154,118
led-2,27000,148,152,117
led-2,27100,148,150,117
led-2,27200,147,148,117
led-2,27300,145,143,117
led-2,27400,143,140,116
led-2,27500,142,136,116
led-2,27600,140,133,116
led-2,27700,139,131,115
led-2,27800,138,129,115
led-2,27900,138,127,115
led-2,28000,136,125,114
led-2,28100,135,123,113
led-2,28200,135,122,112
led-2,28300,135,122,112
led-2,28400,135,122,112
led-2,28500,135,121,112
led-2,28600,135,121,112
led-2,28700,134,120,111
led-2,28800,133,118,109
led-2,28900,132,117,108
led-2,29000,130,115,106
led-2,29100,130,111,104
led-2,29200,128,108,102
led-2,29300,125,106,97
led-2,29400,124,105,95
led-2,29500,121,102,89
led-2,29600,120,100,88
led-2,29700,119,99,85
led-2,29800,117,97,84
led-2,29900,118,96,83
led-2,30000,116,94,77
led-2,30100,117,95,77
led-2,30200,120,94,76
led-2,30300,121,95,76
led-2,30400,122,96,75
led-2,30500,124,98,77
led-2,30600,127,98,79
led-2,30700,129,100,79
led-2,30800,131,102,80
led-2,30900,133,103,80
led-2,31000,136,105,79
led-2,31100,137,106,79
led-2,31200,139,107,80
led-2,31300,133,106,78
led-2,31400,132,105,76
led-2,31500,122,102,75
led-2,31600,116,99,73
led-2,31700,111,97,71
led-2,31800,102,93,70
led-2,31900,94,90,66
led-2,32000,88,86,63
led-2,32100,83,83,61
led-2,32200,76,81,59
led-2,32300,69,75,58
led-2,32400,63,72,55
led-2,32500,56,68,51
led-2,32600,53,65,50
led-2,32700,47,62,48
led-2,32800,40,57,44
led-2,32900,36,53,43
led-2,33000,30,49,40
led-2,33100,28,48,40
led-2,33200,26,45,38
led-2,33300,20,40,35
led-2,33400,17,38,33
led-2,33500,16,36,31
led-2,33600,14,34,30
led-2,33700,13,31,27
led-2,33800,13,30,27
led-2,33900,13,30,28
led-2,34000,12,30,27
led-2,34100,13,30,27
led-2,34200,13,30,27
led-2,34300,13,30,26
led-2,34400,13,30,27
led-2,34500,14,30,27
led-2,34600,14,30,28
led-2,34700,14,30,28
led-2,34800,14,31,28
led-2,34900,14,31,28
led-2,35000,14,31,28
led-2,35100,13,30,27
led-2,35200,14,30,27
led-2,35300,14,30,27
led-2,35400,14,30,27
led-2,35500,14,30,27
led-2,35600,14,30,27
led-2,35700,13,31,27
led-2,35800,13,30,27
led-2,35900,13,30,27
led-2,36000,13,30,27
led-2,36100,13,30,27
led-2,36200,13,29,27
led-2,36300,13,29,26
led-2,36400,13,29,27
led-2,36500,14,28,27
led-2,36600,13,29,27
led-2,36700,13,28,27
led-2,36800,14,28,27
led-2,36900,13,27,27
led-2,37000,12,28,26
led-2,37100,12,28,26
led-2,37200,12,27,26
led-2,37300,12,27,25
led-2,37400,12,26,24
led-2,37500,12,26,24
led-2,37600,12,26,24
led-2,37700,12,26,24
led-2,37800,11,25,23
led-2,37900,11,25,23
led-2,38000,11,24,23
led-2,38100,12,24,24
led-2,38200,12,23,24
led-2,38300,11,23,24
led-2,38400,11,23,24
led-2,38500,11,23,25
led-2,38600,11,23,24
led-2,38700,11,23,23
led-2,38800,10,23,23
led-2,38900,10,22,23
led-2,39000,11,21,24
led-2,39100,11,21,24
led-2,39200,10,21,22
led-2,39300,11,20,22
led-2,39400,10,20,22
led-2,39500,10,20,22
led-2,39600,10,20,22
led-2,39700,10,20,22
led-2,39800,10,20,22
led-2,39900,10,19,22
led-2,40000,9,20,21
led-2,40100,9,20,21
led-2,40200,9,20,21
led-2,40300,9,20,21
led-2,40400,10,20,21
led-2,40500,10,20,21
led-2,40600,10,19,21
led-2,40700,9,19,21
led-2,40800,9,19,21
led-2,40900,9,19,21
led-2,41000,9,20,21
led-2,41100,9,20,21
led-2,41200,9,20,22
led-2,41300,9,19,21
led-2,41400,9,20,21
led-2,41500,9,19,22
led-2,41600,9,19,22
led-2,41700,10,19,22
led-2,41800,9,19,21
led-2,41900,10,19,22
led-2,42000,9,17,21
led-2,42100,9,17,21
led-2,42200,9,17,21
led-2,42300,9,17,20
led-2,42400,9,17,20
led-2,42500,9,18,20
led-2,42600,9,18,20
led-2,42700,9,18,20
led-2,42800,9,18,20
led-2,42900,9,18,20
led-2,43000,9,18,20
led-2,43100,9,17,20
led-2,43200,9,17,20
led-2,43300,8,17,21
led-2,43400,8,17,21
led-2,43500,8,17,21
led-2,43600,8,17,21
led-2,43700,8,17,21
led-2,43800,8,16,21
led-2,43900,8,16,21
led-2,44000,8,16,20
led-2,44100,8,16,20
led-2,44200,8,16,20
led-2,44300,8,16,19
led-2,44400,8,17,19
led-2,44500,8,17,19
led-2,44600,8,17,19
led-2,44700,10,18,20
led-2,44800,11,19,21
led-2,44900,12,20,21
led-2,45000,14,20,22
led-2,45100,15,21,22
led-2,45200,18,22,24
led-2,45300,26,30,30
led-2,45400,35,36,36
led-2,45500,46,46,44
led-2,45600,46,45,43
led-2,45700,35,38,37
led-2,45800,22,27,26
led-2,45900,21,26,26
led-2,46000,21,26,27
led-2,46100,21,26,27
led-2,46200,21,27,27
led-2,46300,23,27,27
led-2,46400,29,29,29
led-2,46500,25,28,28
led-2,46600,185,164,145
led-2,46700,162,149,138
led-2,46800,153,141,130
led-2,46900,153,141,130
led-2,47000,154,141,130
led-2,47100,154,142,131
led-2,47200,158,144,134
led-2,47300,162,149,137
led-2,47400,168,153,140
led-2,47500,208,191,172
led-2,47600,133,109,96
led-2,47700,182,151,131
led-2,47800,121,138,111
led-2,47900,121,139,111
led-2,48000,119,137,110
led-2,48100,119,137,109
led-2,48200,117,136,112
led-2,48300,114,134,112
led-2,48400,112,133,114
led-2,48500,109,130,111
led-2,48600,106,129,111
led-2,48700,104,128,109
led-2,48800,100,125,108
led-2,48900,98,123,111
led-2,49000,129,119,131
led-2,49100,100,84,98
led-2,49200,89,107,104
led-2,49300,142,153,148
led-2,49400,102,83,87
led-2,49500,81,108,108
led-2,49600,80,108,108
led-2,49700,78,106,108
led-2,49800,73,100,106
led-2,49900,72,97,104
led-2,50000,69,94,102
led-2,50100,67,93,101
led-2,50200,67,92,100
led-2,50300,68,93,100
led-2,50400,67,93,99
led-2,50500,67,93,99
led-2,50600,67,93,98
led-2,50700,67,93,98
led-2,50800,67,93,98
led-2,50900,66,94,98
led-2,51000,66,94,98
led-2,51100,66,94,98
led-2,51200,65,94,98
led-2,51300,66,94,98
led-2,51400,66,94,98
led-2,51500,66,94,98
led-2,51600,66,94,98
led-2,51700,66,94,98
led-2,51800,66,94,98
led-2,51900,66,94,98
led-2,52000,66,94,98
led-2,52100,66,94,98
led-2,52200,66,94,98
led-2,52300,66,94,98
led-2,52400,66,93,98
led-2,52500,66,93,97
led-2,52600,66,93,98
led-2,52700,66,93,97
led-2,52800,66,92,98
led-2,52900,66,92,98
led-2,53000,124,143,153
led-2,53100,136,143,148
led-2,53200,65,92,98
led-2,53300,65,92,98
led-2,53400,65,92,99
led-2,53500,65,92,98
led-2,53600,65,92,98
led-2,53700,65,92,98
led-2,53800,65,92,98
led-2,53900,65,92,98
led-2,54000,66,91,98
led-2,54100,66,91,98
led-2,54200,74,97,105
led-2,54300,194,195,193
led-2,54400,200,196,191
led-2,54500,135,121,139
led-2,54600,170,153,150
led-2,54700,214,200,184
led-2,54800,239,233,212
led-2,54900,237,231,208
led-2,55000,97,108,109
led-2,55100,68,91,96
led-2,55200,66,91,96
led-2,55300,66,90,95
led-2,55400,66,90,95
led-2,55500,66,90,95
led-2,55600,66,90,95
led-2,55700,65,90,95
led-2,55800,65,90,96
led-2,55900,65,90,96
led-2,56000,65,90,96
led-2,56100,168,181,228
led-2,56200,168,181,228
led-2,56300,168,181,227
led-2,56400,168,181,227
led-2,56500,168,181,227
led-2,56600,168,181,227
led-2,56700,168,181,227
led-2,56800,168,181,227
led-2,56900,168,181,228
led-2,57000,168,181,227
led-2,57100,168,181,227
led-2,57200,168,181,227
led-2,57300,168,181,227
led-2,57400,168,181,227
led-2,57500,168,181,227
led-2,57600,168,181,227
led-2,57700,168,181,227
led-2,57800,168,181,227
led-2,57900,168,181,227
led-2,58000,168,181,227
led-2,58100,168,181,228
led-2,58200,168,181,227
led-2,58300,168,181,227
led-2,58400,168,181,227
led-2,58500,168,181,227
led-2,58600,168,181,227
led-2,58700,168,181,227
led-2,58800,168,181,228
led-2,58900,168,181,228
led-2,59000,169,182,228
led-2,59100,169,182,228
led-2,59200,169,182,228
led-2,59300,169,182,228
led-2,59400,169,182,228
led-2,59500,169,182,228
led-2,59600,169,182,228
led-2,59700,169,182,228
led-2,59800,169,182,228
led-2,59900,169,182,228
led-2,60000,169,182,228
led-2,60100,169,182,228
led-2,60200,169,182,228
led-2,60300,169,182,228
led-2,60400,169,182,228
led-2,60500,169,182,228
led-2,60600,169,182,228
led-2,60700,190,225,255
led-2,60800,189,225,255
led-2,60900,189,225,255
led-2,61000,188,225,255
led-2,61100,188,225,255
led-2,61200,188,225,255
led-2,61300,187,225,255
led-2,61400,187,225,255
led-2,61500,187,225,255
led-2,61600,187,225,255
led-2,61700,187,225,255
led-2,61800,188,225,255
led-2,61900,189,225,255
led-2,62000,189,225,255
led-2,62100,189,225,255
led-2,62200,189,225,255
led-2,62300,192,226,255
led-2,62400,193,227,255
led-2,62500,193,226,255
led-2,62600,192,226,255
led-2,62700,190,225,255
led-2,62800,195,228,255
led-2,62900,221,240,255
led-2,63000,255,255,246
led-2,63100,205,210,201
led-2,63200,167,171,177
led-2,63300,177,177,179
led-2,63400,185,184,182
led-2,63500,197,195,187
led-2,63600,203,201,191
led-2,63700,207,205,192
led-2,63800,163,196,247
led-2,63900,163,196,247
led-2,64000,163,196,247
led-2,64100,163,196,247
led-2,64200,163,196,247
led-2,64300,163,196,247
led-2,64400,163,196,248
led-2,64500,163,196,248
led-2,64600,163,196,248
led-2,64700,163,196,248
led-2,64800,163,196,248
led-2,64900,163,196,248
led-2,65000,163,196,248
led-2,65100,163,196,248
led-2,65200,163,196,248
led-2,65300,163,196,248
led-2,65400,163,196,248
led-2,65500,163,196,248
led-2,65600,163,196,249
led-2,65700,163,196,249
led-2,65800,163,196,248
led-2,65900,163,196,248
led-2,66000,163,196,247
led-2,66100,163,196,247
led-2,66200,163,196,247
led-2,66300,163,196,247
led-2,66400,163,196,247
led-2,66500,163,196,247
led-2,66600,163,196,247
led-2,66700,163,196,247
led-2,66800,173,203,249
led-2,66900,235,225,195
led-2,67000,219,205,177
led-2,67100,198,186,163
led-2,67200,172,161,145
led-2,67300,172,160,145
led-2,67400,177,157,141
led-2,67500,255,246,217
led-2,67600,249,242,216
led-2,67700,239,229,205
led-2,67800,241,228,200
led-2,67900,225,210,181
led-2,68000,71,67,71
led-2,68100,57,58,63
led-2,68200,44,47,53
led-2,68300,73,72,79
led-2,68400,72,72,80
led-2,68500,52,54,59
led-2,68600,76,67,72
led-2,68700,225,211,185
led-2,68800,254,236,206
led-2,68900,238,204,174
led-2,69000,186,161,142
led-2,69100,185,166,144
led-2,69200,181,162,143
led-2,69300,181,162,143
led-2,69400,182,164,141
led-2,69500,201,210,199
led-2,69600,201,210,199
led-2,69700,200,209,199
led-2,69800,200,209,198
led-2,69900,199,208,199
led-2,70000,198,207,199
led-2,70100,198,207,199
led-2,70200,197,206,198
led-2,70300,197,206,198
led-2,70400,197,206,197
led-2,70500,196,205,197
led-2,70600,196,205,197
led-2,70700,196,205,197
led-2,70800,196,205,196
led-2,70900,196,205,196
led-2,71000,195,205,197
led-2,71100,195,205,197
led-2,71200,195,205,197
led-2,71300,151,189,101
led-2,71400,151,189,101
led-2,71500,151,189,101
led-2,71600,151,189,101
led-2,71700,151,189,101
led-2,71800,151,189,101
led-2,71900,151,189,101
led-2,72000,151,189,100
led-2,72100,151,189,100
led-2,72200,151,189,100
led-2,72300,151,189,100
led-2,72400,151,189,100
led-2,72500,151,189,101
led-2,72600,150,189,100
led-2,72700,150,189,101
led-2,72800,150,189,100
led-2,72900,150,189,100
led-2,73000,151,189,100
led-2,73100,150,189,100
led-2,73200,150,189,101
led-2,73300,151,189,101
led-2,73400,151,189,101
led-2,73500,127,114,109
led-2,73600,117,104,104
led-2,73700,111,99,101
led-2,73800,114,101,102
led-2,73900,145,131,120
led-2,74000,164,147,131
led-2,74100,152,135,124
led-2,74200,130,118,110
led-2,74300,94,88,92
led-2,74400,72,72,81
led-2,74500,63,68,83
led-2,74600,63,70,87
led-2,74700,67,74,93
led-2,74800,97,93,106
led-2,74900,124,99,104
led-2,75000,245,225,196
led-2,75100,240,224,194
led-2,75200,241,228,199
led-2,75300,240,226,196
led-2,75400,240,224,193
led-2,75500,244,229,197
led-2,75600,205,201,209
led-2,75700,204,200,208
led-2,75800,200,197,209
led-2,75900,208,207,213
led-2,76000,217,215,214
led-2,76100,190,189,206
led-2,76200,184,166,181
led-2,76300,231,219,208
led-2,76400,239,229,214
led-2,76500,240,232,216
led-2,76600,238,230,216
led-2,76700,238,229,215
led-2,76800,199,196,203
led-2,76900,180,178,204
led-2,77000,239,226,215
led-2,77100,235,224,210
led-2,77200,238,224,214
led-2,77300,244,227,221
led-2,77400,230,194,236
led-2,77500,214,134,235
led-2,77600,224,167,235
led-2,77700,199,88,202
led-2,77800,243,175,246
led-2,77900,243,147,245
led-2,78000,243,137,245
led-2,78100,239,149,239
led-2,78200,172,89,172
led-2,78300,99,49,97
led-2,78400,97,51,97
led-2,78500,122,63,129
led-2,78600,176,79,176
led-2,78700,238,156,242
led-2,78800,238,208,250
led-2,78900,117,113,106
led-2,79000,94,131,74
led-2,79100,101,136,81
led-2,79200,107,139,87
led-2,79300,106,136,86
led-2,79400,97,129,75
led-2,79500,88,123,69
led-2,79600,85,121,68
led-2,79700,85,120,67
led-2,79800,85,119,72
led-2,79900,85,119,70
led-2,80000,178,222,255
led-2,80100,178,223,255
led-2,80200,180,223,255
led-2,80300,183,225,255
led-2,80400,183,225,255
led-2,80500,186,226,255
led-2,80600,186,227,255
led-2,80700,187,227,255
led-2,80800,189,227,255
led-2,80900,189,228,255
led-2,81000,191,229,255
led-2,81100,192,229,255
led-2,81200,212,223,255
led-2,81300,248,247,255
led-2,81400,195,230,255
led-2,81500,196,230,255
led-2,81600,196,230,255
led-2,81700,197,231,255
led-2,81800,197,231,255
led-2,81900,197,232,255
led-2,82000,199,231,255
led-2,82100,199,232,255
led-2,82200,198,232,255
led-2,82300,198,232,255
led-2,82400,198,232,255
led-2,82500,199,233,255
led-2,82600,199,233,255
led-2,82700,201,226,249
led-2,82800,199,233,255
led-2,82900,200,232,255
led-2,83000,200,232,255
led-2,83100,199,233,255
led-2,83200,199,233,255
led-2,83300,199,233,255
led-2,83400,199,233,255
led-2,83500,199,233,255
led-2,83600,200,233,255
led-2,83700,199,233,255
led-2,83800,199,233,255
led-2,83900,199,233,255
led-2,84000,200,233,255
led-2,84100,201,233,255
led-2,84200,201,233,255
led-2,84300,201,233,255
led-2,84400,201,233,255
led-2,84500,201,233,255
led-2,84600,201,233,255
led-2,84700,201,233,255
led-2,84800,201,233,255
led-2,84900,201,233,255
led-2,85000,200,233,255
led-2,85100,200,233,255
led-2,85200,200,233,255
led-2,85300,200,233,255
led-2,85400,200,233,255
led-2,85500,200,233,255
led-2,85600,200,233,255
led-2,85700,200,233,255
led-2,85800,199,233,255
led-2,85900,200,233,255
led-2,86000,200,233,255
led-2,86100,199,233,255
led-2,86200,199,233,255
led-2,86300,201,233,255
led-2,86400,201,233,255
led-2,86500,200,233,255
led-2,86600,200,233,255
led-2,86700,200,233,255
led-2,86800,200,233,255
led-2,86900,200,233,255
led-2,87000,199,234,255
led-2,87100,199,234,255
led-2,87200,200,234,255
led-2,87300,200,234,255
led-2,87400,199,234,255
led-2,87500,200,233,255
led-2,87600,200,233,255
led-2,87700,200,233,255
led-2,87800,199,233,255
led-2,87900,199,233,255
led-2,88000,201,233,255
led-2,88100,201,233,255
led-2,88200,201,233,255
led-2,88300,201,233,255
led-2,88400,201,233,255
led-2,88500,201,233,255
led-2,88600,201,233,255
led-2,88700,201,233,255
led-2,88800,201,233,255
led-2,88900,201,233,255
led-2,89000,201,233,255
led-2,89100,201,233,255
led-2,89200,201,233,255
led-2,89300,201,233,255
led-2,89400,201,233,255
led-2,89500,201,233,255
led-2,89600,201,233,255
led-2,89700,201,233,255
led-2,89800,105,135,64
led-2,89900,105,135,64
led-2,90000,105,135,65
led-2,90100,105,135,65
led-2,90200,105,135,64
led-2,90300,105,135,64
led-2,90400,105,135,65
led-2,90500,105,135,65
led-2,90600,106,135,65
led-2,90700,106,135,66
led-2,90800,106,136,64
led-2,90900,106,136,65
led-2,91000,105,135,64
led-2,91100,105,135,65
led-2,91200,105,135,64
led-2,91300,105,136,65
led-2,91400,105,136,64
led-2,91500,200,233,255
led-2,91600,200,233,255
led-2,91700,200,233,255
led-2,91800,200,233,255
led-2,91900,200,233,255
led-2,92000,200,233,255
led-2,92100,200,233,255
led-2,92200,200,233,255
led-2,92300,200,233,255
led-2,92400,200,233,255
led-2,92500,201,232,255
led-2,92600,201,233,255
led-2,92700,201,232,255
led-2,92800,200,233,255
led-2,92900,200,233,255
led-2,93000,200,233,255
led-2,93100,198,223,246
led-2,93200,200,232,255
led-2,93300,200,232,255
led-2,93400,199,232,255
led-2,93500,199,232,255
led-2,93600,199,232,255
led-2,93700,200,232,255
led-2,93800,200,232,255
led-2,93900,199,232,255
led-2,94000,199,232,255
led-2,94100,199,232,255
led-2,94200,199,233,255
led-2,94300,199,233,255
led-2,94400,199,231,255
led-2,94500,199,228,253
led-2,94600,199,229,255
led-2,94700,199,228,254
led-2,94800,198,227,254
led-2,94900,196,219,244
led-2,95000,199,232,255
led-2,95100,202,232,255
led-2,95200,196,211,229
led-2,95300,181,161,176
led-2,95400,173,143,159
led-2,95500,199,167,174
led-2,95600,201,166,174
led-2,95700,206,195,208
led-2,95800,199,233,255
led-2,95900,198,233,255
led-2,96000,199,233,255
led-2,96100,199,233,255
led-2,96200,199,233,255
led-2,96300,201,233,255
led-2,96400,200,233,255
led-2,96500,200,233,255
led-2,96600,200,233,255
led-2,96700,200,233,255
led-2,96800,200,233,255
led-2,96900,200,233,255
led-2,97000,200,234,255
led-2,97100,199,234,255
led-2,97200,199,234,255
led-2,97300,199,234,255
led-2,97400,199,234,255
led-2,97500,200,234,255
led-2,97600,200,234,255
led-2,97700,200,234,255
led-2,97800,200,234,255
led-2,97900,200,234,255
led-2,98000,200,234,255
led-2,98100,200,233,255
led-2,98200,200,233,255
led-2,98300,200,233,255
led-2,98400,200,233,255
led-2,98500,200,233,255
led-2,98600,200,233,255
led-2,98700,200,233,255
led-2,98800,200,233,255
led-2,98900,200,233,255
led-2,99000,200,233,255
led-2,99100,200,233,255
led-2,99200,200,233,255
led-2,99300,200,233,255
led-2,99400,201,233,255
led-2,99500,200,233,255
led-2,99600,200,233,255
led-2,99700,200,233,255
led-2,99800,170,211,110
led-2,99900,170,211,110
led-2,100000,170,211,110
led-2,100100,170,211,110
led-2,100200,170,211,110
led-2,100300,170,211,110
led-2,100400,170,211,110
led-2,100500,170,211,110
led-2,100600,170,211,110
led-2,100700,170,211,110
led-2,100800,170,211,109
led-2,100900,170,211,109
led-2,101000,171,211,109
led-2,101100,170,211,109
led-2,101200,171,211,109
led-2,101300,171,211,109
led-2,101400,171,211,109
led-2,101500,170,211,109
led-2,101600,170,211,109
led-2,101700,170,211,109
led-2,101800,170,211,109
led-2,101900,170,211,109
led-2,102000,170,211,109
led-2,102100,170,211,109
led-2,102200,170,211,109
led-2,102300,170,211,109
led-2,102400,170,211,109
led-2,102500,170,211,109
led-2,102600,170,211,109
led-2,102700,170,211,109
led-2,102800,171,211,109
led-2,102900,171,211,109
led-2,103000,171,211,109
led-2,103100,171,211,109
led-2,103200,170,212,109
led-2,103300,170,212,111
led-2,103400,170,212,111
led-2,103500,171,212,111
led-2,103600,170,212,111
led-2,103700,170,212,111
led-2,103800,171,212,111
led-2,103900,170,212,111
led-2,104000,246,223,228
led-2,104100,246,223,228
led-2,104200,246,223,228
led-2,104300,246,223,228
led-2,104400,246,224,228
led-2,104500,246,224,227
led-2,104600,246,224,227
led-2,104700,246,224,227
led-2,104800,246,224,228
led-2,104900,246,224,228
led-2,105000,246,224,228
led-2,105100,246,224,228
led-2,105200,246,224,228
led-2,105300,250,232,227
led-2,105400,235,212,213
led-2,105500,236,212,208
led-2,105600,242,231,219
led-2,105700,246,224,227
led-2,105800,246,224,228
led-2,105900,217,211,196
led-2,106000,246,224,228
led-2,106100,247,234,224
led-2,106200,207,192,210
led-2,106300,226,211,226
led-2,106400,240,220,229
led-2,106500,245,222,228
led-2,106600,245,222,228
led-2,106700,245,223,228
led-2,106800,244,222,228
led-2,106900,246,224,227
led-2,107000,247,223,228
led-2,107100,246,223,228
led-2,107200,242,220,226
led-2,107300,245,222,227
led-2,107400,212,177,215
led-2,107500,245,223,228
led-2,107600,197,122,197
led-2,107700,179,143,181
led-2,107800,177,135,186
led-2,107900,157,122,165
led-2,108000,246,224,228
led-2,108100,247,223,227
led-2,108200,247,223,227
led-2,108300,247,223,228
led-2,108400,246,224,227
led-2,108500,147,113,115
led-2,108600,102,73,72
led-2,108700,130,101,102
led-2,108800,182,153,151
led-2,108900,205,177,173
led-2,109000,216,188,184
led-2,109100,217,189,187
led-2,109200,217,191,188
led-2,109300,217,191,188
led-2,109400,217,191,188
led-2,109500,215,189,186
led-2,109600,215,189,186
led-2,109700,214,188,186
led-2,109800,208,168,155
led-2,109900,246,222,227
led-2,110000,246,224,229
led-2,110100,246,224,229
led-2,110200,247,224,229
led-2,110300,247,224,229
led-2,110400,247,224,229
led-2,110500,247,224,229
led-2,110600,247,223,229
led-2,110700,247,223,229
led-2,110800,247,224,229
led-2,110900,247,224,228
led-2,111000,246,223,228
led-2,111100,246,224,227
led-2,111200,247,224,227
led-2,111300,201,191,198
led-2,111400,199,190,197
led-2,111500,209,193,196
led-2,111600,227,208,203
led-2,111700,235,216,210
led-2,111800,247,224,229
led-2,111900,246,224,228
led-2,112000,246,224,228
led-2,112100,246,224,228
led-2,112200,246,224,228
led-2,112300,246,224,228
led-2,112400,246,224,228
led-2,112500,246,224,227
led-2,112600,246,224,227
led-2,112700,224,213,220
led-2,112800,224,213,220
led-2,112900,224,213,220
led-2,113000,198,181,170
led-2,113100,225,213,219
led-2,113200,225,214,219
led-2,113300,212,195,183
led-2,113400,218,203,191
led-2,113500,227,206,193
led-2,113600,235,214,200
led-2,113700,235,213,200
led-2,113800,231,210,197
led-2,113900,240,220,206
led-2,114000,236,216,202
led-2,114100,234,213,199
led-2,114200,227,206,194
led-2,114300,215,202,199
led-2,114400,223,214,220
led-2,114500,223,214,219
led-2,114600,210,204,209
led-2,114700,203,198,202
led-2,114800,224,214,219
led-2,114900,224,214,219
led-2,115000,223,214,219
led-2,115100,223,214,219
led-2,115200,223,214,219
led-2,115300,223,214,219
led-2,115400,223,214,219
led-2,115500,223,214,219
led-2,115600,224,214,218
led-2,115700,224,214,218
led-2,115800,224,214,218
led-2,115900,224,214,218
led-2,116000,224,213,220
led-2,116100,224,213,220
led-2,116200,224,213,220
led-2,116300,225,213,220
led-2,116400,225,213,220
led-2,116500,224,213,220
led-2,116600,224,213,220
led-2,116700,224,213,220
led-2,116800,224,213,220
led-2,116900,225,213,220
led-2,117000,224,214,219
led-2,117100,224,214,219
led-2,117200,224,214,219
led-2,117300,224,214,219
led-2,117400,224,214,219
led-2,117500,224,214,219
led-2,117600,224,214,219
led-2,117700,224,214,219
led-2,117800,224,214,219
led-2,117900,224,214,219
led-2,118000,50,95,95
led-2,118100,51,94,95
led-2,118200,51,94,94
led-2,118300,55,92,94
led-2,118400,71,79,85
led-2,118500,108,63,73
led-2,118600,121,64,73
led-2,118700,131,66,74
led-2,118800,143,68,75
led-2,118900,151,69,75
led-2,119000,160,70,74
led-2,119100,162,69,75
led-2,119200,157,66,71
led-2,119300,156,68,73
led-2,119400,162,73,76
led-2,119500,178,83,83
led-2,119600,192,91,89
led-2,119700,204,98,95
led-2,119800,216,105,100
led-2,119900,220,106,100
led-2,120000,225,110,103
led-2,120100,227,113,105
led-2,120200,227,116,107
led-2,120300,230,117,109
led-2,120400,230,119,108
led-2,120500,230,120,110
led-2,120600,231,122,111
led-2,120700,232,123,112
led-2,120800,232,124,112
led-2,120900,117,104,95
led-2,121000,117,104,96
led-2,121100,117,104,96
led-2,121200,117,104,96
led-2,121300,117,103,97
led-2,121400,122,111,108
led-2,121500,118,104,100
led-2,121600,136,123,128
led-2,121700,125,108,112
led-2,121800,130,109,118
led-2,121900,243,226,248
led-2,122000,206,168,217
led-2,122100,133,118,123
led-2,122200,172,154,171
led-2,122300,114,100,94
led-2,122400,120,107,105
led-2,122500,114,100,94
led-2,122600,121,107,102
led-2,122700,112,99,93
led-2,122800,119,105,104
led-2,122900,113,100,94
led-2,123000,124,110,110
led-2,123100,112,100,94
led-2,123200,112,100,92
led-2,123300,114,101,96
led-2,123400,112,99,92
led-2,123500,143,135,140
led-2,123600,143,136,139
led-2,123700,141,135,137
led-2,123800,143,135,140
led-2,123900,143,135,140
led-2,124000,142,134,139
led-2,124100,140,132,137
led-2,124200,135,128,133
led-2,124300,137,129,134
led-2,124400,137,130,134
led-2,124500,137,130,135
led-2,124600,138,130,135
led-2,124700,139,131,136
led-2,124800,140,132,137
led-2,124900,139,132,137
led-2,125000,138,131,135
led-2,125100,138,130,135
led-2,125200,138,131,135
led-2,125300,138,131,135
led-2,125400,137,131,135
led-2,125500,138,131,135
led-2,125600,138,131,135
led-2,125700,138,130,135
led-2,125800,138,130,135
led-2,125900,138,131,136
led-2,126000,140,132,137
led-2,126100,142,134,139
led-2,126200,141,133,138
led-2,126300,140,132,137
led-2,126400,140,132,137
led-2,126500,139,131,136
led-2,126600,139,131,136
led-2,126700,139,131,136
led-2,126800,139,132,136
led-2,126900,198,136,153
led-2,127000,115,71,137
led-2,127100,148,89,146
led-2,127200,172,107,173
led-2,127300,115,69,125
led-2,127400,245,179,250
led-2,127500,127,71,143
led-2,127600,231,182,250
led-2,127700,161,126,129
led-2,127800,194,159,158
led-2,127900,189,149,124
led-2,128000,190,153,139
led-2,128100,184,146,123
led-2,128200,188,149,135
led-2,128300,180,142,121
led-2,128400,180,141,122
led-2,128500,177,140,118
led-2,128600,178,141,119
led-2,128700,178,141,118
led-2,128800,184,145,121
led-2,128900,184,146,123
led-2,129000,186,148,122
led-2,129100,187,148,123
led-2,129200,190,150,125
led-2,129300,193,153,126
led-2,129400,196,154,128
led-2,129500,197,155,127
led-2,129600,198,155,128
led-2,129700,199,156,129
led-2,129800,199,157,129
led-2,129900,199,157,128
led-2,130000,199,157,127
led-2,130100,200,157,128
led-2,130200,200,157,128
led-2,130300,200,157,128
led-2,130400,200,157,128
led-2,130500,198,157,128
led-2,130600,196,155,128
led-2,130700,195,155,127
led-2,130800,193,152,125
led-2,130900,190,152,124
led-2,131000,189,150,124
led-2,131100,186,148,121
led-2,131200,185,147,120
led-2,131300,183,145,120
led-2,131400,182,144,119
led-2,131500,180,144,119
led-2,131600,181,143,119
led-2,131700,181,143,120
led-2,131800,182,144,121
led-2,131900,185,146,122
led-2,132000,187,148,123
led-2,132100,188,149,124
led-2,132200,189,149,124
led-2,132300,193,153,126
led-2,132400,195,154,126
led-2,132500,197,155,128
led-2,132600,199,156,128
led-2,132700,199,157,129
led-2,132800,200,158,129
led-2,132900,201,158,129
led-2,133000,201,158,129
led-2,133100,201,158,129
led-2,133200,202,158,129
led-2,133300,201,157,129
led-2,133400,201,157,129
led-2,133500,199,157,128
led-2,133600,198,156,128
led-2,133700,197,156,128
led-2,133800,194,153,127
led-2,133900,193,152,126
led-2,134000,191,151,124
led-2,134100,189,149,123
led-2,134200,188,148,123
led-2,134300,185,145,121
led-2,134400,183,144,121
led-2,134500,183,144,122
led-2,134600,182,144,122
led-2,134700,182,144,121
led-2,134800,182,144,121
led-2,134900,184,145,121
led-2,135000,185,146,121
led-2,135100,188,148,122
led-2,135200,188,148,122
led-2,135300,192,151,124
led-2,135400,192,153,124
led-2,135500,196,155,127
led-2,135600,196,154,126
led-2,135700,195,153,125
led-2,135800,195,152,125
led-2,135900,195,152,125
led-2,136000,155,118,126
led-2,136100,144,80,180
led-2,136200,200,115,235
led-2,136300,173,91,206
led-2,136400,166,86,197
led-2,136500,155,82,186
led-2,136600,153,81,184
led-2,136700,152,80,181
led-2,136800,148,78,177
led-2,136900,146,78,173
led-2,137000,145,77,173
led-2,137100,145,77,171
led-2,137200,145,77,172
led-2,137300,145,77,172
led-2,137400,145,78,174
led-2,137500,147,78,176
led-2,137600,147,79,177
led-2,137700,172,134,123
led-2,137800,157,120,111
led-2,137900,178,141,118
led-2,138000,181,144,119
led-2,138100,184,145,119
led-2,138200,185,146,120
led-2,138300,187,147,120
led-2,138400,188,148,121
led-2,138500,190,149,122
led-2,138600,192,151,123
led-2,138700,194,152,123
led-2,138800,195,152,123
led-2,138900,195,152,124
led-2,139000,195,151,123
led-2,139100,195,152,123
led-2,139200,195,152,123
led-2,139300,195,151,123
led-2,139400,195,151,123
led-2,139500,195,151,122
led-2,139600,193,151,122
led-2,139700,192,150,122
led-2,139800,189,147,121
led-2,139900,189,147,121
led-2,140000,188,146,121
led-2,140100,187,146,120
led-2,140200,185,144,118
led-2,140300,182,142,116
led-2,140400,179,140,115
led-2,140500,178,140,115
led-2,140600,175,139,115
led-2,140700,174,138,115
led-2,140800,171,136,113
led-2,140900,172,136,113
led-2,141000,174,137,114
led-2,141100,176,139,114
led-2,141200,179,141,116
led-2,141300,183,144,118
led-2,141400,187,146,120
led-2,141500,189,148,121
led-2,141600,191,150,122
led-2,141700,193,151,123
led-2,141800,194,152,123
led-2,141900,195,153,124
led-2,142000,195,153,125
led-2,142100,195,153,124
led-2,142200,195,153,124
led-2,142300,195,153,124
led-2,142400,195,153,125
led-2,142500,197,155,126
led-2,142600,197,155,127
led-2,142700,196,154,126
led-2,142800,195,155,128
led-2,142900,180,157,143
led-2,143000,209,174,148
led-2,143100,190,150,125
led-2,143200,191,150,125
led-2,143300,188,148,123
led-2,143400,187,148,122
led-2,143500,187,148,122
led-2,143600,186,146,121
led-2,143700,186,146,120
led-2,143800,186,146,121
led-2,143900,186,146,121
led-2,144000,187,148,122
led-2,144100,188,148,123
led-2,144200,191,150,125
led-2,144300,193,153,128
led-2,144400,196,155,129
led-2,144500,197,156,129
led-2,144600,199,157,129
led-2,144700,200,158,130
led-2,144800,196,155,125
led-2,144900,199,156,127
led-2,145000,207,164,134
led-2,145100,207,164,134
led-2,145200,208,164,134
led-2,145300,208,165,134
led-2,145400,208,164,133
led-2,145500,208,164,133
led-2,145600,208,164,133
led-2,145700,207,164,133
led-2,145800,205,162,132
led-2,145900,203,161,131
led-2,146000,201,159,131
led-2,146100,199,157,130
led-2,146200,199,157,130
led-2,146300,195,154,128
led-2,146400,86,102,45
led-2,146500,86,102,45
led-2,146600,86,102,45
led-2,146700,86,102,45
led-2,146800,86,102,45
led-2,146900,86,102,45
led-2,147000,86,102,45
led-2,147100,86,102,45
led-2,147200,86,102,45
led-2,147300,86,102,45
led-2,147400,86,102,45
led-2,147500,87,102,46
led-2,147600,87,102,46
led-2,147700,87,102,46
led-2,147800,87,102,46
led-2,147900,87,102,46
led-2,148000,86,102,46
led-2,148100,86,103,46
led-2,148200,87,103,47
led-2,148300,86,103,45
led-2,148400,86,103,45
led-2,148500,86,103,45
led-2,148600,86,103,45
led-2,148700,86,103,45
led-2,148800,86,103,45
led-2,148900,86,103,46
led-2,149000,86,103,46
led-2,149100,189,201,230
led-2,149200,189,201,230
led-2,149300,189,201,230
led-2,149400,189,201,230
led-2,149500,189,201,230
led-2,149600,188,201,230
led-2,149700,189,201,230
led-2,149800,188,200,230
led-2,149900,188,200,230
led-2,150000,188,201,229
led-2,150100,188,201,229
led-2,150200,188,201,229
led-2,150300,188,201,229
led-2,150400,188,201,229
led-2,150500,187,201,229
led-2,150600,187,201,231
led-2,150700,192,198,226
led-2,150800,163,95,105
led-2,150900,163,114,129
led-2,151000,175,148,165
led-2,151100,145,108,125
led-2,151200,167,157,185
led-2,151300,189,200,231
led-2,151400,189,200,231
led-2,151500,189,200,231
led-2,151600,189,200,231
led-2,151700,188,201,230
led-2,151800,188,201,230
led-2,151900,196,197,223
led-2,152000,208,185,202
led-2,152100,214,174,185
led-2,152200,198,168,187
led-2,152300,187,201,230
led-2,152400,188,201,229
led-2,152500,188,201,230
led-2,152600,188,201,230
led-2,152700,188,201,231
led-2,152800,188,201,231
led-2,152900,190,201,229
led-2,153000,191,201,230
led-2,153100,188,201,229
led-2,153200,188,201,229
led-2,153300,188,201,229
led-2,153400,188,201,229
led-2,153500,188,201,230
led-2,153600,188,201,230
led-2,153700,188,201,230
led-2,153800,188,201,230
led-2,153900,188,201,229
led-2,154000,188,201,229
led-2,154100,188,201,229
led-2,154200,188,200,229
led-2,154300,188,201,229
led-2,154400,189,200,231
led-2,154500,189,200,231
led-2,154600,188,200,231
led-2,154700,188,200,231
led-2,154800,188,200,231
led-2,154900,188,200,231
led-2,155000,187,200,231
led-2,155100,187,200,231
led-2,155200,187,200,231
led-2,155300,187,200,231
led-2,155400,187,200,231
led-2,155500,187,200,231
led-2,155600,187,200,231
led-2,155700,188,200,231
led-2,155800,188,200,231
led-2,155900,188,200,231
led-2,156000,185,150,145
led-2,156100,188,154,148
led-2,156200,188,155,148
led-2,156300,189,155,150
led-2,156400,190,156,151
led-2,156500,190,157,151
led-2,156600,191,156,151
led-2,156700,184,145,141
led-2,156800,185,159,152
led-2,156900,179,156,149
led-2,157000,180,158,150
led-2,157100,182,159,152
led-2,157200,183,160,153
led-2,157300,183,160,153
led-2,157400,183,160,153
led-2,157500,183,160,152
led-2,157600,184,160,153
led-2,157700,184,160,152
led-2,157800,184,160,153
led-2,157900,184,160,153
led-2,158000,185,160,153
led-2,158100,184,159,152
led-2,158200,184,160,153
led-2,158300,186,161,152
led-2,158400,196,168,159
led-2,158500,207,178,168
led-2,158600,218,187,175
led-2,158700,231,201,185
led-2,158800,240,211,190
led-2,158900,240,211,190
led-2,159000,241,211,190
led-2,159100,241,210,190
led-2,159200,240,210,189
led-2,159300,247,221,200
led-2,159400,179,150,148
led-2,159500,154,128,127
led-2,159600,177,148,145
led-2,159700,186,158,153
led-2,159800,188,160,153
led-2,159900,221,189,177
led-2,160000,227,201,185
led-2,160100,168,144,141
led-2,160200,148,122,125
led-2,160300,164,141,139
led-2,160400,165,144,141
led-2,160500,163,143,139
led-2,160600,164,143,140
led-2,160700,166,146,142
led-2,160800,167,147,144
led-2,160900,112,57,68
led-2,161000,110,57,68
led-2,161100,100,52,60
led-2,161200,112,59,68
led-2,161300,109,56,65
led-2,161400,95,47,56
led-2,161500,124,66,72
led-2,161600,202,101,84
led-2,161700,254,150,120
led-2,161800,254,164,137
led-2,161900,255,171,146
led-2,162000,245,133,108
led-2,162100,254,163,137
led-2,162200,255,172,145
led-2,162300,236,220,238
led-2,162400,236,220,238
led-2,162500,236,220,238
led-2,162600,236,220,238
led-2,162700,236,220,238
led-2,162800,236,220,238
led-2,162900,236,220,238
led-2,163000,213,178,174
led-2,163100,210,177,172
led-2,163200,214,179,175
led-2,163300,233,117,97
led-2,163400,217,111,92
led-2,163500,221,114,92
led-2,163600,226,115,91
led-2,163700,231,124,107
led-2,163800,228,121,106
led-2,163900,225,115,96
led-2,164000,236,141,129
led-2,164100,229,130,116
led-2,164200,229,121,115
led-2,164300,199,127,104
led-2,164400,198,117,103
led-2,164500,194,114,99
led-2,164600,193,114,99
led-2,164700,191,113,98
led-2,164800,190,111,97
led-2,164900,190,111,97
led-2,165000,186,110,110
led-2,165100,184,129,136
led-2,165200,184,136,146
led-2,165300,167,118,125
led-2,165400,124,74,86
led-2,165500,184,185,212
led-2,165600,183,189,217
led-2,165700,178,156,175
led-2,165800,185,195,221
led-2,165900,185,171,193
led-2,166000,190,164,181
led-2,166100,191,165,181
led-2,166200,191,165,183
led-2,166300,218,182,181
led-2,166400,218,181,180
led-2,166500,210,177,173
led-2,166600,236,220,237
led-2,166700,236,219,233
led-2,166800,236,220,236
led-2,166900,236,220,236
led-2,167000,236,220,237
led-2,167100,236,220,237
led-2,167200,236,220,238
led-2,167300,236,220,238
led-2,167400,236,220,238
led-2,167500,241,220,226
led-2,167600,243,220,225
led-2,167700,244,219,221
led-2,167800,244,212,209
led-2,167900,242,203,198
led-2,168000,160,151,159
led-2,168100,163,155,165
led-2,168200,170,164,177
led-2,168300,182,179,197
led-2,168400,186,188,211
led-2,168500,195,183,204
led-2,168600,197,181,201
led-2,168700,197,181,201
led-2,168800,197,180,201
led-2,168900,198,170,188
led-2,169000,198,156,170
led-2,169100,188,125,124
led-2,169200,184,135,142
led-2,169300,136,149,123
led-2,169400,188,201,230
led-2,169500,188,201,230
led-2,169600,233,187,179
led-2,169700,200,157,155
led-2,169800,236,220,236
led-2,169900,236,220,236
led-2,170000,236,220,238
led-2,170100,236,220,238
led-2,170200,236,220,238
led-2,170300,236,220,238
led-2,170400,236,220,238
led-2,170500,236,220,238
led-2,170600,236,220,238
led-2,170700,236,220,238
led-2,170800,236,220,238
led-2,170900,236,220,238
led-2,171000,236,220,238
led-2,171100,236,220,238
led-2,171200,236,220,238
led-2,171300,236,220,238
led-2,171400,236,220,238
led-2,171500,236,220,238
led-2,171600,236,220,238
led-2,171700,236,220,238
led-2,171800,236,220,238
led-2,171900,236,220,238
led-2,172000,236,220,238
led-2,172100,236,220,238
led-2,172200,236,220,238
led-2,172300,236,220,238
led-2,172400,236,220,238
led-2,172500,236,220,238
led-2,172600,236,220,238
led-2,172700,236,220,238
led-2,172800,236,220,238
led-2,172900,236,220,238
led-2,173000,236,220,238
led-2,173100,236,220,238
led-2,173200,236,220,238
led-2,173300,236,220,238
led-2,173400,236,220,238
led-2,173500,235,220,237
led-2,173600,117,87,94
led-2,173700,188,169,179
led-2,173800,236,220,238
led-2,173900,236,220,238
led-2,174000,236,220,237
led-2,174100,235,220,238
led-2,174200,232,218,234
led-2,174300,211,189,199
led-2,174400,216,194,206
led-2,174500,218,197,207
led-2,174600,218,197,209
led-2,174700,235,220,237
led-2,174800,231,218,234
led-2,174900,231,217,233
led-2,175000,229,215,231
led-2,175100,229,214,230
led-2,175200,229,214,230
led-2,175300,235,220,238
led-2,175400,235,220,238
led-2,175500,235,220,238
led-2,175600,235,220,236
led-2,175700,236,220,238
led-2,175800,187,164,172
led-2,175900,225,208,224
led-2,176000,236,221,238
led-2,176100,236,221,237
led-2,176200,188,201,231
led-2,176300,188,201,230
led-2,176400,221,107,87
led-2,176500,185,90,79
led-2,176600,107,127,88
led-2,176700,187,201,230
led-2,176800,187,201,230
led-2,176900,218,106,86
led-2,177000,187,90,79
led-2,177100,77,47,54
led-2,177200,188,200,230
led-2,177300,188,200,231
led-2,177400,214,103,85
led-2,177500,143,76,70
led-2,177600,113,133,90
led-2,177700,187,201,230
led-2,177800,228,198,190
led-2,177900,227,196,187
led-2,178000,218,186,175
led-2,178100,248,221,219
led-2,178200,248,221,219
led-2,178300,236,209,201
led-2,178400,223,198,190
led-2,178500,224,195,188
led-2,178600,247,220,219
led-2,178700,248,221,219
led-2,178800,248,221,219
led-2,178900,248,221,217
led-2,179000,247,221,218
led-2,179100,60,69,30
led-2,179200,248,221,220
led-2,179300,248,221,220
led-2,179400,248,221,220
led-2,179500,248,221,219
led-2,179600,248,221,220
led-2,179700,248,221,220
led-2,179800,248,221,219
led-2,179900,248,221,219
led-2,180000,248,221,220
led-2,180100,248,221,220
led-2,180200,248,221,220
led-2,180300,213,64,60
led-2,180400,248,221,219
led-2,180500,210,131,131
led-2,180600,227,151,119
led-2,180700,188,201,230
led-2,180800,188,201,230
led-2,180900,121,65,59
led-2,181000,208,131,133
led-2,181100,208,132,127
led-2,181200,188,201,229
led-2,181300,188,201,229
led-2,181400,119,65,59
led-2,181500,208,131,133
led-2,181600,202,127,123
led-2,181700,187,200,230
led-2,181800,187,201,231
led-2,181900,117,64,60
led-2,182000,209,131,133
led-2,182100,187,120,122
led-2,182200,187,201,229
led-2,182300,188,201,229
led-2,182400,116,63,59
led-2,182500,209,130,134
led-2,182600,216,139,114
led-2,182700,188,201,230
led-2,182800,188,201,231
led-2,182900,116,63,58
led-2,183000,209,130,133
led-2,183100,200,125,122
led-2,183200,188,201,230
led-2,183300,188,201,231
led-2,183400,118,64,59
led-2,183500,208,131,131
led-2,183600,205,130,125
led-2,183700,188,200,230
led-2,183800,188,200,230
led-2,183900,122,64,59
led-2,184000,209,131,130
led-2,184100,198,129,126
led-2,184200,188,200,230
led-2,184300,188,201,230
led-2,184400,121,64,59
led-2,184500,210,130,133
led-2,184600,224,148,118
led-2,184700,187,200,229
led-2,184800,187,201,229
led-2,184900,104,54,53
led-2,185000,210,166,178
led-2,185100,200,195,220
led-2,185200,201,195,221
led-2,185300,200,195,220
led-2,185400,200,195,220
led-2,185500,200,195,220
led-2,185600,201,192,217
led-2,185700,206,185,205
led-2,185800,210,179,198
led-2,185900,210,179,198
led-2,186000,170,206,255
led-2,186100,170,206,255
led-2,186200,170,206,255
led-2,186300,171,206,255
led-2,186400,171,206,255
led-2,186500,171,206,255
led-2,186600,171,206,255
led-2,186700,172,206,255
led-2,186800,172,206,255
led-2,186900,172,206,255
led-2,187000,172,206,255
led-2,187100,172,206,255
led-2,187200,173,206,255
led-2,187300,173,206,255
led-2,187400,173,206,255
led-2,187500,177,206,252
led-2,187600,185,204,246
led-2,187700,176,204,249
led-2,187800,171,207,255
led-2,187900,171,207,255
led-2,188000,171,207,255
led-2,188100,171,207,255
led-2,188200,171,207,255
led-2,188300,171,207,255
led-2,188400,191,200,233
led-2,188500,171,206,255
led-2,188600,171,206,255
led-2,188700,171,206,255
led-2,188800,171,206,255
led-2,188900,171,206,255
led-2,189000,170,206,255
led-2,189100,171,206,255
led-2,189200,171,206,255
led-2,189300,171,206,255
led-2,189400,220,193,183
led-2,189500,220,193,183
led-2,189600,220,193,182
led-2,189700,220,193,182
led-2,189800,220,193,183
led-2,189900,220,194,183
led-2,190000,220,193,182
led-2,190100,219,193,183
led-2,190200,218,192,182
led-2,190300,219,192,182
led-2,190400,220,194,183
led-2,190500,222,196,185
led-2,190600,223,197,186
led-2,190700,223,197,186
led-2,190800,224,197,186
led-2,190900,225,198,186
led-2,191000,225,198,187
led-2,191100,223,196,184
led-2,191200,222,194,183
led-2,191300,213,185,177
led-2,191400,197,169,162
led-2,191500,189,161,157
led-2,191600,188,160,155
led-2,191700,187,159,154
led-2,191800,186,158,153
led-2,191900,184,158,153
led-2,192000,184,157,152
led-2,192100,189,161,157
led-2,192200,171,207,255
led-2,192300,171,206,255
led-2,192400,171,206,255
led-2,192500,139,144,168
led-2,192600,125,83,77
led-2,192700,161,126,128
led-2,192800,212,187,187
led-2,192900,240,211,199
led-2,193000,238,220,213
led-2,193100,223,220,226
led-2,193200,208,217,238
led-2,193300,188,212,250
led-2,193400,181,210,253
led-2,193500,177,208,255
led-2,193600,177,208,255
led-2,193700,176,208,255
led-2,193800,175,207,255
led-2,193900,175,207,255
led-2,194000,175,207,255
led-2,194100,174,207,255
led-2,194200,173,207,255
led-2,194300,172,207,255
led-2,194400,172,207,255
led-2,194500,172,206,255
led-2,194600,172,206,255
led-2,194700,247,225,208
led-2,194800,252,231,214
led-2,194900,254,234,216
led-2,195000,255,234,218
led-2,195100,255,234,218
led-2,195200,255,232,218
led-2,195300,242,210,199
led-2,195400,181,145,143
led-2,195500,250,225,213
led-2,195600,243,221,210
led-2,195700,242,220,209
led-2,195800,126,79,66
led-2,195900,80,76,76
led-2,196000,255,141,114
led-2,196100,246,150,121
led-2,196200,121,61,54
led-2,196300,167,155,163
led-2,196400,178,173,175
led-2,196500,170,173,170
led-2,196600,166,169,167
led-2,196700,158,164,162
led-2,196800,150,156,156
led-2,196900,146,152,152
led-2,197000,246,225,213
led-2,197100,246,225,213
led-2,197200,247,225,213
led-2,197300,248,225,213
led-2,197400,247,225,213
led-2,197500,247,225,213
led-2,197600,246,224,212
led-2,197700,246,224,212
led-2,197800,246,223,212
led-2,197900,246,223,211
led-2,198000,245,223,210
led-2,198100,245,222,210
led-2,198200,245,222,210
led-2,198300,242,220,208
led-2,198400,240,219,208
led-2,198500,251,225,214
led-2,198600,252,225,214
led-2,198700,252,225,213
led-2,198800,252,225,213
led-2,198900,252,225,214
led-2,199000,251,224,213
led-2,199100,250,224,212
led-2,199200,250,223,212
led-2,199300,250,223,212
led-2,199400,250,223,213
led-2,199500,250,223,212
led-2,199600,250,223,212
led-2,199700,250,223,212
led-2,199800,250,223,212
led-2,199900,174,199,228
led-2,200000,173,199,227
led-2,200100,173,199,227
led-2,200200,173,199,227
led-2,200300,173,199,227
led-2,200400,173,199,227
led-2,200500,173,199,227
led-2,200600,174,199,227
led-2,200700,174,199,227
led-2,200800,174,199,227
led-2,200900,174,199,227
led-2,201000,174,199,228
led-2,201100,174,199,228
led-2,201200,174,199,228
led-2,201300,174,199,228
led-2,201400,174,199,228
led-2,201500,174,199,228
led-2,201600,174,199,228
led-2,201700,174,199,228
led-2,201800,174,199,228
led-2,201900,173,199,228
led-2,202000,173,199,227
led-2,202100,173,199,227
led-2,202200,173,199,227
led-2,202300,173,199,227
led-2,202400,173,199,227
led-2,202500,174,199,227
led-2,202600,174,199,227
led-2,202700,174,199,227
led-2,202800,174,199,227
led-2,202900,174,199,227
led-2,203000,174,199,227
led-2,203100,174,199,227
led-2,203200,174,199,227
led-2,203300,174,199,227
led-2,203400,174,199,227
led-2,203500,174,199,227
led-2,203600,174,199,227
led-2,203700,174,199,227
led-2,203800,174,199,227
led-2,203900,174,199,227
led-2,204000,174,199,227
led-2,204100,174,199,227
led-2,204200,214,188,172
led-2,204300,217,190,174
led-2,204400,218,192,176
led-2,204500,221,194,178
led-2,204600,223,197,181
led-2,204700,224,198,182
led-2,204800,226,200,183
led-2,204900,228,203,188
led-2,205000,232,209,191
led-2,205100,215,188,173
led-2,205200,208,182,170
led-2,205300,216,189,175
led-2,205400,223,196,178
led-2,205500,228,201,185
led-2,205600,230,204,187
led-2,205700,232,207,190
led-2,205800,235,210,192
led-2,205900,236,211,195
led-2,206000,176,199,226
led-2,206100,179,198,225
led-2,206200,173,196,224
led-2,206300,174,199,227
led-2,206400,175,199,226
led-2,206500,164,179,205
led-2,206600,174,199,226
led-2,206700,174,189,213
led-2,206800,97,53,65
led-2,206900,173,198,225
led-2,207000,176,199,226
led-2,207100,195,184,202
led-2,207200,176,110,121
led-2,207300,140,131,151
led-2,207400,174,200,225
led-2,207500,222,196,179
led-2,207600,222,196,179
led-2,207700,224,196,179
led-2,207800,224,198,181
led-2,207900,225,199,181
led-2,208000,226,200,182
led-2,208100,227,200,183
led-2,208200,129,101,104
led-2,208300,232,210,194
led-2,208400,248,226,211
led-2,208500,164,138,136
led-2,208600,162,142,136
led-2,208700,157,144,140
led-2,208800,157,144,141
led-2,208900,174,199,227
led-2,209000,174,199,226
led-2,209100,174,199,226
led-2,209200,174,199,226
led-2,209300,176,199,226
led-2,209400,175,199,227
led-2,209500,175,199,227
led-2,209600,175,198,226
led-2,209700,174,199,226
led-2,209800,174,199,226
led-2,209900,174,199,226
led-2,210000,175,198,226
led-2,210100,175,199,226
led-2,210200,175,199,226
led-2,210300,175,199,226
led-2,210400,175,199,226
led-2,210500,175,199,226
led-2,210600,175,199,226
led-2,210700,174,199,226
led-2,210800,174,199,226
led-2,210900,174,199,226
led-2,211000,174,199,226
led-2,211100,174,199,226
led-2,211200,174,199,226
led-2,211300,174,199,227
led-2,211400,174,199,227
led-2,211500,174,199,227
led-2,211600,174,199,227
led-2,211700,251,214,197
led-2,211800,251,214,197
led-2,211900,251,214,197
led-2,212000,251,214,197
led-2,212100,251,214,197
led-2,212200,251,214,197
led-2,212300,251,214,197
led-2,212400,251,214,197
led-2,212500,251,214,197
led-2,212600,251,214,197
led-2,212700,251,214,197
led-2,212800,251,215,197
led-2,212900,251,214,197
led-2,213000,182,90,79
led-2,213100,236,155,147
led-2,213200,251,215,197
led-2,213300,170,138,128
led-2,213400,142,118,109
led-2,213500,130,112,103
led-2,213600,128,111,103
led-2,213700,126,111,104
led-2,213800,180,199,241
led-2,213900,180,199,241
led-2,214000,179,199,241
led-2,214100,179,199,241
led-2,214200,171,135,132
led-2,214300,180,199,241
led-2,214400,180,199,242
led-2,214500,180,199,242
led-2,214600,180,199,242
led-2,214700,180,199,242
led-2,214800,180,199,242
led-2,214900,180,199,242
led-2,215000,179,199,241
led-2,215100,179,199,241
led-2,215200,179,199,241
led-2,215300,179,199,241
led-2,215400,179,199,241
led-2,215500,179,199,241
led-2,215600,180,199,241
led-2,215700,180,199,241
led-2,215800,180,199,241
led-2,215900,180,199,241
led-2,216000,179,199,241
led-2,216100,179,199,241
led-2,216200,179,199,241
led-2,216300,180,199,241
led-2,216400,180,199,241
led-2,216500,180,199,241
led-2,216600,180,199,241
led-2,216700,180,199,241
led-2,216800,158,116,159
led-2,216900,148,111,157
led-2,217000,145,93,137
led-2,217100,158,99,141
led-2,217200,173,167,205
led-2,217300,179,199,237
led-2,217400,179,199,238
led-2,217500,180,199,239
led-2,217600,180,199,239
led-2,217700,179,199,239
led-2,217800,178,194,234
led-2,217900,178,189,228
led-2,218000,178,192,232
led-2,218100,179,196,237
led-2,218200,180,199,239
led-2,218300,180,199,240
led-2,218400,180,199,240
led-2,218500,171,178,215
led-2,218600,179,199,240
led-2,218700,178,199,240
led-2,218800,179,199,239
led-2,218900,179,199,239
led-2,219000,180,199,241
led-2,219100,180,199,241
led-2,219200,180,199,241
led-2,219300,180,199,241
led-2,219400,180,199,241
led-2,219500,179,199,241
led-2,219600,179,199,240
led-2,219700,178,183,222
led-2,219800,155,122,168
led-2,219900,163,155,198
led-2,220000,165,163,205
led-2,220100,163,160,203
led-2,220200,162,159,202
led-2,220300,162,156,200
led-2,220400,161,154,198
led-2,220500,235,209,192
led-2,220600,236,210,193
led-2,220700,247,224,208
led-2,220800,208,177,163
led-2,220900,202,172,157
led-2,221000,200,170,157
led-2,221100,200,171,157
led-2,221200,224,197,185
led-2,221300,224,197,184
led-2,221400,224,197,184
led-2,221500,224,197,184
led-2,221600,224,197,185
led-2,221700,224,197,185
led-2,221800,225,198,185
led-2,221900,225,197,185
led-2,222000,225,197,185
led-2,222100,225,198,185
led-2,222200,226,198,185
led-2,222300,226,198,185
led-2,222400,227,199,187
led-2,222500,229,201,188
led-2,222600,229,201,188
led-2,222700,229,201,189
led-2,222800,229,201,189
led-2,222900,229,201,189
led-2,223000,228,202,189
led-2,223100,228,200,188
led-2,223200,226,199,187
led-2,223300,226,199,187
led-2,223400,226,199,186
led-2,223500,226,199,186
led-2,223600,226,199,187
led-2,223700,227,199,187
led-2,223800,255,227,227
led-2,223900,255,227,227
led-2,224000,255,226,227
led-2,224100,255,226,227
led-2,224200,255,226,227
led-2,224300,255,226,227
led-2,224400,255,226,228
led-2,224500,255,226,228
led-2,224600,255,226,228
led-2,224700,255,226,228
led-2,224800,255,226,228
led-2,224900,255,226,228
led-2,225000,255,226,227
led-2,225100,255,227,228
led-2,225200,255,227,228
led-2,225300,255,227,228
led-2,225400,255,227,228
led-2,225500,255,227,227
led-2,225600,255,227,227
led-2,225700,255,227,227
led-2,225800,255,227,228
led-2,225900,255,227,228
led-2,226000,255,226,227
led-2,226100,255,226,227
led-2,226200,255,226,227
led-2,226300,76,63,74
led-2,226400,76,63,74
led-2,226500,110,91,105
led-2,226600,76,63,75
led-2,226700,74,63,74
led-2,226800,74,63,74
led-2,226900,74,63,73
led-2,227000,73,63,73
led-2,227100,73,63,73
led-2,227200,73,63,74
led-2,227300,74,62,73
led-2,227400,74,62,74
led-2,227500,72,61,72
led-2,227600,68,57,68
led-2,227700,63,53,64
led-2,227800,64,53,65
led-2,227900,66,55,66
led-2,228000,68,55,67
led-2,228100,67,56,67
led-2,228200,67,56,67
led-2,228300,67,56,68
led-2,228400,67,56,68
led-2,228500,67,56,68
led-2,228600,67,56,68
led-2,228700,67,56,68
led-2,228800,67,56,68
led-2,228900,67,56,68
led-2,229000,67,56,67
led-2,229100,66,56,67
led-2,229200,67,56,67
led-2,229300,67,57,68
led-2,229400,156,140,143
led-2,229500,105,92,113
led-2,229600,141,127,133
led-2,229700,138,123,131
led-2,229800,139,123,134
led-2,229900,139,123,133
led-2,230000,116,157,138
led-2,230100,116,157,138
led-2,230200,117,157,138
led-2,230300,116,157,138
led-2,230400,116,157,138
led-2,230500,116,157,138
led-2,230600,116,157,138
led-2,230700,116,157,137
led-2,230800,116,157,137
led-2,230900,116,157,137
led-2,231000,116,157,137
led-2,231100,116,157,137
led-2,231200,116,157,137
led-2,231300,116,157,137
led-2,231400,116,157,138
led-2,231500,116,157,137
led-2,231600,116,157,137
led-2,231700,117,157,137
led-2,231800,118,156,137
led-2,231900,117,157,137
led-2,232000,117,157,138
led-2,232100,117,157,137
led-2,232200,117,157,137
led-2,232300,117,157,137
led-2,232400,117,157,137
led-2,232500,65,53,66
led-2,232600,65,53,66
led-2,232700,65,53,66
led-2,232800,65,54,65
led-2,232900,74,60,72
led-2,233000,170,161,179
led-2,233100,115,113,130
led-2,233200,131,133,149
led-2,233300,150,149,163
led-2,233400,149,148,163
led-2,233500,147,145,160
led-2,233600,144,142,159
led-2,233700,140,140,157
led-2,233800,137,135,154
led-2,233900,130,131,148
led-2,234000,144,139,156
led-2,234100,124,124,141
led-2,234200,102,99,117
led-2,234300,105,101,119
led-2,234400,105,101,119
led-2,234500,106,101,119
led-2,234600,105,101,119
led-2,234700,105,101,119
led-2,234800,106,102,119
led-2,234900,105,101,119
led-2,235000,104,101,118
led-2,235100,105,101,118
led-2,235200,132,121,129
led-2,235300,145,131,144
led-2,235400,133,121,139
led-2,235500,127,115,135
led-2,235600,126,114,133
led-2,235700,126,113,133
led-2,235800,124,112,132
led-2,235900,124,111,131
led-2,236000,124,111,130
led-2,236100,123,110,128
led-2,236200,123,109,127
led-2,236300,121,108,128
led-2,236400,121,108,128
led-2,236500,121,108,126
led-2,236600,121,107,126
led-2,236700,120,106,126
led-2,236800,120,107,126
led-2,236900,120,107,125
led-2,237000,126,113,131
led-2,237100,151,135,146
led-2,237200,156,143,149
led-2,237300,129,120,134
led-2,237400,121,113,129
led-2,237500,114,105,123
led-2,237600,110,102,119
led-2,237700,108,99,117
led-2,237800,105,98,116
led-2,237900,104,96,114
led-2,238000,102,95,113
led-2,238100,102,95,113
led-2,238200,101,94,113
led-2,238300,101,94,112
led-2,238400,100,93,111
led-2,238500,98,92,110
led-2,238600,98,92,111
led-2,238700,98,92,109
led-2,238800,98,91,110
led-2,238900,99,91,110
led-2,239000,99,94,110
led-2,239100,103,97,115
led-2,239200,118,110,125
led-2,239300,123,115,130
led-2,239400,119,113,130
led-2,239500,111,105,123
led-2,239600,106,102,119
led-2,239700,103,100,116
led-2,239800,99,94,111
led-2,239900,93,89,105
led-2,240000,88,82,97
led-2,240100,87,79,97
led-2,240200,86,79,97
led-2,240300,87,79,95
led-2,240400,88,79,97
led-2,240500,89,81,98
led-2,240600,90,81,98
led-2,240700,90,82,99
led-2,240800,91,81,100
led-2,240900,90,80,99
led-2,241000,89,79,98
led-2,241100,106,94,114
led-2,241200,104,90,111
led-2,241300,80,66,76
led-2,241400,80,66,76
led-2,241500,80,66,76
led-2,241600,80,66,76
led-2,241700,80,66,76
led-2,241800,80,66,76
led-2,241900,81,66,76
led-2,242000,80,66,76
led-2,242100,122,113,116
led-2,242200,122,113,117
led-2,242300,123,114,117
led-2,242400,124,115,118
led-2,242500,126,116,116
led-2,242600,128,118,117
led-2,242700,171,155,156
led-2,242800,134,122,119
led-2,242900,137,124,122
led-2,243000,141,126,123
led-2,243100,142,128,124
led-2,243200,144,130,125
led-2,243300,149,134,128
led-2,243400,151,136,129
led-2,243500,151,167,162
led-2,243600,87,139,142
led-2,243700,85,139,142
led-2,243800,145,163,153
led-2,243900,110,125,122
led-2,244000,82,139,139
led-2,244100,132,165,164
led-2,244200,160,189,176
led-2,244300,135,149,141
led-2,244400,79,137,137
led-2,244500,78,138,137
led-2,244600,79,99,95
led-2,244700,77,136,137
led-2,244800,77,136,138
led-2,244900,76,136,137
led-2,245000,76,135,137
led-2,245100,75,135,136
led-2,245200,76,135,136
led-2,245300,74,133,135
led-2,245400,75,133,135
led-2,245500,73,133,133
led-2,245600,74,133,133
led-2,245700,74,133,132
led-2,245800,74,132,132
led-2,245900,73,131,131
led-2,246000,74,131,130
led-2,246100,73,131,130
led-2,246200,73,131,130
led-2,246300,73,130,129
led-2,246400,72,130,128
led-2,246500,214,220,199
led-2,246600,240,239,217
led-2,246700,238,235,212
led-2,246800,242,237,213
led-2,246900,246,237,212
led-2,247000,245,230,205
led-2,247100,234,217,193
led-2,247200,230,213,190
led-2,247300,233,217,194
led-2,247400,230,213,190
led-2,247500,95,141,129
led-2,247600,80,131,123
led-2,247700,82,133,124
led-2,247800,81,132,123
led-2,247900,69,126,119
led-2,248000,68,125,118
led-2,248100,68,125,119
led-2,248200,67,124,119
led-2,248300,68,125,119
led-2,248400,67,124,119
led-2,248500,67,123,117
led-2,248600,67,123,117
led-2,248700,67,123,117
led-2,248800,67,123,117
led-2,248900,67,123,117
led-2,249000,65,122,115
led-2,249100,65,122,115
led-2,249200,66,122,115
led-2,249300,66,122,115
led-2,249400,65,121,115
led-2,249500,65,121,113
led-2,249600,65,121,113
led-2,249700,64,120,113
led-2,249800,64,120,113
led-2,249900,64,120,113
led-2,250000,64,120,111
led-2,250100,64,120,111
led-2,250200,64,120,111
led-2,250300,64,120,111
led-2,250400,64,120,111
led-2,250500,64,120,111
led-2,250600,64,120,111
led-2,250700,64,120,110
led-2,250800,87,168,106
led-2,250900,87,168,106
led-2,251000,87,167,106
led-2,251100,87,167,105
led-2,251200,87,167,105
led-2,251300,86,167,105
led-2,251400,48,48,55
led-2,251500,88,111,100
led-2,251600,97,123,110
led-2,251700,94,116,106
led-2,251800,88,106,98
led-2,251900,82,98,92
led-2,252000,100,99,106
led-2,252100,70,78,84
led-2,252200,85,98,105
led-2,252300,79,89,96
led-2,252400,114,130,139
led-2,252500,102,118,109
led-2,252600,101,119,108
led-2,252700,100,118,107
led-2,252800,99,117,108
led-2,252900,99,117,108
led-2,253000,123,142,141
led-2,253100,97,113,106
led-2,253200,96,113,104
led-2,253300,96,113,104
led-2,253400,97,113,104
led-2,253500,97,114,104
led-2,253600,98,114,105
led-2,253700,101,135,121
led-2,253800,97,130,115
led-2,253900,98,128,114
led-2,254000,118,150,134
led-2,254100,105,138,121
led-2,254200,83,116,94
led-2,254300,81,113,90
led-2,254400,79,111,87
led-2,254500,77,108,82
led-2,254600,77,108,83
led-2,254700,77,108,82
led-2,254800,77,108,82
led-2,254900,77,108,82
led-2,255000,77,108,82
led-2,255100,77,109,82
led-2,255200,136,170,180
led-2,255300,109,140,131
led-2,255400,69,84,90
led-2,255500,69,84,90
led-2,255600,69,84,90
led-2,255700,69,84,90
led-2,255800,69,84,90
led-2,255900,68,84,90
led-2,256000,68,84,90
led-2,256100,68,84,90
led-2,256200,68,84,90
led-2,256300,70,85,90
led-2,256400,68,83,90
led-2,256500,68,83,90
led-2,256600,68,83,90
led-2,256700,68,83,90
led-2,256800,68,83,89
led-2,256900,68,83,89
led-2,257000,156,167,178
led-2,257100,160,171,182
led-2,257200,146,157,167
led-2,257300,124,135,146
led-2,257400,121,133,143
led-2,257500,133,145,155
led-2,257600,144,155,166
led-2,257700,153,165,175
led-2,257800,159,170,181
led-2,257900,161,172,183
led-2,258000,166,177,187
led-2,258100,171,183,194
led-2,258200,157,168,180
led-2,258300,137,149,161
led-2,258400,135,146,159
led-2,258500,143,154,166
led-2,258600,150,161,173
led-2,258700,38,43,50
led-2,258800,38,43,50
led-2,258900,92,103,118
led-2,259000,124,138,161
led-2,259100,74,84,104
led-2,259200,87,100,116
led-2,259300,48,50,61
led-2,259400,46,47,57
led-2,259500,102,116,123
led-2,259600,102,116,122
led-2,259700,101,117,123
led-2,259800,98,113,119
led-2,259900,91,105,112
led-2,260000,78,91,97
led-2,260100,82,95,102
led-2,260200,98,100,95
led-2,260300,121,129,138
led-2,260400,86,101,106
led-2,260500,82,103,106
led-2,260600,82,103,105
led-2,260700,82,103,105
led-2,260800,81,102,104
led-2,260900,81,101,104
led-2,261000,80,100,102
led-2,261100,79,100,102
led-2,261200,220,227,215
led-2,261300,220,227,215
led-2,261400,221,227,215
led-2,261500,221,227,215
led-2,261600,221,227,216
led-2,261700,221,228,216
led-2,261800,223,230,218
led-2,261900,225,232,219
led-2,262000,228,235,222
led-2,262100,228,235,223
led-2,262200,228,235,223
led-2,262300,229,236,224
led-2,262400,229,236,224
led-2,262500,229,236,224
led-2,262600,229,236,224
led-2,262700,229,236,224
led-2,262800,229,236,224
led-2,262900,58,65,64
led-2,263000,62,70,69
led-2,263100,64,76,75
led-2,263200,63,74,74
led-2,263300,56,59,58
led-2,263400,56,57,55
led-2,263500,57,57,55
led-2,263600,58,57,55
led-2,263700,58,57,56
led-2,263800,57,57,56
led-2,263900,57,57,56
led-2,264000,60,57,56
led-2,264100,63,60,58
led-2,264200,66,63,61
led-2,264300,68,65,63
led-2,264400,69,65,64
led-2,264500,84,101,105
led-2,264600,84,101,105
led-2,264700,84,101,105
led-2,264800,84,101,105
led-2,264900,84,101,105
led-2,265000,80,96,100
led-2,265100,83,99,103
led-2,265200,83,99,103
led-2,265300,83,99,103
led-2,265400,83,99,103
led-2,265500,79,94,99
led-2,265600,82,97,102
led-2,265700,82,98,102
led-2,265800,84,100,104
led-2,265900,84,100,104
led-2,266000,84,100,104
led-2,266100,84,101,104
led-2,266200,134,145,152
led-2,266300,135,146,152
led-2,266400,136,147,153
led-2,266500,138,148,154
led-2,266600,140,149,154
led-2,266700,144,152,157
led-2,266800,119,133,138
led-2,266900,96,112,117
led-2,267000,73,87,92
led-2,267100,69,82,88
led-2,267200,69,81,87
led-2,267300,69,81,87
led-2,267400,69,81,86
led-2,267500,93,108,111
led-2,267600,93,110,111
led-2,267700,93,110,112
led-2,267800,94,110,112
led-2,267900,94,110,112
led-2,268000,82,97,98
led-2,268100,71,84,86
led-2,268200,67,80,82
led-2,268300,67,80,81
led-2,268400,68,80,81
led-2,268500,68,80,81
led-2,268600,68,80,79
led-2,268700,68,80,79
led-2,268800,78,91,87
led-2,268900,64,76,73
led-2,269000,77,91,82
led-2,269100,83,96,86
led-2,269200,86,100,89
led-2,269300,89,104,90
led-2,269400,90,106,91
led-2,269500,93,108,91
led-2,269600,95,108,92
led-2,269700,96,110,93
led-2,269800,96,110,93
led-2,269900,96,110,93
led-2,270000,98,110,92
led-2,270100,96,109,91
led-2,270200,94,109,89
led-2,270300,93,106,89
led-2,270400,104,82,47
led-2,270500,188,185,182
led-2,270600,142,136,133
led-2,270700,178,174,166
led-2,270800,160,165,166
led-2,270900,99,75,48
led-2,271000,181,183,187
led-2,271100,157,160,145
led-2,271200,203,200,196
led-2,271300,177,178,183
led-2,271400,129,112,79
led-2,271500,104,104,103
led-2,271600,210,208,212
led-2,271700,142,152,159
led-2,271800,156,155,159
led-2,271900,116,97,66
led-2,272000,90,92,90
led-2,272100,188,191,195
led-2,272200,125,137,141
led-2,272300,185,183,175
led-2,272400,82,67,36
led-2,272500,173,177,174
led-2,272600,232,231,235
led-2,272700,226,224,227
led-2,272800,158,162,166
led-2,272900,81,66,35
led-2,273000,159,156,145
led-2,273100,200,195,181
led-2,273200,234,231,228
led-2,273300,184,185,184
led-2,273400,96,79,46
led-2,273500,82,69,35
led-2,273600,82,68,35
led-2,273700,82,68,36
led-2,273800,139,126,99
led-2,273900,179,169,156
led-2,274000,204,196,185
led-2,274100,207,199,188
led-2,274200,208,201,189
led-2,274300,209,202,191
led-2,274400,209,202,191
led-2,274500,209,202,192
led-2,274600,208,201,191
led-2,274700,208,199,187
led-2,274800,154,143,124
led-2,274900,153,144,128
led-2,275000,191,190,180
led-2,275100,187,188,178
led-2,275200,187,188,177
led-2,275300,185,188,177
led-2,275400,187,188,177
led-2,275500,189,189,178
led-2,275600,189,189,179
led-2,275700,188,189,178
led-2,275800,188,189,178
led-2,275900,188,189,178
led-2,276000,75,100,38
led-2,276100,75,100,37
led-2,276200,75,100,37
led-2,276300,77,101,40
led-2,276400,254,254,252
led-2,276500,203,202,223
led-2,276600,67,88,80
led-2,276700,76,100,37
led-2,276800,76,99,38
led-2,276900,76,99,38
led-2,277000,75,99,38
led-2,277100,214,225,203
led-2,277200,76,100,38
led-2,277300,249,249,246
led-2,277400,180,179,201
led-2,277500,76,99,38
led-2,277600,76,100,37
led-2,277700,76,100,37
led-2,277800,76,100,37
led-2,277900,76,100,37
led-2,278000,58,116,88
led-2,278100,59,115,88
led-2,278200,59,115,88
led-2,278300,58,115,87
led-2,278400,59,115,87
led-2,278500,59,115,88
led-2,278600,58,115,88
led-2,278700,58,115,88
led-2,278800,58,115,87
led-2,278900,58,115,88
led-2,279000,58,115,88
led-2,279100,58,115,88
led-2,279200,58,115,88
led-2,279300,58,115,88
led-2,279400,59,114,88
led-2,279500,58,114,88
led-2,279600,58,114,88
led-2,279700,58,114,88
led-2,279800,121,131,118
led-2,279900,116,126,113
led-2,280000,118,129,115
led-2,280100,129,138,124
led-2,280200,118,128,116
led-2,280300,109,121,110
led-2,280400,108,120,109
led-2,280500,109,120,109
led-2,280600,110,120,109
led-2,280700,110,120,109
led-2,280800,110,121,109
led-2,280900,110,121,109
led-2,281000,111,122,110
led-2,281100,111,122,110
led-2,281200,110,122,110
led-2,281300,111,123,110
led-2,281400,100,107,107
led-2,281500,100,107,107
led-2,281600,100,107,107
led-2,281700,99,106,106
led-2,281800,97,104,104
led-2,281900,96,103,103
led-2,282000,97,103,103
led-2,282100,98,104,104
led-2,282200,102,109,109
led-2,282300,107,114,113
led-2,282400,108,115,114
led-2,282500,107,115,114
led-2,282600,107,114,113
led-2,282700,106,114,113
led-2,282800,107,114,114
led-2,282900,107,114,114
led-2,283000,108,115,115
led-2,283100,108,115,115
led-2,283200,108,115,115
led-2,283300,108,114,114
led-2,283400,106,112,112
led-2,283500,98,105,105
led-2,283600,96,102,102
led-2,283700,93,100,100
led-2,283800,80,87,84
led-2,283900,88,92,91
led-2,284000,94,98,96
led-2,284100,89,93,91
led-2,284200,81,85,83
led-2,284300,73,78,76
led-2,284400,76,82,81
led-2,284500,88,94,94
led-2,284600,92,99,99
led-2,284700,94,101,101
led-2,284800,176,198,224
led-2,284900,177,198,224
led-2,285000,176,199,224
led-2,285100,176,198,223
led-2,285200,176,198,224
led-2,285300,176,198,224
led-2,285400,176,198,224
led-2,285500,176,198,224
led-2,285600,176,198,224
led-2,285700,176,198,224
led-2,285800,176,198,224
led-2,285900,176,198,224
led-2,286000,176,198,224
led-2,286100,176,198,224
led-2,286200,176,198,224
led-2,286300,176,198,224
led-2,286400,177,198,224
led-2,286500,177,198,224
led-2,286600,177,198,224
led-2,286700,177,198,224
led-2,286800,177,198,224
led-2,286900,177,198,224
led-2,287000,177,198,224
led-2,287100,177,198,224
led-2,287200,177,198,224
led-2,287300,177,198,224
led-2,287400,177,198,224
led-2,287500,177,198,224
led-2,287600,177,198,223
led-2,287700,177,198,223
led-2,287800,177,198,223
led-2,287900,177,198,223
led-2,288000,177,198,224
led-2,288100,177,198,224
led-2,288200,176,198,223
led-2,288300,176,198,223
led-2,288400,176,198,223
led-2,288500,176,198,223
led-2,288600,176,198,223
led-2,288700,176,198,223
led-2,288800,176,198,223
led-2,288900,176,198,223
led-2,289000,176,198,223
led-2,289100,177,198,223
led-2,289200,177,198,223
led-2,289300,177,198,223
led-2,289400,177,198,224
led-2,289500,177,198,224
led-2,289600,177,198,224
led-2,289700,177,198,224
led-2,289800,177,198,224
led-2,289900,177,198,224
led-2,290000,177,198,224
led-2,290100,177,198,224
led-2,290200,177,198,224
led-2,290300,177,198,224
led-2,290400,177,198,224
led-2,290500,177,198,224
led-2,290600,176,198,224
led-2,290700,177,198,224
led-2,290800,176,198,223
led-2,290900,176,198,223
led-2,291000,177,198,224
led-2,291100,177,198,224
led-2,291200,177,198,224
led-2,291300,177,198,224
led-2,291400,177,198,224
led-2,291500,177,198,224
led-2,291600,177,198,224
led-2,291700,177,198,224
led-2,291800,177,198,224
led-2,291900,177,198,224
led-2,292000,177,198,224
led-2,292100,177,198,224
led-2,292200,177,198,224
led-2,292300,29,37,18
led-2,292400,29,37,18
led-2,292500,29,37,18
led-2,292600,29,37,18
led-2,292700,29,37,18
led-2,292800,29,37,18
led-2,292900,29,37,18
led-2,293000,28,37,17
led-2,293100,28,38,16
led-2,293200,28,38,17
led-2,293300,28,38,17
led-2,293400,28,38,17
led-2,293500,28,38,17
led-2,293600,28,38,17
led-2,293700,29,38,19
led-2,293800,253,231,163
led-2,293900,134,125,98
led-2,294000,140,136,110
led-2,294100,142,137,110
led-2,294200,141,136,110
led-2,294300,135,130,106
led-2,294400,130,124,102
led-2,294500,132,121,97
led-2,294600,136,124,97
led-2,294700,139,125,99
led-2,294800,139,126,99
led-2,294900,132,122,96
led-2,295000,134,126,100
led-2,295100,132,122,99
led-2,295200,29,38,19
led-2,295300,152,151,126
led-2,295400,158,148,117
led-2,295500,158,148,117
led-2,295600,58,59,48
led-2,295700,58,59,48
led-2,295800,58,59,48
led-2,295900,57,59,48
led-2,296000,57,58,48
led-2,296100,57,58,48
led-2,296200,57,58,48
led-2,296300,57,58,48
led-2,296400,56,58,48
led-2,296500,57,58,48
led-2,296600,57,58,48
led-2,296700,56,58,48
led-2,296800,56,58,48
led-2,296900,57,58,48
led-2,297000,57,58,48
led-2,297100,57,57,48
led-2,297200,230,201,123
led-2,297300,227,198,118
led-2,297400,226,195,116
led-2,297500,228,198,119
led-2,297600,169,152,95
led-2,297700,80,75,48
led-2,297800,62,61,37
led-2,297900,52,54,30
led-2,298000,42,47,26
led-2,298100,39,44,24
led-2,298200,37,43,23
led-2,298300,34,41,22
led-2,298400,33,41,22
led-2,298500,32,40,22
led-2,298600,27,33,18
led-2,298700,22,27,14
led-2,298800,16,19,10
led-2,298900,11,14,8
led-2,299000,7,7,4
led-2,299100,4,5,2
led-2,299200,2,2,2
led-2,299300,0,0,0
led-2,299400,0,0,0
led-2,299500,0,0,0
led-2,299600,0,0,0
led-2,299700,0,0,0
led-2,299800,0,0,0
led-2,299900,0,0,0
led-2,300000,0,0,0
led-2,300100,0,0,0
led-2,300200,0,0,0
led-2,300300,5,5,5
led-2,300400,12,12,11
led-2,300500,22,27,21
led-2,300600,30,41,29
led-2,300700,42,54,40
led-2,300800,63,79,58
led-2,300900,77,99,72
led-2,301000,97,132,87
led-2,301100,97,133,88
led-2,301200,97,134,88
led-2,301300,98,135,87
led-2,301400,98,135,88
led-2,301500,99,135,88
led-2,301600,99,136,88
led-2,301700,100,136,88
led-2,301800,99,136,87
led-2,301900,99,136,86
led-2,302000,99,136,86
led-2,302100,99,136,86
led-2,302200,98,136,86
led-2,302300,99,137,88
led-2,302400,99,137,87
led-2,302500,100,137,87
led-2,302600,100,137,87
led-2,302700,100,137,87
led-2,302800,101,137,89
led-2,302900,101,138,89
led-2,303000,102,138,89
led-2,303100,101,139,87
led-2,303200,101,139,87
led-2,303300,101,139,88
led-2,303400,101,139,87
led-2,303500,100,139,87
led-2,303600,100,139,87
led-2,303700,101,139,88
led-2,303800,101,139,88
led-2,303900,101,139,89
led-2,304000,101,140,88
led-2,304100,101,140,88
led-2,304200,101,140,88
led-2,304300,101,140,88
led-2,304400,101,139,88
led-2,304500,101,139,87
led-2,304600,101,139,87
led-2,304700,100,138,87
led-2,304800,101,139,87
led-2,304900,101,139,87
led-2,305000,101,139,87
led-2,305100,101,139,87
led-2,305200,101,139,87
led-2,305300,173,246,255
led-2,305400,173,246,255
led-2,305500,173,246,255
led-2,305600,173,246,255
led-2,305700,173,246,255
led-2,305800,173,246,255
led-2,305900,173,246,255
led-2,306000,173,246,255
led-2,306100,173,246,255
led-2,306200,173,246,255
led-2,306300,173,246,255
led-2,306400,173,246,255
led-2,306500,173,246,255
led-2,306600,173,246,255
led-2,306700,173,246,255
led-2,306800,173,246,255
led-2,306900,173,246,255
led-2,307000,173,246,255
led-2,307100,173,246,255
led-2,307200,173,246,255
led-2,307300,173,246,255
led-2,307400,174,246,255
led-2,307500,173,246,255
led-2,307600,173,246,255
led-2,307700,173,246,255
led-2,307800,142,179,192
led-2,307900,102,97,106
led-2,308000,174,245,255
led-2,308100,148,119,113
led-2,308200,138,108,96
led-2,308300,71,57,66
led-2,308400,96,104,93
led-2,308500,96,104,93
led-2,308600,96,104,93
led-2,308700,96,104,93
led-2,308800,96,104,93
led-2,308900,96,104,93
led-2,309000,95,104,93
led-2,309100,95,104,93
led-2,309200,95,103,92
led-2,309300,94,103,92
led-2,309400,94,102,92
led-2,309500,94,102,91
led-2,309600,93,101,90
led-2,309700,92,101,90
led-2,309800,92,100,89
led-2,309900,91,99,89
led-2,310000,90,98,88
led-2,310100,90,98,88
led-2,310200,90,98,87
led-2,310300,89,97,86
led-2,310400,89,97,86
led-2,310500,88,96,86
led-2,310600,88,97,86
led-2,310700,89,97,86
led-2,310800,89,97,87
led-2,310900,89,97,87
led-2,311000,89,97,86
led-2,311100,89,97,87
led-2,311200,89,97,86
led-2,311300,88,97,85
led-2,311400,88,96,85
led-2,311500,87,95,84
led-2,311600,86,95,83
led-2,311700,85,94,82
led-2,311800,85,94,82
led-2,311900,85,93,82
led-2,312000,85,93,83
led-2,312100,84,93,82
led-2,312200,84,94,82
led-2,312300,85,93,83
led-2,312400,85,95,83
led-2,312500,66,77,73
led-2,312600,66,77,73
led-2,312700,66,77,73
led-2,312800,66,77,73
led-2,312900,66,77,73
led-2,313000,66,77,74
led-2,313100,67,77,74
led-2,313200,67,77,74
led-2,313300,67,77,74
led-2,313400,67,77,74
led-2,313500,74,84,83
led-2,313600,173,172,191
led-2,313700,144,149,149
led-2,313800,76,86,83
led-2,313900,77,86,84
led-2,314000,70,81,77
led-2,314100,70,80,77
led-2,314200,70,80,76
led-2,314300,82,90,88
led-2,314400,76,84,82
led-2,314500,182,196,162
led-2,314600,198,207,174
led-2,314700,202,208,177
led-2,314800,176,186,155
led-2,314900,151,164,135
led-2,315000,120,133,109
led-2,315100,108,119,98
led-2,315200,97,107,89
led-2,315300,91,103,89
led-2,315400,111,122,106
led-2,315500,159,163,137
led-2,315600,194,190,158
led-2,315700,185,174,145
led-2,315800,87,87,72
led-2,315900,114,99,75
led-2,316000,223,206,173
led-2,316100,193,185,147
led-2,316200,173,170,133
led-2,316300,148,148,116
led-2,316400,109,112,89
led-2,316500,56,60,51
led-2,316600,48,52,45
led-2,316700,64,69,60
led-2,316800,92,99,83
led-2,316900,111,119,98
led-2,317000,131,141,114
led-2,317100,141,152,122
led-2,317200,147,157,127
led-2,317300,118,122,97
led-2,317400,124,86,77
led-2,317500,122,68,58
led-2,317600,135,66,60
led-2,317700,155,121,92
led-2,317800,148,130,96
led-2,317900,144,71,63
led-2,318000,134,64,56
led-2,318100,139,68,57
led-2,318200,167,108,85
led-2,318300,178,105,84
led-2,318400,127,68,59
led-2,318500,113,58,51
led-2,318600,120,61,54
led-2,318700,137,79,71
led-2,318800,155,106,95
led-2,318900,137,86,77
led-2,319000,139,89,80
led-2,319100,159,115,102
led-2,319200,182,139,129
led-2,319300,137,144,114
led-2,319400,137,144,115
led-2,319500,137,144,115
led-2,319600,137,144,115
led-2,319700,137,144,115
led-2,319800,138,145,116
led-2,319900,139,146,117
led-2,320000,140,148,117
led-2,320100,142,150,119
led-2,320200,142,149,118
led-2,320300,134,141,113
led-2,320400,104,113,90
led-2,320500,72,80,66
led-2,320600,65,72,64
led-2,320700,61,68,60
led-2,320800,57,62,54
led-2,320900,62,66,58
led-2,321000,86,94,74
led-2,321100,106,110,74
led-2,321200,91,131,74
led-2,321300,75,149,74
led-2,321400,75,155,76
led-2,321500,75,157,75
led-2,321600,75,157,77
led-2,321700,75,155,75
led-2,321800,72,155,75
led-2,321900,72,154,74
led-2,322000,71,151,72
led-2,322100,71,151,72
led-2,322200,86,109,45
led-2,322300,86,109,45
led-2,322400,86,109,45
led-2,322500,86,109,45
led-2,322600,41,60,46
led-2,322700,41,61,46
led-2,322800,43,62,47
led-2,322900,43,62,47
led-2,323000,43,64,47
led-2,323100,44,64,49
led-2,323200,45,64,49
led-2,323300,46,66,50
led-2,323400,47,66,51
led-2,323500,48,67,51
led-2,323600,48,68,52
led-2,323700,49,69,53
led-2,323800,86,126,101
led-2,323900,86,126,101
led-2,324000,86,126,101
led-2,324100,86,126,101
led-2,324200,95,129,103
led-2,324300,96,130,104
led-2,324400,94,130,103
led-2,324500,93,129,104
led-2,324600,93,129,103
led-2,324700,93,129,104
led-2,324800,93,129,104
led-2,324900,93,129,104
led-2,325000,97,130,104
led-2,325100,126,128,108
led-2,325200,87,128,102
led-2,325300,86,127,102
led-2,325400,86,127,102
led-2,325500,87,127,102
led-2,325600,87,127,102
led-2,325700,87,127,102
led-2,325800,87,127,102
led-2,325900,87,127,102
led-2,326000,85,126,101
led-2,326100,85,126,101
led-2,326200,85,126,101
led-2,326300,86,126,101
led-2,326400,86,126,101
led-2,326500,86,126,101
led-2,326600,86,126,101
led-2,326700,86,126,101
led-2,326800,86,126,101
led-2,326900,86,126,101
led-2,327000,86,126,101
led-2,327100,86,126,101
led-2,327200,86,126,101
led-2,327300,86,126,101
led-2,327400,84,124,101
led-2,327500,81,119,100
led-2,327600,133,195,131
led-2,327700,163,255,255
led-2,327800,185,255,255
led-2,327900,206,255,255
led-2,328000,239,255,255
led-2,328100,254,255,255
led-2,328200,255,255,255
led-2,328300,255,255,255
led-2,328400,255,255,255
led-2,328500,255,255,255
led-2,328600,255,255,255
led-2,328700,255,255,255
led-2,328800,255,255,255
led-2,328900,255,255,255
led-2,329000,255,255,255
led-2,329100,255,255,255
led-2,329200,255,255,255
led-2,329300,255,255,255
led-2,329400,255,255,255
led-2,329500,255,255,255
led-2,329600,255,255,255
led-2,329700,255,255,255
led-2,329800,255,255,255
led-2,329900,255,255,255
led-2,330000,248,245,241
led-2,330100,217,209,200
led-2,330200,172,163,146
led-2,330300,106,98,80
led-2,330400,90,84,66
led-2,330500,90,82,65
led-2,330600,105,96,76
led-2,330700,145,133,112
led-2,330800,216,210,197
led-2,330900,250,247,244
led-2,331000,255,255,255
led-2,331100,255,255,255
led-2,331200,255,255,255
led-2,331300,252,235,216
led-2,331400,252,240,218
led-2,331500,255,255,254
led-2,331600,255,255,254
led-2,331700,255,255,254
led-2,331800,255,255,254
led-2,331900,255,255,255
led-2,332000,255,255,255
led-2,332100,255,255,255
led-2,332200,255,255,255
led-2,332300,255,255,255
led-2,332400,255,255,255
led-2,332500,255,255,255
led-2,332600,255,255,255
led-2,332700,255,255,255
led-2,332800,255,255,255
led-2,332900,255,255,255
led-2,333000,255,255,255
led-2,333100,255,255,255
led-2,333200,255,255,255
led-2,333300,255,255,255
led-2,333400,255,255,255
led-2,333500,255,255,255
led-2,333600,255,255,255
led-2,333700,255,255,255
led-2,333800,255,255,255
led-2,333900,255,255,255
led-2,334000,255,255,255
led-2,334100,255,255,255
led-2,334200,255,255,255
led-2,334300,255,255,255
led-2,334400,163,79,65
led-2,334500,162,79,64
led-2,334600,161,77,64
led-2,334700,160,76,62
led-2,334800,154,71,58
led-2,334900,154,71,58
led-2,335000,153,70,58
led-2,335100,151,68,55
led-2,335200,150,67,54
led-2,335300,150,67,55
led-2,335400,150,67,56
led-2,335500,150,66,56
led-2,335600,148,66,54
led-2,335700,149,65,54
led-2,335800,148,64,54
led-2,335900,147,64,54
led-2,336000,145,63,53
led-2,336100,144,63,52
led-2,336200,142,62,51
led-2,336300,138,59,51
led-2,336400,137,59,50
led-2,336500,131,57,48
led-2,336600,129,55,47
led-2,336700,126,53,48
led-2,336800,123,52,47
led-2,336900,255,255,247
led-2,337000,124,62,52
led-2,337100,10,11,6
led-2,337200,255,255,247
led-2,337300,255,255,247
led-2,337400,255,255,247
led-2,337500,255,255,247
led-2,337600,255,255,247
led-2,337700,255,255,247
led-2,337800,255,255,247
led-2,337900,255,255,247
led-2,338000,255,255,247
led-2,338100,255,255,247
led-2,338200,255,255,247
led-2,338300,255,255,247
led-2,338400,255,255,247
led-2,338500,255,255,247
led-2,338600,255,255,247
led-2,338700,255,255,247
led-2,338800,255,255,247
led-2,338900,255,255,247
led-2,339000,255,255,247
led-2,339100,255,255,247
led-2,339200,255,255,247
led-2,339300,255,255,247
led-2,339400,255,255,247
led-2,339500,255,255,247
led-2,339600,255,255,247
led-2,339700,255,255,247
led-2,339800,57,69,35
led-2,339900,57,69,35
led-2,340000,57,69,35
led-2,340100,57,69,36
led-2,340200,57,69,36
led-2,340300,57,69,36
led-2,340400,57,69,36
led-2,340500,57,69,36
led-2,340600,57,69,36
led-2,340700,57,70,36
led-2,340800,57,69,36
led-2,340900,57,69,36
led-2,341000,57,69,36
led-2,341100,57,70,36
led-2,341200,57,69,36
led-2,341300,57,70,36
led-2,341400,57,69,36
led-2,341500,58,69,36
led-2,341600,57,69,36
led-2,341700,57,69,36
led-2,341800,58,69,36
led-2,341900,57,69,36
led-2,342000,58,69,36
led-2,342100,58,69,35
led-2,342200,58,69,36
led-2,342300,58,69,36
led-2,342400,58,69,36
led-2,342500,58,69,36
led-2,342600,58,70,36
led-2,342700,58,70,36
led-2,342800,58,68,37
led-2,342900,56,65,36
led-2,343000,51,61,34
led-2,343100,48,57,33
led-2,343200,46,52,31
led-2,343300,47,49,33
led-2,343400,48,49,34
led-2,343500,49,48,34
led-2,343600,48,47,32
led-2,343700,54,80,40
led-2,343800,45,51,29
led-2,343900,51,61,34
led-2,344000,65,88,40
led-2,344100,75,103,42
led-2,344200,78,108,44
led-2,344300,56,76,36
led-2,344400,42,50,29
led-2,344500,55,78,44
led-2,344600,49,58,36
led-2,344700,53,59,39
led-2,344800,61,68,40
led-2,344900,56,67,36
led-2,345000,59,78,38
led-2,345100,63,87,38
led-2,345200,65,91,38
led-2,345300,66,93,39
led-2,345400,69,94,44
led-2,345500,68,91,42
led-2,345600,64,83,40
led-2,345700,53,71,33
led-2,345800,48,67,30
led-2,345900,51,72,31
led-2,346000,53,74,32
led-2,346100,52,68,32
led-2,346200,52,67,33
led-2,346300,46,62,31
led-2,346400,77,100,69
led-2,346500,68,87,73
led-2,346600,73,102,54
led-2,346700,68,100,40
led-2,346800,67,95,38
led-2,346900,53,76,35
led-2,347000,47,68,31
led-2,347100,48,69,31
led-2,347200,50,71,33
led-2,347300,53,73,33
led-2,347400,56,76,35
led-2,347500,59,79,36
led-2,347600,59,79,36
led-2,347700,57,76,35
led-2,347800,53,71,32
led-2,347900,52,70,31
led-2,348000,55,74,31
led-2,348100,60,79,33
led-2,348200,66,85,35
led-2,348300,60,79,35
led-2,348400,64,84,37
led-2,348500,65,88,37
led-2,348600,65,87,36
led-2,348700,64,87,35
led-2,348800,65,91,38
led-2,348900,64,90,37
led-2,349000,67,92,39
led-2,349100,68,93,39
led-2,349200,70,91,41
led-2,349300,63,77,40
led-2,349400,55,69,37
led-2,349500,45,58,32
led-2,349600,42,53,31
led-2,349700,41,52,34
led-2,349800,57,70,49
led-2,349900,73,89,64
led-2,350000,92,116,82
led-2,350100,105,128,90
led-2,350200,113,139,95
led-2,350300,88,109,65
led-2,350400,49,65,34
led-2,350500,128,164,102
led-2,350600,128,164,103
led-2,350700,126,162,103
led-2,350800,126,161,103
led-2,350900,127,162,103
led-2,351000,128,165,104
led-2,351100,129,166,103
led-2,351200,129,165,101
led-2,351300,148,179,80
led-2,351400,128,159,97
led-2,351500,66,93,51
led-2,351600,84,96,42
led-2,351700,62,75,39
led-2,351800,59,76,34
led-2,351900,58,75,32
led-2,352000,55,70,30
led-2,352100,49,59,31
led-2,352200,44,49,33
led-2,352300,62,62,50
led-2,352400,75,75,57
led-2,352500,97,93,69
led-2,352600,112,104,76
led-2,352700,116,106,76
led-2,352800,108,101,74
led-2,352900,143,130,85
led-2,353000,49,64,32
led-2,353100,123,156,96
led-2,353200,122,156,96
led-2,353300,122,155,96
led-2,353400,124,158,97
led-2,353500,120,155,96
led-2,353600,120,155,95
led-2,353700,120,155,95
led-2,353800,120,155,95
led-2,353900,120,155,94
led-2,354000,120,155,94
led-2,354100,120,155,94
led-2,354200,120,155,94
led-2,354300,120,155,94
led-2,354400,121,156,94
led-2,354500,121,155,94
led-2,354600,121,155,94
led-2,354700,120,155,94
led-2,354800,120,155,95
led-2,354900,120,155,95
led-2,355000,108,145,87
led-2,355100,84,111,68
led-2,355200,59,75,43
led-2,355300,68,91,40
led-2,355400,79,99,39
led-2,355500,108,142,47
led-2,355600,133,177,54
led-2,355700,87,118,39
led-2,355800,88,119,40
led-2,355900,87,120,42
led-2,356000,87,120,41
led-2,356100,86,120,40
led-2,356200,87,119,40
led-2,356300,87,119,40
led-2,356400,86,119,39
led-2,356500,86,119,39
led-2,356600,86,119,39
led-2,356700,86,119,39
led-2,356800,87,119,40
led-2,356900,88,120,40
led-2,357000,92,124,40
led-2,357100,94,126,41
led-2,357200,95,127,41
led-2,357300,92,124,41
led-2,357400,89,118,43
led-2,357500,88,115,43
led-2,357600,91,120,43
led-2,357700,92,123,43
led-2,357800,96,126,45
led-2,357900,98,126,46
led-2,358000,93,122,43
led-2,358100,89,119,40
led-2,358200,93,117,40
led-2,358300,94,119,41
led-2,358400,87,112,41
led-2,358500,99,134,41
led-2,358600,110,150,46
led-2,358700,110,148,48
led-2,358800,100,135,46
led-2,358900,91,126,43
led-2,359000,80,111,38
led-2,359100,105,135,51
led-2,359200,89,124,45
led-2,359300,84,116,42
led-2,359400,65,93,38
led-2,359500,71,106,47
led-2,359600,63,94,36
led-2,359700,68,94,38
led-2,359800,65,89,36
led-2,359900,66,92,38
led-2,360000,68,96,39
led-2,360100,67,95,38
led-2,360200,63,88,37
led-2,360300,63,85,39
led-2,360400,61,83,41
led-2,360500,60,83,49
led-2,360600,62,87,54
led-2,360700,66,89,58
led-2,360800,77,96,62
led-2,360900,154,165,130
led-2,361000,249,240,200
led-2,361100,233,222,181
led-2,361200,233,222,180
led-2,361300,233,222,180
led-2,361400,232,222,180
led-2,361500,231,222,180
led-2,361600,231,222,180
led-2,361700,231,222,180
led-2,361800,230,222,179
led-2,361900,231,220,179
led-2,362000,229,219,177
led-2,362100,229,218,177
led-2,362200,228,218,176
led-2,362300,228,218,177
led-2,362400,227,218,175
led-2,362500,226,218,175
led-2,362600,227,217,174
led-2,362700,226,217,175
led-2,362800,226,218,175
led-2,362900,226,217,175
led-2,363000,225,215,175
led-2,363100,226,217,176
led-2,363200,225,217,175
led-2,363300,226,217,176
led-2,363400,226,217,176
led-2,363500,226,217,176
led-2,363600,227,218,176
led-2,363700,227,218,176
led-2,363800,228,219,177
led-2,363900,228,218,176
led-2,364000,227,217,175
led-2,364100,228,218,176
led-2,364200,228,218,176
led-2,364300,228,218,176
led-2,364400,226,217,175
led-2,364500,221,213,171
led-2,364600,216,209,168
led-2,364700,205,203,161
led-2,364800,185,187,147
led-2,364900,168,176,136
led-2,365000,147,163,125
led-2,365100,149,163,124
led-2,365200,156,168,129
led-2,365300,173,179,140
led-2,365400,181,184,143
led-2,365500,185,187,146
led-2,365600,186,188,148
led-2,365700,188,189,149
led-2,365800,194,192,153
led-2,365900,199,196,157
led-2,366000,199,194,156
led-2,366100,188,187,150
led-2,366200,171,175,141
led-2,366300,147,159,125
led-2,366400,136,154,118
led-2,366500,139,155,118
led-2,366600,151,162,125
led-2,366700,165,171,134
led-2,366800,183,183,146
led-2,366900,191,190,150
led-2,367000,195,191,152
led-2,367100,191,189,149
led-2,367200,183,185,146
led-2,367300,167,176,140
led-2,367400,156,169,134
led-2,367500,142,160,127
led-2,367600,136,155,123
led-2,367700,132,152,121
led-2,367800,124,145,117
led-2,367900,119,140,114
led-2,368000,109,135,106
led-2,368100,106,130,104
led-2,368200,101,126,102
led-2,368300,94,119,97
led-2,368400,89,115,93
led-2,368500,84,111,91
led-2,368600,83,110,91
led-2,368700,83,110,91
led-2,368800,83,111,91
led-2,368900,83,111,91
led-2,369000,82,111,92
led-2,369100,83,111,92
led-2,369200,83,112,92
led-2,369300,83,112,92
led-2,369400,83,113,92
led-2,369500,82,113,93
led-2,369600,82,113,93
led-2,369700,82,113,93
led-2,369800,83,113,95
led-2,369900,83,113,94
led-2,370000,82,113,93
led-2,370100,82,113,93
led-2,370200,82,113,93
led-2,370300,83,112,93
led-2,370400,83,112,95
led-2,370500,82,112,95
led-2,370600,83,112,94
led-2,370700,82,112,94
led-2,370800,82,112,94
led-2,370900,82,112,94
led-2,371000,81,112,95
led-2,371100,80,112,93
led-2,371200,88,160,158
led-2,371300,87,92,75
led-2,371400,87,92,75
led-2,371500,86,92,75
led-2,371600,86,92,75
led-2,371700,86,92,75
led-2,371800,86,92,75
led-2,371900,88,92,76
led-2,372000,87,92,74
led-2,372100,87,92,74
led-2,372200,88,92,75
led-2,372300,88,92,75
led-2,372400,88,93,75
led-2,372500,88,93,75
led-2,372600,88,93,75
led-2,372700,88,93,75
led-2,372800,153,231,255
led-2,372900,153,231,255
led-2,373000,153,231,255
led-2,373100,153,231,255
led-2,373200,153,230,255
led-2,373300,153,231,255
led-2,373400,153,231,255
led-2,373500,153,231,255
led-2,373600,153,231,255
led-2,373700,153,231,255
led-2,373800,153,231,255
led-2,373900,153,231,255
led-2,374000,153,231,255
led-2,374100,153,231,255
led-2,374200,153,231,255
led-2,374300,153,231,255
led-2,374400,153,231,255
led-2,374500,153,231,255
led-2,374600,153,231,255
led-2,374700,153,231,255
led-2,374800,153,231,255
led-2,374900,153,231,255
led-2,375000,153,231,255
led-2,375100,153,231,255
led-2,375200,153,231,255
led-2,375300,153,231,255
led-2,375400,88,90,78
led-2,375500,87,91,76
led-2,375600,87,91,75
led-2,375700,88,91,76
led-2,375800,88,91,76
led-2,375900,88,92,76
led-2,376000,88,92,76
led-2,376100,88,92,76
led-2,376200,88,92,76
led-2,376300,88,92,75
led-2,376400,88,92,75
led-2,376500,88,92,75
led-2,376600,88,91,76
led-2,376700,88,92,75
led-2,376800,88,92,75
led-2,376900,88,91,75
led-2,377000,88,91,75
led-2,377100,88,91,75
led-2,377200,88,91,75
led-2,377300,88,91,76
led-2,377400,88,91,75
led-2,377500,88,91,75
led-2,377600,88,91,75
led-2,377700,88,92,75
led-2,377800,89,92,76
led-2,377900,89,92,77
led-2,378000,89,92,76
led-2,378100,89,93,76
led-2,378200,88,93,76
led-2,378300,88,93,76
led-2,378400,197,170,130
led-2,378500,197,170,130
led-2,378600,197,170,129
led-2,378700,197,170,129
led-2,378800,197,170,129
led-2,378900,197,170,129
led-2,379000,200,170,128
led-2,379100,197,170,129
led-2,379200,197,170,129
led-2,379300,197,170,129
led-2,379400,197,170,130
led-2,379500,197,170,130
led-2,379600,197,170,129
led-2,379700,197,170,129
led-2,379800,197,170,129
led-2,379900,197,170,129
led-2,380000,198,170,129
led-2,380100,198,170,129
led-2,380200,198,170,129
led-2,380300,197,170,129
led-2,380400,197,170,129
led-2,380500,205,177,132
led-2,380600,197,170,129
led-2,380700,197,170,129
led-2,380800,197,170,129
led-2,380900,197,170,129
led-2,381000,194,167,126
led-2,381100,195,168,127
led-2,381200,105,107,108
led-2,381300,105,107,108
led-2,381400,105,107,108
led-2,381500,105,107,108
led-2,381600,105,107,108
led-2,381700,105,107,108
led-2,381800,105,107,108
led-2,381900,105,107,108
led-2,382000,105,107,107
led-2,382100,106,106,107
led-2,382200,106,106,107
led-2,382300,106,106,107
led-2,382400,106,106,107
led-2,382500,106,105,107
led-2,382600,106,106,107
led-2,382700,106,105,107
led-2,382800,106,105,107
led-2,382900,106,105,107
led-2,383000,105,106,107
led-2,383100,105,106,106
led-2,383200,104,106,106
led-2,383300,105,106,106
led-2,383400,104,106,106
led-2,383500,104,106,106
led-2,383600,104,106,106
led-2,383700,104,106,106
led-2,383800,104,106,106
led-2,383900,104,106,106
led-2,384000,105,105,107
led-2,384100,105,105,107
led-2,384200,105,105,107
led-2,384300,105,105,107
led-2,384400,105,105,107
led-2,384500,105,105,107
led-2,384600,105,105,107
led-2,384700,105,105,107
led-2,384800,105,105,107
led-2,384900,105,105,107
led-2,385000,105,105,107
led-2,385100,105,105,107
led-2,385200,105,105,107
led-2,385300,105,105,107
led-2,385400,105,105,107
led-2,385500,105,105,107
led-2,385600,105,105,107
led-2,385700,105,106,107
led-2,385800,105,106,107
led-2,385900,104,106,106
led-2,386000,105,106,107
led-2,386100,105,106,107
led-2,386200,105,106,107
led-2,386300,106,106,106
led-2,386400,106,106,106
led-2,386500,106,106,106
led-2,386600,106,106,106
led-2,386700,106,106,107
led-2,386800,106,106,107
led-2,386900,106,106,107
led-2,387000,105,106,107
led-2,387100,105,106,107
led-2,387200,105,106,107
led-2,387300,105,106,107
led-2,387400,105,106,107
led-2,387500,106,106,107
led-2,387600,106,106,107
led-2,387700,106,106,107
led-2,387800,105,106,107
led-2,387900,105,106,107
led-2,388000,105,106,107
led-2,388100,105,106,107
led-2,388200,105,106,107
led-2,388300,105,106,107
led-2,388400,105,106,107
led-2,388500,105,106,107
led-2,388600,105,105,106
led-2,388700,104,105,106
led-2,388800,105,106,107
led-2,388900,96,98,98
led-2,389000,109,109,110
led-2,389100,110,110,110
led-2,389200,110,110,111
led-2,389300,110,110,111
led-2,389400,110,110,110
led-2,389500,110,110,110
led-2,389600,110,110,110
led-2,389700,110,110,110
led-2,389800,110,110,110
led-2,389900,111,111,110
led-2,390000,112,112,110
led-2,390100,112,112,111
led-2,390200,114,113,111
led-2,390300,116,114,114
led-2,390400,116,114,114
led-2,390500,116,114,114
led-2,390600,116,115,114
led-2,390700,116,115,114
led-2,390800,182,236,255
led-2,390900,182,236,255
led-2,391000,181,236,255
led-2,391100,213,229,236
led-2,391200,182,235,255
led-2,391300,173,156,153
led-2,391400,181,166,170
led-2,391500,182,175,184
led-2,391600,188,205,227
led-2,391700,190,212,235
led-2,391800,190,213,237
led-2,391900,188,211,232
led-2,392000,179,190,214
led-2,392100,177,187,213
led-2,392200,175,186,212
led-2,392300,173,185,212
led-2,392400,174,185,212
led-2,392500,43,47,44
led-2,392600,43,47,44
led-2,392700,43,47,44
led-2,392800,43,47,44
led-2,392900,43,47,44
led-2,393000,43,47,44
led-2,393100,42,47,44
led-2,393200,42,47,44
led-2,393300,42,47,44
led-2,393400,42,47,44
led-2,393500,42,47,44
led-2,393600,42,47,44
led-2,393700,42,47,44
led-2,393800,42,47,44
led-2,393900,42,47,44
led-2,394000,42,47,44
led-2,394100,42,47,44
led-2,394200,42,47,44
led-2,394300,42,47,44
led-2,394400,42,47,44
led-2,394500,98,68,56
led-2,394600,98,67,56
led-2,394700,96,66,55
led-2,394800,94,65,54
led-2,394900,92,63,51
led-2,395000,91,63,52
led-2,395100,93,64,53
led-2,395200,95,65,54
led-2,395300,98,67,56
led-2,395400,104,71,59
led-2,395500,114,79,65
led-2,395600,120,84,69
led-2,395700,128,89,74
led-2,395800,142,100,82
led-2,395900,151,109,90
led-2,396000,161,118,96
led-2,396100,165,122,100
led-2,396200,186,238,255
led-2,396300,186,238,255
led-2,396400,186,238,255
led-2,396500,186,238,255
led-2,396600,186,238,255
led-2,396700,186,238,255
led-2,396800,186,238,255
led-2,396900,186,238,255
led-2,397000,186,238,255
led-2,397100,186,238,255
led-2,397200,186,238,255
led-2,397300,186,238,255
led-2,397400,186,238,255
led-2,397500,186,238,255
led-2,397600,186,238,255
led-2,397700,186,238,255
led-2,397800,186,238,255
led-2,397900,187,238,255
led-2,398000,187,237,255
led-2,398100,190,237,255
led-2,398200,192,236,255
led-2,398300,197,232,249
led-2,398400,201,231,245
led-2,398500,193,235,254
led-2,398600,186,238,255
led-2,398700,221,196,191
led-2,398800,214,198,173
led-2,398900,204,179,160
led-2,399000,145,93,75
led-2,399100,255,188,129
led-2,399200,200,134,102
led-2,399300,175,120,91
led-2,399400,170,231,255
led-2,399500,186,151,132
led-2,399600,138,141,139
led-2,399700,138,142,141
led-2,399800,135,230,255
led-2,399900,152,167,183
led-2,400000,252,217,159
led-2,400100,251,209,152
led-2,400200,247,199,146
led-2,400300,236,179,133
led-2,400400,222,163,121
led-2,400500,202,141,109
led-2,400600,194,133,106
led-2,400700,192,130,106
led-2,400800,191,131,107
led-2,400900,193,133,109
led-2,401000,193,135,110
led-2,401100,193,135,110
led-2,401200,192,134,109
led-2,401300,189,132,109
led-2,401400,187,129,106
led-2,401500,198,139,112
led-2,401600,216,156,120
led-2,401700,233,175,130
led-2,401800,244,190,140
led-2,401900,208,148,115
led-2,402000,254,215,162
led-2,402100,138,231,255
led-2,402200,138,231,255
led-2,402300,138,231,255
led-2,402400,138,231,255
led-2,402500,223,129,96
led-2,402600,220,136,103
led-2,402700,210,123,89
led-2,402800,189,108,86
led-2,402900,226,132,90
led-2,403000,223,154,118
led-2,403100,185,125,101
led-2,403200,192,132,107
led-2,403300,224,165,125
led-2,403400,243,184,135
led-2,403500,214,130,104
led-2,403600,137,231,255
led-2,403700,138,232,255
led-2,403800,139,232,255
led-2,403900,139,232,255
led-2,404000,140,232,255
led-2,404100,141,232,255
led-2,404200,141,232,255
led-2,404300,132,79,59
led-2,404400,69,51,49
led-2,404500,67,206,255
led-2,404600,80,211,255
led-2,404700,77,210,255
led-2,404800,69,206,255
led-2,404900,73,208,255
led-2,405000,178,196,199
led-2,405100,178,196,199
led-2,405200,178,196,199
led-2,405300,173,188,191
led-2,405400,186,207,211
led-2,405500,174,255,255
led-2,405600,173,255,255
led-2,405700,174,255,255
led-2,405800,174,255,255
led-2,405900,174,255,255
led-2,406000,173,255,255
led-2,406100,173,255,255
led-2,406200,173,255,255
led-2,406300,173,255,255
led-2,406400,173,255,255
led-2,406500,174,255,255
led-2,406600,174,255,255
led-2,406700,178,255,255
led-2,406800,187,243,253
led-2,406900,100,101,99
led-2,407000,173,255,255
led-2,407100,172,255,255
led-2,407200,173,255,255
led-2,407300,173,255,255
led-2,407400,173,255,255
led-2,407500,173,255,255
led-2,407600,173,255,255
led-2,407700,173,255,255
led-2,407800,173,255,255
led-2,407900,173,255,255
led-2,408000,173,255,255
led-2,408100,173,255,255
led-2,408200,176,109,88
led-2,408300,192,116,114
led-2,408400,168,106,82
led-2,408500,135,198,235
led-2,408600,177,185,202
led-2,408700,176,187,203
led-2,408800,128,220,255
led-2,408900,127,220,255
led-2,409000,126,220,255
led-2,409100,125,220,255
led-2,409200,125,220,255
led-2,409300,125,220,255
led-2,409400,125,220,255
led-2,409500,125,220,255
led-2,409600,125,220,255
led-2,409700,125,220,255
led-2,409800,125,220,255
led-2,409900,125,220,255
led-2,410000,125,220,255
led-2,410100,125,220,255
led-2,410200,125,220,255
led-2,410300,126,220,255
led-2,410400,131,219,255
led-2,410500,146,242,255
led-2,410600,146,242,255
led-2,410700,146,242,255
led-2,410800,146,242,255
led-2,410900,157,115,109
led-2,411000,145,241,255
led-2,411100,145,241,255
led-2,411200,145,241,255
led-2,411300,102,62,64
led-2,411400,125,89,85
led-2,411500,110,74,87
led-2,411600,145,241,255
led-2,411700,145,241,255
led-2,411800,145,241,255
led-2,411900,145,241,255
led-2,412000,132,91,92
led-2,412100,156,114,113
led-2,412200,40,66,36
led-2,412300,40,66,36
led-2,412400,40,66,36
led-2,412500,39,66,36
led-2,412600,39,66,36
led-2,412700,39,65,36
led-2,412800,38,66,35
led-2,412900,39,66,36
led-2,413000,39,66,36
led-2,413100,39,66,36
led-2,413200,39,66,36
led-2,413300,39,66,36
led-2,413400,39,66,36
led-2,413500,39,66,36
led-2,413600,40,66,37
led-2,413700,39,66,36
led-2,413800,39,66,36
led-2,413900,39,65,36
led-2,414000,39,66,36
led-2,414100,39,67,37
led-2,414200,39,67,37
led-2,414300,39,67,37
led-2,414400,40,67,35
led-2,414500,40,67,36
led-2,414600,40,67,36
led-2,414700,40,67,36
led-2,414800,41,68,36
led-2,414900,41,68,36
led-2,415000,41,68,35
led-2,415100,41,68,36
led-2,415200,42,69,36
led-2,415300,43,69,37
led-2,415400,43,69,38
led-2,415500,44,71,38
led-2,415600,46,73,36
led-2,415700,48,74,39
led-2,415800,51,76,39
led-2,415900,53,78,41
led-2,416000,53,79,41
led-2,416100,54,80,41
led-2,416200,70,127,146
led-2,416300,70,128,145
led-2,416400,70,127,145
led-2,416500,70,127,145
led-2,416600,70,127,145
led-2,416700,70,127,145
led-2,416800,70,127,145
led-2,416900,70,128,144
led-2,417000,70,128,144
led-2,417100,70,128,144
led-2,417200,70,128,144
led-2,417300,70,128,144
led-2,417400,116,169,151
led-2,417500,116,169,151
led-2,417600,117,169,150
led-2,417700,117,169,150
led-2,417800,117,169,150
led-2,417900,117,169,151
led-2,418000,117,169,150
led-2,418100,117,169,150
led-2,418200,116,169,150
led-2,418300,116,169,150
led-2,418400,117,169,150
led-2,418500,108,170,79
led-2,418600,116,169,148
led-2,418700,117,169,149
led-2,418800,117,169,149
led-2,418900,117,169,150
led-2,419000,117,169,150
led-2,419100,117,169,150
led-2,419200,216,182,151
led-2,419300,165,71,45
led-2,419400,142,72,47
led-2,419500,139,105,75
led-2,419600,163,144,134
led-2,419700,117,166,147
led-2,419800,117,168,147
led-2,419900,117,168,148
led-2,420000,117,168,148
led-2,420100,123,220,255
led-2,420200,123,220,255
led-2,420300,124,220,255
led-2,420400,107,167,129
led-2,420500,129,218,238
led-2,420600,124,220,255
led-2,420700,124,220,255
led-2,420800,147,232,244
led-2,420900,129,224,247
led-2,421000,122,213,222
led-2,421100,124,227,255
led-2,421200,125,230,255
led-2,421300,125,217,241
led-2,421400,125,227,255
led-2,421500,126,228,255
led-2,421600,127,228,255
led-2,421700,127,230,255
led-2,421800,125,230,255
led-2,421900,86,119,126
led-2,422000,85,119,128
led-2,422100,84,119,128
led-2,422200,83,118,127
led-2,422300,86,122,126
led-2,422400,95,137,125
led-2,422500,80,114,125
led-2,422600,79,113,125
led-2,422700,79,113,125
led-2,422800,80,113,126
led-2,422900,80,112,126
led-2,423000,78,111,125
led-2,423100,77,111,123
led-2,423200,77,110,123
led-2,423300,77,110,124
led-2,423400,77,110,123
led-2,423500,75,109,124
led-2,423600,75,109,124
led-2,423700,74,109,123
led-2,423800,73,109,124
led-2,423900,73,109,124
led-2,424000,73,109,124
led-2,424100,73,109,124
led-2,424200,74,109,125
led-2,424300,75,110,126
led-2,424400,161,110,107
led-2,424500,156,105,107
led-2,424600,151,103,107
led-2,424700,147,100,104
led-2,424800,142,98,104
led-2,424900,141,97,105
led-2,425000,138,96,102
led-2,425100,137,94,102
led-2,425200,134,91,98
led-2,425300,134,90,96
led-2,425400,134,91,97
led-2,425500,138,92,96
led-2,425600,140,92,96
led-2,425700,143,92,94
led-2,425800,173,115,99
led-2,425900,176,119,99
led-2,426000,173,116,104
led-2,426100,139,105,111
led-2,426200,132,106,114
led-2,426300,135,107,114
led-2,426400,140,110,115
led-2,426500,62,135,103
led-2,426600,61,133,102
led-2,426700,60,131,100
led-2,426800,60,131,98
led-2,426900,60,132,96
led-2,427000,60,133,95
led-2,427100,62,135,95
led-2,427200,66,134,94
led-2,427300,69,134,93
led-2,427400,69,134,92
led-2,427500,143,162,151
led-2,427600,147,167,154
led-2,427700,144,166,155
led-2,427800,97,130,108
led-2,427900,65,98,61
led-2,428000,57,92,51
led-2,428100,55,91,51
led-2,428200,55,90,50
led-2,428300,54,89,49
led-2,428400,53,88,48
led-2,428500,52,87,49
led-2,428600,53,86,49
led-2,428700,53,86,49
led-2,428800,52,88,49
led-2,428900,52,88,50
led-2,429000,53,89,50
led-2,429100,54,90,50
led-2,429200,55,91,51
led-2,429300,242,195,147
led-2,429400,244,199,150
led-2,429500,247,204,155
led-2,429600,223,144,121
led-2,429700,174,139,147
led-2,429800,177,133,137
led-2,429900,185,127,126
led-2,430000,189,123,119
led-2,430100,192,120,114
led-2,430200,195,119,109
led-2,430300,100,176,222
led-2,430400,172,141,149
led-2,430500,239,187,154
led-2,430600,240,190,156
led-2,430700,240,187,155
led-2,430800,69,85,75
led-2,430900,74,84,83
led-2,431000,76,84,85
led-2,431100,72,82,83
led-2,431200,72,82,84
led-2,431300,88,95,87
led-2,431400,94,103,85
led-2,431500,81,91,81
led-2,431600,83,93,80
led-2,431700,77,103,71
led-2,431800,83,108,66
led-2,431900,81,107,68
led-2,432000,53,74,60
led-2,432100,55,68,63
led-2,432200,71,78,72
led-2,432300,55,66,62
led-2,432400,68,81,63
led-2,432500,72,97,66
led-2,432600,52,73,57
led-2,432700,46,71,50
led-2,432800,56,89,56
led-2,432900,67,95,68
led-2,433000,56,67,66
led-2,433100,42,53,55
led-2,433200,42,53,53
led-2,433300,38,55,48
led-2,433400,64,100,65
led-2,433500,48,76,53
led-2,433600,52,75,57
led-2,433700,46,70,52
led-2,433800,169,114,90
led-2,433900,169,115,91
led-2,434000,171,116,92
led-2,434100,171,117,93
led-2,434200,172,117,93
led-2,434300,173,120,96
led-2,434400,216,161,129
led-2,434500,224,165,129
led-2,434600,224,164,126
led-2,434700,221,159,121
led-2,434800,215,152,116
led-2,434900,210,144,110
led-2,435000,204,135,105
led-2,435100,212,144,110
led-2,435200,188,134,123
led-2,435300,204,199,190
led-2,435400,212,209,197
led-2,435500,222,220,208
led-2,435600,165,244,254
led-2,435700,166,234,227
led-2,435800,187,226,143
led-2,435900,144,192,102
led-2,436000,132,187,90
led-2,436100,114,152,72
led-2,436200,115,216,255
led-2,436300,115,216,255
led-2,436400,115,216,255
led-2,436500,115,216,255
led-2,436600,115,216,255
led-2,436700,121,216,255
led-2,436800,122,216,255
led-2,436900,121,217,255
led-2,437000,120,217,255
led-2,437100,120,217,255
led-2,437200,117,217,255
led-2,437300,117,216,255
led-2,437400,120,218,255
led-2,437500,122,217,255
led-2,437600,121,218,255
led-2,437700,121,218,255
led-2,437800,115,216,255
led-2,437900,115,216,255
led-2,438000,118,216,255
led-2,438100,114,216,255
led-2,438200,116,216,255
led-2,438300,116,216,255
led-2,438400,117,216,255
led-2,438500,114,216,255
led-2,438600,116,216,255
led-2,438700,198,138,111
led-2,438800,117,216,255
led-2,438900,163,213,237
led-2,439000,124,217,255
led-2,439100,124,217,255
led-2,439200,122,217,255
led-2,439300,123,217,255
led-2,439400,123,217,255
led-2,439500,124,218,255
led-2,439600,124,218,255
led-2,439700,124,218,255
led-2,439800,115,216,255
led-2,439900,119,213,255
led-2,440000,125,211,255
led-2,440100,124,212,255
led-2,440200,128,210,253
led-2,440300,115,216,255
led-2,440400,115,216,255
led-2,440500,115,216,255
led-2,440600,71,216,255
led-2,440700,71,216,255
led-2,440800,71,216,255
led-2,440900,71,216,255
led-2,441000,71,216,255
led-2,441100,71,216,255
led-2,441200,71,215,255
led-2,441300,71,215,255
led-2,441400,71,215,255
led-2,441500,71,215,255
led-2,441600,71,215,255
led-2,441700,71,215,255
led-2,441800,71,215,255
led-2,441900,71,215,255
led-2,442000,71,215,255
led-2,442100,71,215,255
led-2,442200,231,230,228
led-2,442300,168,163,117
led-2,442400,125,151,77
led-2,442500,133,194,96
led-2,442600,157,160,122
led-2,442700,187,255,135
led-2,442800,126,194,93
led-2,442900,103,142,78
led-2,443000,101,128,74
led-2,443100,111,151,80
led-2,443200,126,184,90
led-2,443300,127,105,109
led-2,443400,140,121,128
led-2,443500,146,129,137
led-2,443600,146,130,139
led-2,443700,148,161,185
led-2,443800,152,182,207
led-2,443900,128,98,91
led-2,444000,133,91,75
led-2,444100,174,131,108
led-2,444200,185,142,127
led-2,444300,144,106,109
led-2,444400,137,230,255
led-2,444500,137,230,255
led-2,444600,137,230,255
led-2,444700,135,230,255
led-2,444800,79,145,84
led-2,444900,49,63,48
led-2,445000,63,106,70
led-2,445100,64,107,70
led-2,445200,64,103,68
led-2,445300,60,92,63
led-2,445400,59,85,60
led-2,445500,56,79,55
led-2,445600,55,76,53
led-2,445700,54,73,52
led-2,445800,52,72,50
led-2,445900,52,70,50
led-2,446000,52,70,50
led-2,446100,51,70,50
led-2,446200,51,70,50
led-2,446300,51,70,49
led-2,446400,51,70,49
led-2,446500,51,70,49
led-2,446600,51,70,49
led-2,446700,51,70,49
led-2,446800,51,70,49
led-2,446900,51,70,49
led-2,447000,53,71,50
led-2,447100,60,70,53
led-2,447200,80,65,54
led-2,447300,112,68,57
led-2,447400,126,76,60
led-2,447500,144,85,68
led-2,447600,158,93,75
led-2,447700,174,106,87
led-2,447800,189,122,101
led-2,447900,192,128,105
led-2,448000,195,136,109
led-2,448100,195,139,113
led-2,448200,197,143,115
led-2,448300,195,145,115
led-2,448400,195,145,115
led-2,448500,194,144,115
led-2,448600,193,144,115
led-2,448700,194,144,115
led-2,448800,194,144,115
led-2,448900,194,144,115
led-2,449000,196,147,117
led-2,449100,199,151,118
led-2,449200,203,155,120
led-2,449300,201,155,120
led-2,449400,200,154,120
led-2,449500,194,145,113
led-2,449600,197,144,112
led-2,449700,198,141,114
led-2,449800,200,141,114
led-2,449900,190,124,104
led-2,450000,137,91,84
led-2,450100,118,85,78
led-2,450200,90,63,57
led-2,450300,126,91,79
led-2,450400,120,97,97
led-2,450500,125,95,91
led-2,450600,151,122,116
led-2,450700,160,131,124
led-2,450800,147,104,111
led-2,450900,147,108,101
led-2,451000,150,105,102
led-2,451100,55,72,51
led-2,451200,59,73,54
led-2,451300,69,78,59
led-2,451400,78,83,64
led-2,451500,96,88,74
led-2,451600,106,91,80
led-2,451700,114,93,84
led-2,451800,85,90,93
led-2,451900,85,90,93
led-2,452000,85,90,93
led-2,452100,85,90,93
led-2,452200,85,90,93
led-2,452300,85,90,93
led-2,452400,85,90,93
led-2,452500,85,89,93
led-2,452600,75,80,75
led-2,452700,105,98,87
led-2,452800,102,169,130
led-2,452900,60,109,70
led-2,453000,140,147,137
led-2,453100,59,103,79
led-2,453200,47,82,54
led-2,453300,44,77,51
led-2,453400,43,75,50
led-2,453500,43,75,50
led-2,453600,43,75,50
led-2,453700,43,75,50
led-2,453800,42,75,50
led-2,453900,42,75,50
led-2,454000,42,75,50
led-2,454100,42,75,50
led-2,454200,42,75,50
led-2,454300,42,76,50
led-2,454400,42,75,49
led-2,454500,43,75,49
led-2,454600,43,75,49
led-2,454700,43,75,49
led-2,454800,43,74,50
led-2,454900,43,75,50
led-2,455000,42,75,50
led-2,455100,42,75,50
led-2,455200,42,75,50
led-2,455300,42,75,50
led-2,455400,42,75,50
led-2,455500,42,75,50
led-2,455600,43,75,50
led-2,455700,43,75,50
led-2,455800,42,75,50
led-2,455900,42,75,50
led-2,456000,42,75,50
led-2,456100,42,75,50
led-2,456200,42,75,50
led-2,456300,43,75,50
led-2,456400,43,75,50
led-2,456500,43,75,50
led-2,456600,43,75,50
led-2,456700,43,75,50
led-2,456800,43,75,50
led-2,456900,43,75,50
led-2,457000,43,75,49
led-2,457100,43,75,50
led-2,457200,43,75,50
led-2,457300,43,75,50
led-2,457400,43,75,50
led-2,457500,42,75,50
led-2,457600,42,76,50
led-2,457700,42,76,50
led-2,457800,42,76,50
led-2,457900,42,76,50
led-2,458000,42,75,49
led-2,458100,43,75,50
led-2,458200,42,75,50
led-2,458300,44,76,50
led-2,458400,44,76,50
led-2,458500,44,76,50
led-2,458600,44,76,50
led-2,458700,44,76,50
led-2,458800,44,76,50
led-2,458900,44,76,50
led-2,459000,44,76,50
led-2,459100,44,76,50
led-2,459200,43,77,50
led-2,459300,44,77,50
led-2,459400,44,77,50
led-2,459500,44,77,49
led-2,459600,44,77,49
led-2,459700,44,77,49
led-2,459800,43,77,49
led-2,459900,43,77,49
led-2,460000,43,77,50
led-2,460100,43,77,50
led-2,460200,43,77,51
led-2,460300,43,77,50
led-2,460400,43,77,50
led-2,460500,43,77,50
led-2,460600,32,51,36
led-2,460700,21,32,22
led-2,460800,6,9,7
led-2,460900,1,1,1
led-2,461000,0,0,0
led-2,461100,0,0,0
led-2,461200,0,0,0
led-2,461300,0,0,0
led-2,461400,0,0,0
led-2,461500,0,0,0
led-2,461600,0,0,0
led-2,461700,0,0,0
led-2,461800,0,0,0
led-2,461900,2,2,2
led-2,462000,9,10,7
led-2,462100,15,16,11
led-2,462200,21,24,16
led-2,462300,34,40,23
led-2,462400,44,50,29
led-2,462500,58,70,39
led-2,462600,71,84,44
led-2,462700,71,85,44
led-2,462800,71,84,45
led-2,462900,72,83,45
led-2,463000,72,82,46
led-2,463100,68,79,45
led-2,463200,65,75,43
led-2,463300,65,74,42
led-2,463400,64,74,41
led-2,463500,62,71,41
led-2,463600,62,70,43
led-2,463700,62,69,45
led-2,463800,65,77,49
led-2,463900,68,80,51
led-2,464000,67,74,53
led-2,464100,69,69,54
led-2,464200,72,73,56
led-2,464300,78,91,52
led-2,464400,80,97,49
led-2,464500,77,100,47
led-2,464600,79,97,49
led-2,464700,82,96,54
led-2,464800,86,101,59
led-2,464900,91,106,67
led-2,465000,87,101,67
led-2,465100,84,98,62
led-2,465200,83,98,58
led-2,465300,96,115,66
led-2,465400,96,116,70
led-2,465500,93,113,75
led-2,465600,89,108,73
led-2,465700,90,111,75
led-2,465800,90,111,74
led-2,465900,90,110,77
led-2,466000,85,106,65
led-2,466100,86,106,61
led-2,466200,90,110,63
led-2,466300,95,120,58
led-2,466400,101,130,65
led-2,466500,62,86,85
led-2,466600,83,121,140
led-2,466700,97,137,161
led-2,466800,98,142,117
led-2,466900,93,105,81
led-2,467000,52,51,51
led-2,467100,67,71,61
led-2,467200,73,76,69
led-2,467300,73,94,73
led-2,467400,92,174,99
led-2,467500,99,208,113
led-2,467600,93,186,104
led-2,467700,75,99,76
led-2,467800,62,67,58
led-2,467900,61,70,54
led-2,468000,84,81,81
led-2,468100,89,84,86
led-2,468200,90,86,90
led-2,468300,76,72,75
led-2,468400,72,68,70
led-2,468500,83,82,83
led-2,468600,98,126,116
led-2,468700,108,193,158
led-2,468800,105,209,157
led-2,468900,100,164,130
led-2,469000,103,114,111
led-2,469100,106,110,111
led-2,469200,111,116,120
led-2,469300,122,128,136
led-2,469400,114,135,111
led-2,469500,99,150,66
led-2,469600,103,158,64
led-2,469700,114,166,81
led-2,469800,135,168,125
led-2,469900,145,163,145
led-2,470000,147,163,147
led-2,470100,147,170,138
led-2,470200,148,182,130
led-2,470300,150,197,123
led-2,470400,153,206,122
led-2,470500,157,216,124
led-2,470600,160,220,125
led-2,470700,163,223,126
led-2,470800,165,225,126
led-2,470900,166,227,126
led-2,471000,168,229,127
led-2,471100,170,231,127
led-2,471200,171,233,128
led-2,471300,173,235,130
led-2,471400,188,164,161
led-2,471500,189,164,160
led-2,471600,189,164,160
led-2,471700,189,164,160
led-2,471800,189,164,160
led-2,471900,189,164,160
led-2,472000,190,164,160
led-2,472100,190,164,161
led-2,472200,193,167,163
led-2,472300,193,166,162
led-2,472400,192,165,162
led-2,472500,191,164,161
led-2,472600,191,164,161
led-2,472700,191,165,161
led-2,472800,192,166,162
led-2,472900,137,193,168
led-2,473000,137,193,168
led-2,473100,136,193,168
led-2,473200,136,193,168
led-2,473300,136,193,167
led-2,473400,136,193,167
led-2,473500,136,193,167
led-2,473600,136,193,167
led-2,473700,136,193,167
led-2,473800,136,193,167
led-2,473900,136,193,167
led-2,474000,136,193,168
led-2,474100,136,193,168
led-2,474200,136,193,168
led-2,474300,136,193,168
led-2,474400,136,193,169
led-2,474500,136,193,168
led-2,474600,136,193,169
led-2,474700,141,191,171
led-2,474800,252,185,255
led-2,474900,206,152,218
led-2,475000,142,192,174
led-2,475100,139,193,171
led-2,475200,136,194,171
led-2,475300,136,194,171
led-2,475400,136,194,170
led-2,475500,136,194,170
led-2,475600,136,194,170
led-2,475700,137,194,170
led-2,475800,137,194,170
led-2,475900,137,194,170
led-2,476000,136,193,168
led-2,476100,136,193,168
led-2,476200,136,193,168
led-2,476300,136,193,168
led-2,476400,136,193,168
led-2,476500,136,193,168
led-2,476600,135,193,167
led-2,476700,135,193,167
led-2,476800,135,193,168
led-2,476900,135,193,168
led-2,477000,136,193,167
led-2,477100,136,193,168
led-2,477200,136,193,167
led-2,477300,136,193,167
led-2,477400,136,193,167
led-2,477500,136,193,167
led-2,477600,136,193,167
led-2,477700,137,194,169
led-2,477800,139,196,170
led-2,477900,140,198,171
led-2,478000,141,200,173
led-2,478100,142,199,173
led-2,478200,143,199,172
led-2,478300,143,197,173
led-2,478400,144,197,172
led-2,478500,145,199,171
led-2,478600,148,204,170
led-2,478700,151,211,172
led-2,478800,153,212,175
led-2,478900,151,206,175
led-2,479000,147,195,172
led-2,479100,147,195,173
led-2,479200,147,198,172
led-2,479300,146,203,171
led-2,479400,147,207,172
led-2,479500,149,212,174
led-2,479600,152,213,174
led-2,479700,151,215,174
led-2,479800,153,215,175
led-2,479900,153,216,175
led-2,480000,154,218,175
led-2,480100,154,218,174
led-2,480200,180,102,100
led-2,480300,182,103,100
led-2,480400,181,103,101
led-2,480500,182,104,101
led-2,480600,181,103,100
led-2,480700,181,103,101
led-2,480800,181,103,101
led-2,480900,181,103,101
led-2,481000,181,103,101
led-2,481100,181,103,101
led-2,481200,183,104,101
led-2,481300,182,103,100
led-2,481400,183,104,101
led-2,481500,182,103,101
led-2,481600,184,104,101
led-2,481700,153,226,255
led-2,481800,153,226,255
led-2,481900,153,226,255
led-2,482000,153,226,255
led-2,482100,153,226,255
led-2,482200,153,226,255
led-2,482300,153,226,255
led-2,482400,153,226,255
led-2,482500,153,226,255
led-2,482600,153,226,255
led-2,482700,153,226,255
led-2,482800,153,226,255
led-2,482900,153,226,255
led-2,483000,153,226,255
led-2,483100,154,226,255
led-2,483200,154,226,255
led-2,483300,154,226,255
led-2,483400,154,226,255
led-2,483500,154,226,255
led-2,483600,154,226,255
led-2,483700,154,226,255
led-2,483800,155,226,255
led-2,483900,240,244,243
led-2,484000,240,244,243
led-2,484100,240,244,243
led-2,484200,240,244,243
led-2,484300,240,244,243
led-2,484400,240,244,243
led-2,484500,240,244,243
led-2,484600,240,244,243
led-2,484700,240,244,243
led-2,484800,240,244,243
led-2,484900,240,244,243
led-2,485000,240,244,243
led-2,485100,240,244,243
led-2,485200,240,244,243
led-2,485300,240,244,243
led-2,485400,240,244,243
led-2,485500,239,244,243
led-2,485600,239,244,242
led-2,485700,239,244,242
led-2,485800,239,244,242
led-2,485900,239,244,242
led-2,486000,239,244,242
led-2,486100,239,244,242
led-2,486200,239,244,242
led-2,486300,153,218,174
led-2,486400,153,218,174
led-2,486500,153,218,174
led-2,486600,153,218,174
led-2,486700,153,218,174
led-2,486800,153,218,174
led-2,486900,153,218,174
led-2,487000,154,218,174
led-2,487100,154,218,175
led-2,487200,155,218,175
led-2,487300,155,218,175
led-2,487400,155,218,175
led-2,487500,154,218,175
led-2,487600,154,218,175
led-2,487700,155,218,175
led-2,487800,155,218,175
led-2,487900,155,218,175
led-2,488000,154,218,175
led-2,488100,153,218,174
led-2,488200,153,218,174
led-2,488300,153,218,174
led-2,488400,153,218,174
led-2,488500,153,218,174
led-2,488600,153,218,174
led-2,488700,153,218,174
led-2,488800,45,58,47
led-2,488900,45,58,47
led-2,489000,44,58,47
led-2,489100,45,58,47
led-2,489200,45,58,47
led-2,489300,48,58,48
led-2,489400,56,66,55
led-2,489500,46,59,48
led-2,489600,46,59,48
led-2,489700,47,59,49
led-2,489800,154,217,174
led-2,489900,0,0,0
led-2,490000,0,0,0
led-2,490100,1,1,1
led-2,490200,4,6,8
led-2,490300,10,15,18
led-2,490400,13,22,26
led-2,490500,46,54,60
led-2,490600,89,95,101
led-2,490700,106,112,116
led-2,490800,110,115,119
led-2,490900,109,118,122
led-2,491000,113,121,127
led-2,491100,112,123,128
led-2,491200,114,125,131
led-2,491300,116,126,132
led-2,491400,118,129,136
led-2,491500,117,131,138
led-2,491600,118,132,139
led-2,491700,120,134,141
led-2,491800,120,136,144
led-2,491900,122,137,145
led-2,492000,122,137,146
led-2,492100,121,141,147
led-2,492200,121,140,148
led-2,492300,123,141,150
led-2,492400,123,141,151
led-2,492500,123,142,153
led-2,492600,123,143,152
led-2,492700,123,144,152
led-2,492800,123,144,152
led-2,492900,123,144,152
led-2,493000,124,143,152
led-2,493100,124,143,152
led-2,493200,124,143,152
led-2,493300,125,142,153
led-2,493400,125,142,152
led-2,493500,125,142,152
led-2,493600,125,142,152
led-2,493700,125,142,152
led-2,493800,118,140,150
led-2,493900,106,138,155
led-2,494000,76,136,166
led-2,494100,69,137,170
led-2,494200,69,137,170
led-2,494300,68,136,169
led-2,494400,68,135,169
led-2,494500,67,135,169
led-2,494600,67,134,169
led-2,494700,66,134,168
led-2,494800,66,133,167
led-2,494900,65,132,166
led-2,495000,64,132,166
led-2,495100,64,131,166
led-2,495200,63,131,165
led-2,495300,63,130,164
led-2,495400,61,129,163
led-2,495500,61,128,163
led-2,495600,61,128,162
led-2,495700,64,122,154
led-2,495800,58,123,156
led-2,495900,57,122,154
led-2,496000,57,121,154
led-2,496100,56,120,153
led-2,496200,56,120,153
led-2,496300,180,106,107
led-2,496400,152,72,69
led-2,496500,134,69,65
led-2,496600,135,70,66
led-2,496700,135,70,66
led-2,496800,135,70,66
led-2,496900,136,70,66
led-2,497000,135,70,66
led-2,497100,145,72,68
led-2,497200,154,75,72
led-2,497300,159,79,75
led-2,497400,99,120,140
led-2,497500,55,118,152
led-2,497600,55,118,151
led-2,497700,55,118,152
led-2,497800,55,118,151
led-2,497900,55,118,151
led-2,498000,58,118,150
led-2,498100,57,118,150
led-2,498200,58,118,150
led-2,498300,56,118,150
led-2,498400,57,118,150
led-2,498500,58,119,151
led-2,498600,59,119,152
led-2,498700,59,119,152
led-2,498800,59,120,151
led-2,498900,60,120,152
led-2,499000,60,120,151
led-2,499100,61,120,151
led-2,499200,61,120,152
led-2,499300,61,120,151
led-2,499400,62,120,151
led-2,499500,62,120,151
led-2,499600,63,120,151
led-2,499700,62,120,151
led-2,499800,61,119,151
led-2,499900,60,118,150
led-2,500000,60,118,149
led-2,500100,61,119,150
led-2,500200,62,120,150
led-2,500300,64,120,151
led-2,500400,64,121,151
led-2,500500,62,120,149
led-2,500600,60,120,149
led-2,500700,60,119,148
led-2,500800,59,117,148
led-2,500900,58,117,147
led-2,501000,57,117,147
led-2,501100,57,117,147
led-2,501200,58,117,148
led-2,501300,60,118,147
led-2,501400,60,118,148
led-2,501500,60,118,148
led-2,501600,60,118,149
led-2,501700,59,118,148
led-2,501800,59,117,148
led-2,501900,59,116,147
led-2,502000,57,115,144
led-2,502100,58,113,143
led-2,502200,60,111,138
led-2,502300,115,97,108
led-2,502400,163,88,87
led-2,502500,173,116,116
led-2,502600,138,136,145
led-2,502700,98,136,157
led-2,502800,100,138,158
led-2,502900,105,140,160
led-2,503000,70,124,151
led-2,503100,73,126,156
led-2,503200,85,135,161
led-2,503300,120,148,166
led-2,503400,107,141,162
led-2,503500,106,141,163
led-2,503600,106,140,161
led-2,503700,99,139,162
led-2,503800,107,142,162
led-2,503900,90,133,156
led-2,504000,75,129,158
led-2,504100,84,136,164
led-2,504200,122,158,178
led-2,504300,122,154,171
led-2,504400,102,143,164
led-2,504500,108,144,162
led-2,504600,92,136,160
led-2,504700,82,135,162
led-2,504800,95,142,168
led-2,504900,121,154,172
led-2,505000,115,147,166
led-2,505100,107,144,164
led-2,505200,112,146,164
led-2,505300,91,136,159
led-2,505400,81,135,161
led-2,505500,96,143,166
led-2,505600,125,154,171
led-2,505700,125,152,170
led-2,505800,104,143,164
led-2,505900,111,144,163
led-2,506000,109,146,163
led-2,506100,119,150,165
led-2,506200,110,145,162
led-2,506300,111,146,167
led-2,506400,112,145,163
led-2,506500,86,135,160
led-2,506600,86,136,162
led-2,506700,98,144,169
led-2,506800,131,157,172
led-2,506900,114,147,166
led-2,507000,112,147,164
led-2,507100,109,143,161
led-2,507200,114,149,167
led-2,507300,126,153,168
led-2,507400,110,146,167
led-2,507500,119,150,166
led-2,507600,117,151,166
led-2,507700,125,155,168
led-2,507800,123,152,163
led-2,507900,120,151,163
led-2,508000,126,153,157
led-2,508100,129,160,162
led-2,508200,141,164,166
led-2,508300,129,158,156
led-2,508400,135,158,156
led-2,508500,130,157,149
led-2,508600,134,160,154
led-2,508700,138,163,153
led-2,508800,132,160,146
led-2,508900,138,162,150
led-2,509000,136,162,146
led-2,509100,140,166,150
led-2,509200,141,164,149
led-2,509300,137,162,146
led-2,509400,140,163,148
led-2,509500,127,158,136
led-2,509600,127,161,136
led-2,509700,131,165,140
led-2,509800,154,174,159
led-2,509900,152,171,157
led-2,510000,148,169,151
led-2,510100,148,167,150
led-2,510200,143,166,145
led-2,510300,147,168,150
led-2,510400,143,165,145
led-2,510500,146,166,147
led-2,510600,145,165,146
led-2,510700,145,167,146
led-2,510800,150,168,148
led-2,510900,144,168,143
led-2,511000,145,168,144
led-2,511100,140,165,139
led-2,511200,133,165,135
led-2,511300,136,168,135
led-2,511400,148,172,146
led-2,511500,149,168,146
led-2,511600,145,168,143
led-2,511700,148,170,145
led-2,511800,149,170,147
led-2,511900,154,172,153
led-2,512000,142,165,138
led-2,512100,144,169,139
led-2,512200,147,168,142
led-2,512300,146,170,141
led-2,512400,151,171,147
led-2,512500,141,166,134
led-2,512600,139,168,131
led-2,512700,149,176,143
led-2,512800,157,175,154
led-2,512900,152,174,148
led-2,513000,151,171,146
led-2,513100,149,169,144
led-2,513200,143,169,134
led-2,513300,143,173,133
led-2,513400,151,176,142
led-2,513500,157,175,150
led-2,513600,154,176,144
led-2,513700,156,176,147
led-2,513800,157,176,148
led-2,513900,158,177,149
led-2,514000,155,175,146
led-2,514100,149,171,139
led-2,514200,150,170,142
led-2,514300,148,172,139
led-2,514400,153,174,144
led-2,514500,153,174,142
led-2,514600,160,179,150
led-2,514700,160,178,148
led-2,514800,153,175,141
led-2,514900,155,176,148
led-2,515000,148,172,136
led-2,515100,150,171,139
led-2,515200,148,170,137
led-2,515300,155,177,143
led-2,515400,154,175,142
led-2,515500,148,171,133
led-2,515600,148,172,135
led-2,515700,141,169,126
led-2,515800,135,170,114
led-2,515900,137,173,117
led-2,516000,157,177,145
led-2,516100,156,175,142
led-2,516200,147,173,128
led-2,516300,152,173,136
led-2,516400,141,169,123
led-2,516500,137,175,115
led-2,516600,141,177,119
led-2,516700,157,183,142
led-2,516800,155,179,139
led-2,516900,151,178,131
led-2,517000,150,174,133
led-2,517100,139,171,117
led-2,517200,136,176,111
led-2,517300,136,176,111
led-2,517400,136,176,110
led-2,517500,138,176,111
led-2,517600,148,180,126
led-2,517700,152,176,135
led-2,517800,150,178,128
led-2,517900,155,180,138
led-2,518000,144,176,123
led-2,518100,137,180,112
led-2,518200,137,180,113
led-2,518300,153,184,135
led-2,518400,156,181,140
led-2,518500,150,185,129
led-2,518600,155,183,137
led-2,518700,152,181,136
led-2,518800,139,183,114
led-2,518900,138,183,113
led-2,519000,157,188,140
led-2,519100,157,183,143
led-2,519200,149,181,131
led-2,519300,150,182,134
led-2,519400,147,180,133
led-2,519500,138,185,118
led-2,519600,137,185,117
led-2,519700,147,187,130
led-2,519800,154,181,145
led-2,519900,149,185,135
led-2,520000,150,182,140
led-2,520100,146,181,136
led-2,520200,148,186,137
led-2,520300,149,182,140
led-2,520400,146,184,135
led-2,520500,148,184,138
led-2,520600,143,185,134
led-2,520700,147,185,143
led-2,520800,143,183,137
led-2,520900,148,185,141
led-2,521000,147,182,141
led-2,521100,144,183,140
led-2,521200,149,183,146
led-2,521300,142,183,140
led-2,521400,147,184,145
led-2,521500,144,183,143
led-2,521600,146,186,145
led-2,521700,147,182,148
led-2,521800,132,182,135
led-2,521900,129,186,133
led-2,522000,143,191,147
led-2,522100,155,187,157
led-2,522200,150,187,154
led-2,522300,129,185,136
led-2,522400,127,185,137
led-2,522500,143,188,150
led-2,522600,149,183,155
led-2,522700,141,183,148
led-2,522800,146,185,154
led-2,522900,145,184,153
led-2,523000,128,186,141
led-2,523100,127,187,141
led-2,523200,139,189,152
led-2,523300,154,183,160
led-2,523400,146,180,147
led-2,523500,157,175,139
led-2,523600,163,170,130
led-2,523700,170,162,109
led-2,523800,188,157,90
led-2,523900,199,161,103
led-2,524000,194,161,113
led-2,524100,201,159,101
led-2,524200,200,160,104
led-2,524300,197,157,101
led-2,524400,202,151,80
led-2,524500,205,152,78
led-2,524600,205,157,95
led-2,524700,197,159,111
led-2,524800,202,159,98
led-2,524900,202,164,113
led-2,525000,200,163,113
led-2,525100,199,149,83
led-2,525200,209,156,82
led-2,525300,206,161,102
led-2,525400,197,163,121
led-2,525500,200,160,106
led-2,525600,195,158,109
led-2,525700,189,155,111
led-2,525800,190,154,104
led-2,525900,184,153,114
led-2,526000,181,139,84
led-2,526100,182,137,81
led-2,526200,180,136,84
led-2,526300,179,156,128
led-2,526400,176,152,127
led-2,526500,172,141,109
led-2,526600,167,142,117
led-2,526700,162,131,104
led-2,526800,157,121,87
led-2,526900,157,123,92
led-2,527000,155,127,101
led-2,527100,153,124,98
led-2,527200,159,135,113
led-2,527300,155,135,116
led-2,527400,146,120,96
led-2,527500,144,118,91
led-2,527600,153,131,108
led-2,527700,161,146,131
led-2,527800,149,132,116
led-2,527900,147,130,109
led-2,528000,145,133,115
led-2,528100,139,124,100
led-2,528200,138,124,98
led-2,528300,147,136,114
led-2,528400,155,149,135
led-2,528500,144,139,120
led-2,528600,147,140,123
led-2,528700,145,142,127
led-2,528800,128,128,107
led-2,528900,125,128,104
led-2,529000,133,138,118
led-2,529100,146,151,138
led-2,529200,143,149,136
led-2,529300,134,143,126
led-2,529400,136,145,133
led-2,529500,129,141,126
led-2,529600,132,144,130
led-2,529700,125,140,125
led-2,529800,124,139,124
led-2,529900,125,139,126
led-2,530000,119,136,122
led-2,530100,124,139,127
led-2,530200,112,128,116
led-2,530300,119,135,121
led-2,530400,114,128,112
led-2,530500,84,103,83
led-2,530600,83,100,79
led-2,530700,102,118,99
led-2,530800,120,132,119
led-2,530900,104,118,102
led-2,531000,115,126,111
led-2,531100,112,121,106
led-2,531200,83,97,77
led-2,531300,76,91,69
led-2,531400,98,112,93
led-2,531500,113,123,110
led-2,531600,90,102,87
led-2,531700,72,87,66
led-2,531800,74,88,68
led-2,531900,108,119,104
led-2,532000,115,123,112
led-2,532100,94,105,90
led-2,532200,100,111,99
led-2,532300,89,99,87
led-2,532400,65,76,59
led-2,532500,64,75,57
led-2,532600,89,98,84
led-2,532700,103,111,100
led-2,532800,76,87,72
led-2,532900,59,70,52
led-2,533000,62,72,55
led-2,533100,93,102,88
led-2,533200,98,105,93
led-2,533300,61,70,55
led-2,533400,55,64,47
led-2,533500,54,64,49
led-2,533600,52,62,46
led-2,533700,51,61,47
led-2,533800,86,94,80
led-2,533900,90,96,85
led-2,534000,79,86,76
led-2,534100,87,94,86
led-2,534200,84,89,81
led-2,534300,94,100,92
led-2,534400,91,96,89
led-2,534500,41,47,36
led-2,534600,39,45,34
led-2,534700,38,45,33
led-2,534800,36,42,31
led-2,534900,35,41,30
led-2,535000,41,47,37
led-2,535100,88,94,85
led-2,535200,130,136,129
led-2,535300,87,93,86
led-2,535400,40,46,37
led-2,535500,26,32,23
led-2,535600,26,32,23
led-2,535700,62,67,59
led-2,535800,76,81,75
led-2,535900,64,68,63
led-2,536000,80,86,79
led-2,536100,66,71,65
led-2,536200,68,73,70
led-2,536300,64,69,64
led-2,536400,25,31,25
led-2,536500,16,21,17
led-2,536600,31,36,32
led-2,536700,64,70,65
led-2,536800,58,62,58
led-2,536900,61,64,60
led-2,537000,62,67,62
led-2,537100,21,25,21
led-2,537200,11,15,11
led-2,537300,10,13,10
led-2,537400,16,19,16
led-2,537500,54,57,53
led-2,537600,62,65,62
led-2,537700,56,59,57
led-2,537800,51,53,52
led-2,537900,43,46,45
led-2,538000,44,48,47
led-2,538100,44,48,47
led-2,538200,43,47,46
led-2,538300,29,33,32
led-2,538400,30,35,33
led-2,538500,49,54,52
led-2,538600,51,52,51
led-2,538700,48,47,47
led-2,538800,42,41,41
led-2,538900,24,25,25
led-2,539000,14,17,16
led-2,539100,38,39,38
led-2,539200,43,42,43
led-2,539300,8,8,8
led-2,539400,1,1,1
led-2,539500,35,37,36
led-2,539600,36,39,38
led-2,539700,41,46,44
led-2,539800,48,51,50
led-2,539900,53,54,53
led-2,540000,41,41,41
led-2,540100,14,14,14
led-2,540200,0,0,0
led-2,540300,0,0,0
led-2,540400,1,1,1
led-2,540500,39,39,39
led-2,540600,44,44,44
led-2,540700,44,44,44
led-2,540800,39,39,39
led-2,540900,43,43,43
led-2,541000,37,37,37
led-2,541100,41,41,41
led-2,541200,43,43,43
led-2,541300,47,47,47
led-2,541400,41,41,41
led-2,541500,14,14,14
led-2,541600,1,1,1
led-2,541700,27,27,27
led-2,541800,46,46,46
led-2,541900,43,43,43
led-2,542000,33,33,33
led-2,542100,23,23,23
led-2,542200,16,16,16
led-2,542300,22,22,22
led-2,542400,31,31,31
led-2,542500,33,33,33
led-2,542600,26,26,26
led-2,542700,28,28,28
led-2,542800,31,31,31
led-2,542900,38,38,38
led-2,543000,43,43,43
led-2,543100,29,29,29
led-2,543200,0,0,0
led-2,543300,0,0,0
led-2,543400,0,0,0
led-2,543500,31,31,31
led-2,543600,50,50,50
led-2,543700,49,49,49
led-2,543800,38,38,38
led-2,543900,48,48,48
led-2,544000,40,40,40
led-2,544100,34,34,34
led-2,544200,16,16,16
led-2,544300,9,9,9
led-2,544400,0,0,0
led-2,544500,2,2,2
led-2,544600,3,3,3
led-2,544700,16,16,16
led-2,544800,43,43,43
led-2,544900,49,49,49
led-2,545000,44,44,44
led-2,545100,46,46,46
led-2,545200,46,46,46
led-2,545300,53,53,53
led-2,545400,49,49,49
led-2,545500,34,34,34
led-2,545600,1,1,1
led-2,545700,10,10,10
led-2,545800,39,39,39
led-2,545900,40,40,40
led-2,546000,41,41,41
led-2,546100,39,39,39
led-2,546200,28,28,28
led-2,546300,35,35,35
led-2,546400,44,44,44
led-2,546500,35,35,35
led-2,546600,2,2,2
led-2,546700,0,0,0
led-2,546800,0,0,0
led-2,546900,13,13,13
led-2,547000,47,47,47
led-2,547100,49,49,49
led-2,547200,33,33,33
led-2,547300,32,32,32
led-2,547400,30,30,30
led-2,547500,23,23,23
led-2,547600,0,0,0
led-2,547700,8,8,8
led-2,547800,44,44,44
led-2,547900,38,38,38
led-2,548000,0,0,0
led-2,548100,2,2,2
led-2,548200,4,4,4
led-2,548300,20,20,20
led-2,548400,42,42,42
led-2,548500,43,43,43
led-2,548600,43,43,43
led-2,548700,43,43,43
led-2,548800,28,28,28
led-2,548900,29,29,29
led-2,549000,40,40,40
led-2,549100,36,36,36
led-2,549200,10,10,10
led-2,549300,13,13,13
led-2,549400,34,34,34
led-2,549500,40,40,40
led-2,549600,45,45,45
led-2,549700,46,46,46
led-2,549800,41,41,41
led-2,549900,41,41,41
led-2,550000,37,37,37
led-2,550100,33,33,33
led-2,550200,45,45,45
led-2,550300,42,42,42
led-2,550400,40,40,40
led-2,550500,37,37,37
led-2,550600,14,14,14
led-2,550700,0,0,0
led-2,550800,32,32,32
led-2,550900,38,38,38
led-2,551000,45,45,45
led-2,551100,42,42,42
led-2,551200,47,47,47
led-2,551300,45,45,45
led-2,551400,20,20,20
led-2,551500,6,7,7
led-2,551600,38,39,39
led-2,551700,46,46,46
led-2,551800,49,49,49
led-2,551900,42,42,42
led-2,552000,22,22,22
led-2,552100,19,19,19
led-2,552200,31,31,31
led-2,552300,42,42,42
led-2,552400,44,44,44
led-2,552500,40,43,40
led-2,552600,24,29,25
led-2,552700,9,14,10
led-2,552800,44,48,44
led-2,552900,50,54,50
led-2,553000,54,57,54
led-2,553100,49,52,49
led-2,553200,51,54,51
led-2,553300,58,53,52
led-2,553400,51,54,51
led-2,553500,48,51,48
led-2,553600,51,54,51
led-2,553700,51,54,51
led-2,553800,56,59,56
led-2,553900,56,59,55
led-2,554000,59,62,59
led-2,554100,59,62,59
led-2,554200,65,68,65
led-2,554300,132,88,86
led-2,554400,52,54,51
led-2,554500,57,60,57
led-2,554600,64,67,63
led-2,554700,59,62,59
led-2,554800,49,52,49
led-2,554900,22,27,23
led-2,555000,147,77,71
led-2,555100,64,70,64
led-2,555200,69,74,68
led-2,555300,68,74,68
led-2,555400,61,69,61
led-2,555500,23,33,23
led-2,555600,166,92,89
led-2,555700,31,40,31
led-2,555800,43,51,43
led-2,555900,64,72,65
led-2,556000,59,69,60
led-2,556100,158,82,82
led-2,556200,29,40,30
led-2,556300,30,41,31
led-2,556400,38,49,38
led-2,556500,67,76,66
led-2,556600,70,78,68
led-2,556700,73,81,72
led-2,556800,68,75,66
led-2,556900,39,49,37
led-2,557000,47,58,45
led-2,557100,52,62,51
led-2,557200,55,64,54
led-2,557300,66,74,65
led-2,557400,69,76,67
led-2,557500,74,85,72
led-2,557600,79,90,77
led-2,557700,78,89,76
led-2,557800,76,87,74
led-2,557900,79,90,77
led-2,558000,81,92,79
led-2,558100,81,93,80
led-2,558200,82,93,80
led-2,558300,52,66,50
led-2,558400,50,64,48
led-2,558500,51,65,49
led-2,558600,52,66,50
led-2,558700,52,67,51
led-2,558800,53,69,52
led-2,558900,53,70,53
led-2,559000,55,71,55
led-2,559100,57,73,56
led-2,559200,61,77,60
led-2,559300,71,86,68
led-2,559400,73,88,70
led-2,559500,88,101,86
led-2,559600,91,104,88
led-2,559700,89,103,86
led-2,559800,87,101,85
led-2,559900,75,92,73
led-2,560000,82,97,79
led-2,560100,95,110,93
led-2,560200,97,111,95
led-2,560300,78,93,75
led-2,560400,77,93,75
led-2,560500,98,112,94
led-2,560600,100,113,96
led-2,560700,82,96,78
led-2,560800,72,86,68
led-2,560900,96,110,92
led-2,561000,105,116,100
led-2,561100,107,119,102
led-2,561200,105,118,100
led-2,561300,106,120,102
led-2,561400,105,117,100
led-2,561500,101,114,97
led-2,561600,97,109,93
led-2,561700,102,113,98
led-2,561800,109,119,103
led-2,561900,114,124,107
led-2,562000,111,122,107
led-2,562100,114,124,109
led-2,562200,116,124,111
led-2,562300,119,126,115
led-2,562400,114,121,110
led-2,562500,103,108,97
led-2,562600,96,100,90
led-2,562700,97,101,91
led-2,562800,98,102,93
led-2,562900,104,107,99
led-2,563000,112,116,106
led-2,563100,117,121,111
led-2,563200,123,127,117
led-2,563300,133,132,126
led-2,563400,129,128,122
led-2,563500,127,128,123
led-2,563600,128,129,124
led-2,563700,133,131,129
led-2,563800,134,132,128
led-2,563900,134,132,128
led-2,564000,120,115,113
led-2,564100,119,113,112
led-2,564200,116,109,108
led-2,564300,118,109,110
led-2,564400,119,109,110
led-2,564500,119,109,110
led-2,564600,120,110,111
led-2,564700,120,110,113
led-2,564800,122,112,114
led-2,564900,125,116,117
led-2,565000,137,128,130
led-2,565100,140,132,135
led-2,565200,143,135,138
led-2,565300,140,129,132
led-2,565400,123,111,115
led-2,565500,123,111,115
led-2,565600,123,111,115
led-2,565700,125,112,116
led-2,565800,126,113,118
led-2,565900,128,113,119
led-2,566000,129,115,119
led-2,566100,130,115,120
led-2,566200,130,116,121
led-2,566300,131,117,123
led-2,566400,132,117,122
led-2,566500,133,118,123
led-2,566600,133,118,123
led-2,566700,132,117,122
led-2,566800,131,117,122
led-2,566900,131,117,121
led-2,567000,131,117,122
led-2,567100,132,118,123
led-2,567200,133,118,124
led-2,567300,134,120,124
led-2,567400,135,120,124
led-2,567500,135,120,125
led-2,567600,135,120,125
led-2,567700,135,120,125
led-2,567800,136,120,124
led-2,567900,137,120,124
led-2,568000,135,118,122
led-2,568100,134,117,121
led-2,568200,134,117,121
led-2,568300,133,116,120
led-2,568400,133,116,120
led-2,568500,131,114,118
led-2,568600,130,113,117
led-2,568700,129,112,116
led-2,568800,129,110,114
led-2,568900,128,109,113
led-2,569000,127,108,112
led-2,569100,126,107,110
led-2,569200,126,106,109
led-2,569300,126,105,107
led-2,569400,125,104,106
led-2,569500,124,103,105
led-2,569600,123,103,103
led-2,569700,123,102,102
led-2,569800,123,100,101
led-2,569900,122,100,100
led-2,570000,121,99,99
led-2,570100,121,98,98
led-2,570200,121,98,98
led-2,570300,122,98,97
led-2,570400,122,97,97
led-2,570500,122,97,96
led-2,570600,122,97,96
led-2,570700,121,97,94
led-2,570800,121,97,94
led-2,570900,121,97,94
led-2,571000,122,96,93
led-2,571100,123,96,93
led-2,571200,123,96,92
led-2,571300,123,97,92
led-2,571400,124,97,92
led-2,571500,124,97,92
led-2,571600,124,98,92
led-2,571700,124,98,92
led-2,571800,126,99,93
led-2,571900,127,99,92
led-2,572000,128,100,92
led-2,572100,128,100,92
led-2,572200,128,100,93
led-2,572300,130,101,92
led-2,572400,131,101,93
led-2,572500,143,117,107
led-2,572600,160,139,132
led-2,572700,164,145,141
led-2,572800,141,114,106
led-2,572900,145,119,108
led-2,573000,173,156,149
led-2,573100,171,158,152
led-2,573200,153,133,122
led-2,573300,137,106,92
led-2,573400,138,106,93
led-2,573500,150,122,107
led-2,573600,166,146,136
led-2,573700,168,154,146
led-2,573800,144,119,105
led-2,573900,145,114,96
led-2,574000,162,139,126
led-2,574100,162,141,129
led-2,574200,150,124,107
led-2,574300,144,112,91
led-2,574400,145,112,91
led-2,574500,145,112,90
led-2,574600,145,113,90
led-2,574700,146,113,90
led-2,574800,148,114,90
led-2,574900,148,114,90
led-2,575000,149,115,90
led-2,575100,150,115,90
led-2,575200,150,116,89
led-2,575300,152,116,89
led-2,575400,153,116,89
led-2,575500,154,117,89
led-2,575600,154,118,88
led-2,575700,155,118,88
led-2,575800,156,119,88
led-2,575900,158,119,89
led-2,576000,158,120,88
led-2,576100,158,120,88
led-2,576200,159,121,87
led-2,576300,159,122,87
led-2,576400,160,122,86
led-2,576500,168,129,94
led-2,576600,184,155,128
led-2,576700,199,180,163
led-2,576800,180,158,136
led-2,576900,168,135,102
led-2,577000,166,125,85
led-2,577100,167,126,86
led-2,577200,167,126,85
led-2,577300,168,127,85
led-2,577400,169,127,84
led-2,577500,169,128,84
led-2,577600,169,129,83
led-2,577700,171,129,84
led-2,577800,172,130,84
led-2,577900,173,130,84
led-2,578000,173,131,84
led-2,578100,174,132,84
led-2,578200,174,132,83
led-2,578300,176,133,83
led-2,578400,176,133,84
led-2,578500,177,132,83
led-2,578600,177,132,83
led-2,578700,178,133,83
led-2,578800,177,133,83
led-2,578900,177,133,83
led-2,579000,177,133,83
led-2,579100,177,133,83
led-2,579200,177,133,83
led-2,579300,177,133,83
led-2,579400,177,133,83
led-2,579500,177,133,83
led-2,579600,177,133,83
led-2,579700,182,136,82
led-2,579800,219,161,75
led-2,579900,203,143,54
led-2,580000,0,0,0
led-2,580100,0,0,0
led-2,580200,0,0,0
led-2,580300,0,0,0
led-2,580400,0,0,0
led-2,580500,0,0,0
led-2,580600,0,0,0
led-2,580700,0,0,0
led-2,580800,0,0,0
led-2,580900,0,0,0
led-2,581000,142,224,255
led-2,581100,142,224,255
led-2,581200,142,224,255
led-2,581300,142,224,255
led-2,581400,142,224,255
led-2,581500,142,224,255
led-2,581600,142,224,255
led-2,581700,142,224,255
led-2,581800,142,224,255
led-2,581900,142,224,255
led-2,582000,142,224,255
led-2,582100,142,224,255
led-2,582200,142,224,255
led-2,582300,142,224,255
led-2,582400,142,224,255
led-2,582500,142,224,255
led-2,582600,142,224,255
led-2,582700,142,224,255
led-2,582800,142,224,255
led-2,582900,142,224,255
led-2,583000,143,223,255
led-2,583100,193,187,170
led-2,583200,128,98,122
led-2,583300,100,83,103
led-2,583400,147,115,142
led-2,583500,152,115,154
led-2,583600,88,77,92
led-2,583700,140,219,255
led-2,583800,143,224,255
led-2,583900,143,224,255
led-2,584000,142,224,255
led-2,584100,142,224,255
led-2,584200,142,224,255
led-2,584300,142,224,255
led-2,584400,142,224,255
led-2,584500,142,224,255
led-2,584600,142,224,255
led-2,584700,142,224,255
led-2,584800,142,224,255
led-2,584900,142,224,255
led-2,585000,142,224,255
led-2,585100,142,224,255
led-2,585200,142,224,255
led-2,585300,142,224,255
led-2,585400,142,224,255
led-2,585500,142,224,255
led-2,585600,142,224,255
led-2,585700,142,224,255
led-2,585800,142,224,255
led-2,585900,142,224,255
led-2,586000,142,224,255
led-2,586100,142,224,255
led-2,586200,142,224,255
led-2,586300,142,224,255
led-2,586400,142,224,255
led-2,586500,142,224,255
led-2,586600,142,224,255
led-2,586700,142,224,255
led-2,586800,142,224,255
led-2,586900,142,224,255
led-2,587000,142,224,255
led-2,587100,142,224,255
led-2,587200,142,224,255
led-2,587300,142,224,255
led-2,587400,142,224,255
led-2,587500,142,224,255
led-2,587600,142,224,255
led-2,587700,142,224,255
led-2,587800,142,224,255
led-2,587900,142,224,255
led-2,588000,142,224,255
led-2,588100,142,224,255
led-2,588200,142,224,255
led-2,588300,142,224,255
led-2,588400,142,224,255
led-2,588500,142,224,255
led-2,588600,142,224,255
led-2,588700,142,224,255
led-2,588800,142,224,255
led-2,588900,142,224,255
led-2,589000,142,224,255
led-2,589100,142,224,255
led-2,589200,142,224,255
led-2,589300,142,224,255
led-2,589400,142,224,255
led-2,589500,142,224,255
led-2,589600,142,224,255
led-2,589700,142,224,255
led-2,589800,142,224,255
led-2,589900,142,224,255
led-2,590000,142,224,255
led-2,590100,142,224,255
led-2,590200,142,224,255
led-2,590300,142,224,255
led-2,590400,143,224,255
led-2,590500,139,211,251
led-2,590600,140,216,255
led-2,590700,154,191,230
led-2,590800,125,155,197
led-2,590900,132,158,198
led-2,591000,179,150,188
led-2,591100,105,122,164
led-2,591200,120,143,176
led-2,591300,156,144,182
led-2,591400,162,132,166
led-2,591500,111,132,163
led-2,591600,119,153,188
led-2,591700,173,132,161
led-2,591800,89,96,122
led-2,591900,104,122,151
led-2,592000,174,131,159
led-2,592100,76,67,107
led-2,592200,104,121,150
led-2,592300,168,144,176
led-2,592400,164,132,164
led-2,592500,104,121,150
led-2,592600,112,135,169
led-2,592700,173,131,160
led-2,592800,88,93,119
led-2,592900,104,122,153
led-2,593000,174,132,160
led-2,593100,76,68,110
led-2,593200,108,132,163
led-2,593300,177,149,182
led-2,593400,174,135,170
led-2,593500,111,138,170
led-2,593600,107,130,164
led-2,593700,182,132,161
led-2,593800,96,110,139
led-2,593900,111,144,179
led-2,594000,181,133,160
led-2,594100,91,72,104
led-2,594200,112,143,178
led-2,594300,171,166,198
led-2,594400,153,196,232
led-2,594500,146,210,248
led-2,594600,145,173,216
led-2,594700,94,107,154
led-2,594800,146,156,194
led-2,594900,141,145,182
led-2,595000,62,49,79
led-2,595100,128,156,195
led-2,595200,55,47,68
led-2,595300,67,59,77
led-2,595400,84,84,108
led-2,595500,114,155,187
led-2,595600,121,177,212
led-2,595700,59,50,59
led-2,595800,125,198,236
led-2,595900,59,47,59
led-2,596000,108,99,122
led-2,596100,167,141,177
led-2,596200,162,166,201
led-2,596300,120,96,122
led-2,596400,82,68,88
led-3,0,0,0,0
led-3,100,0,0,0
led-3,200,3,3,3
led-3,300,8,8,8
led-3,400,14,14,14
led-3,500,22,22,22
led-3,600,30,30,30
led-3,700,37,37,37
led-3,800,49,49,49
led-3,900,60,58,56
led-3,1000,74,73,71
led-3,1100,85,83,82
led-3,1200,96,94,92
led-3,1300,113,111,110
led-3,1400,126,124,122
led-3,1500,145,143,141
led-3,1600,159,155,154
led-3,1700,173,169,168
led-3,1800,194,190,188
led-3,1900,209,205,202
led-3,2000,233,228,225
led-3,2100,249,244,241
led-3,2200,249,244,241
led-3,2300,249,244,240
led-3,2400,249,244,240
led-3,2500,250,245,241
led-3,2600,249,245,241
led-3,2700,249,245,241
led-3,2800,250,246,240
led-3,2900,250,246,240
led-3,3000,250,246,240
led-3,3100,250,246,241
led-3,3200,250,246,241
led-3,3300,250,246,241
led-3,3400,250,246,241
led-3,3500,250,246,240
led-3,3600,249,245,240
led-3,3700,249,245,240
led-3,3800,249,245,240
led-3,3900,249,245,240
led-3,4000,250,245,240
led-3,4100,250,245,240
led-3,4200,250,245,240
led-3,4300,251,244,240
led-3,4400,251,242,240
led-3,4500,251,241,238
led-3,4600,251,240,237
led-3,4700,251,240,237
led-3,4800,251,240,237
led-3,4900,251,240,237
led-3,5000,251,240,237
led-3,5100,252,238,234
led-3,5200,255,235,232
led-3,5300,255,229,227
led-3,5400,255,227,226
led-3,5500,255,226,225
led-3,5600,255,227,225
led-3,5700,255,228,224
led-3,5800,240,223,221
led-3,5900,221,217,214
led-3,6000,185,201,197
led-3,6100,163,191,184
led-3,6200,145,180,173
led-3,6300,129,169,160
led-3,6400,122,164,155
led-3,6500,116,155,147
led-3,6600,115,152,144
led-3,6700,113,149,141
led-3,6800,113,143,138
led-3,6900,114,143,138
led-3,7000,114,143,139
led-3,7100,115,145,141
led-3,7200,116,145,140
led-3,7300,119,152,142
led-3,7400,120,152,142
led-3,7500,120,149,138
led-3,7600,120,145,135
led-3,7700,119,139,130
led-3,7800,118,134,127
led-3,7900,120,138,130
led-3,8000,121,140,132
led-3,8100,122,142,134
led-3,8200,123,142,135
led-3,8300,125,147,143
led-3,8400,125,149,146
led-3,8500,122,146,145
led-3,8600,120,145,143
led-3,8700,119,140,140
led-3,8800,119,133,132
led-3,8900,119,128,128
led-3,9000,117,125,125
led-3,9100,116,127,126
led-3,9200,119,132,132
led-3,9300,120,138,140
led-3,9400,120,140,142
led-3,9500,118,141,143
led-3,9600,118,142,144
led-3,9700,118,142,145
led-3,9800,120,146,149
led-3,9900,119,148,151
led-3,10000,121,149,151
led-3,10100,120,147,150
led-3,10200,120,145,149
led-3,10300,117,142,146
led-3,10400,116,140,145
led-3,10500,115,140,144
led-3,10600,115,140,144
led-3,10700,117,141,146
led-3,10800,118,145,148
led-3,10900,118,146,150
led-3,11000,120,148,153
led-3,11100,118,149,153
led-3,11200,119,150,154
led-3,11300,120,152,154
led-3,11400,119,153,155
led-3,11500,121,154,155
led-3,11600,121,154,155
led-3,11700,122,154,156
led-3,11800,121,154,155
led-3,11900,231,193,207
led-3,12000,239,201,218
led-3,12100,240,199,219
led-3,12200,234,195,214
led-3,12300,236,200,209
led-3,12400,243,211,216
led-3,12500,244,216,220
led-3,12600,241,210,217
led-3,12700,238,203,215
led-3,12800,233,192,209
led-3,12900,229,188,207
led-3,13000,227,185,207
led-3,13100,222,180,200
led-3,13200,220,179,196
led-3,13300,232,191,209
led-3,13400,231,193,207
led-3,13500,233,194,209
led-3,13600,235,198,211
led-3,13700,234,198,209
led-3,13800,232,195,206
led-3,13900,238,204,211
led-3,14000,241,212,220
led-3,14100,240,206,221
led-3,14200,238,201,215
led-3,14300,236,198,212
led-3,14400,235,196,210
led-3,14500,237,196,215
led-3,14600,238,204,219
led-3,14700,243,213,225
led-3,14800,244,217,226
led-3,14900,240,211,220
led-3,15000,235,203,210
led-3,15100,227,195,200
led-3,15200,236,209,206
led-3,15300,250,237,228
led-3,15400,247,236,224
led-3,15500,245,234,219
led-3,15600,251,237,227
led-3,15700,245,224,218
led-3,15800,182,187,242
led-3,15900,182,187,242
led-3,16000,182,187,242
led-3,16100,182,187,242
led-3,16200,182,187,242
led-3,16300,182,187,242
led-3,16400,182,187,242
led-3,16500,182,187,242
led-3,16600,182,187,242
led-3,16700,182,187,242
led-3,16800,182,187,242
led-3,16900,182,187,242
led-3,17000,182,186,242
led-3,17100,182,186,242
led-3,17200,182,186,242
led-3,17300,182,187,242
led-3,17400,182,187,242
led-3,17500,182,186,242
led-3,17600,131,110,140
led-3,17700,151,118,135
led-3,17800,150,115,140
led-3,17900,139,109,135
led-3,18000,161,159,209
led-3,18100,182,187,242
led-3,18200,182,187,242
led-3,18300,182,187,242
led-3,18400,182,187,242
led-3,18500,182,187,242
led-3,18600,182,187,242
led-3,18700,182,187,242
led-3,18800,182,187,242
led-3,18900,182,187,242
led-3,19000,182,187,242
led-3,19100,182,187,242
led-3,19200,182,187,242
led-3,19300,182,187,242
led-3,19400,182,187,242
led-3,19500,182,187,242
led-3,19600,182,187,242
led-3,19700,182,187,242
led-3,19800,182,187,242
led-3,19900,182,187,242
led-3,20000,163,158,224
led-3,20100,182,187,242
led-3,20200,182,187,242
led-3,20300,167,162,217
led-3,20400,182,187,242
led-3,20500,190,152,183
led-3,20600,199,143,136
led-3,20700,168,151,154
led-3,20800,182,187,242
led-3,20900,182,187,242
led-3,21000,182,187,242
led-3,21100,182,187,242
led-3,21200,182,187,242
led-3,21300,182,187,242
led-3,21400,182,187,242
led-3,21500,182,187,242
led-3,21600,182,187,242
led-3,21700,182,187,242
led-3,21800,182,187,242
led-3,21900,182,187,242
led-3,22000,182,187,242
led-3,22100,182,187,242
led-3,22200,182,187,242
led-3,22300,182,187,242
led-3,22400,182,187,242
led-3,22500,182,187,242
led-3,22600,182,187,242
led-3,22700,182,187,242
led-3,22800,182,187,242
led-3,22900,182,187,242
led-3,23000,182,187,242
led-3,23100,62,88,74
led-3,23200,62,88,73
led-3,23300,64,87,74
led-3,23400,62,88,74
led-3,23500,62,88,74
led-3,23600,63,88,74
led-3,23700,63,88,75
led-3,23800,63,87,75
led-3,23900,64,87,74
led-3,24000,64,87,76
led-3,24100,63,86,76
led-3,24200,64,86,76
led-3,24300,64,86,75
led-3,24400,64,85,75
led-3,24500,64,85,75
led-3,24600,65,85,75
led-3,24700,65,85,75
led-3,24800,67,86,76
led-3,24900,68,87,78
led-3,25000,71,88,80
led-3,25100,74,91,82
led-3,25200,76,92,84
led-3,25300,79,95,88
led-3,25400,82,98,91
led-3,25500,87,103,95
led-3,25600,89,103,96
led-3,25700,92,105,98
led-3,25800,96,107,101
led-3,25900,98,109,103
led-3,26000,99,109,103
led-3,26100,100,111,104
led-3,26200,101,111,105
led-3,26300,102,112,107
led-3,26400,102,112,107
led-3,26500,102,112,107
led-3,26600,102,112,106
led-3,26700,103,112,107
led-3,26800,102,111,106
led-3,26900,102,111,106
led-3,27000,102,110,105
led-3,27100,102,110,105
led-3,27200,102,110,105
led-3,27300,103,109,105
led-3,27400,103,109,104
led-3,27500,103,109,105
led-3,27600,103,109,104
led-3,27700,102,109,104
led-3,27800,102,108,104
led-3,27900,102,108,103
led-3,28000,102,108,103
led-3,28100,103,107,102
led-3,28200,103,107,102
led-3,28300,102,107,102
led-3,28400,102,108,102
led-3,28500,102,108,103
led-3,28600,102,107,102
led-3,28700,101,106,101
led-3,28800,101,105,100
led-3,28900,100,104,99
led-3,29000,96,101,96
led-3,29100,94,99,94
led-3,29200,91,98,92
led-3,29300,89,96,90
led-3,29400,86,93,88
led-3,29500,83,91,85
led-3,29600,82,89,83
led-3,29700,81,86,81
led-3,29800,77,84,78
led-3,29900,76,82,77
led-3,30000,71,80,73
led-3,30100,70,79,72
led-3,30200,69,78,71
led-3,30300,69,77,70
led-3,30400,68,77,70
led-3,30500,69,76,70
led-3,30600,68,76,70
led-3,30700,68,76,69
led-3,30800,67,76,69
led-3,30900,67,76,69
led-3,31000,66,75,68
led-3,31100,66,75,69
led-3,31200,67,75,69
led-3,31300,65,76,68
led-3,31400,62,75,67
led-3,31500,60,74,66
led-3,31600,59,73,65
led-3,31700,58,72,64
led-3,31800,56,70,62
led-3,31900,54,69,59
led-3,32000,52,68,57
led-3,32100,52,68,57
led-3,32200,51,67,57
led-3,32300,49,65,55
led-3,32400,47,65,54
led-3,32500,45,63,52
led-3,32600,44,61,50
led-3,32700,44,62,51
led-3,32800,42,59,48
led-3,32900,41,59,48
led-3,33000,39,57,45
led-3,33100,38,57,44
led-3,33200,37,57,43
led-3,33300,36,55,42
led-3,33400,34,54,41
led-3,33500,33,54,39
led-3,33600,33,53,38
led-3,33700,32,52,37
led-3,33800,31,51,37
led-3,33900,31,51,37
led-3,34000,31,51,36
led-3,34100,31,51,36
led-3,34200,31,51,36
led-3,34300,31,51,36
led-3,34400,31,51,37
led-3,34500,31,51,37
led-3,34600,31,51,37
led-3,34700,31,51,37
led-3,34800,31,51,37
led-3,34900,31,51,36
led-3,35000,31,51,36
led-3,35100,31,51,36
led-3,35200,31,50,36
led-3,35300,31,50,35
led-3,35400,31,50,36
led-3,35500,30,50,36
led-3,35600,30,50,36
led-3,35700,31,49,36
led-3,35800,30,49,35
led-3,35900,30,48,35
led-3,36000,29,48,34
led-3,36100,29,47,35
led-3,36200,28,48,35
led-3,36300,28,47,34
led-3,36400,28,47,34
led-3,36500,28,46,34
led-3,36600,28,46,34
led-3,36700,27,45,34
led-3,36800,27,45,34
led-3,36900,27,45,34
led-3,37000,26,44,33
led-3,37100,26,43,33
led-3,37200,26,43,33
led-3,37300,26,43,33
led-3,37400,25,43,33
led-3,37500,24,42,32
led-3,37600,24,42,32
led-3,37700,23,42,32
led-3,37800,23,42,32
led-3,37900,23,41,31
led-3,38000,22,40,31
led-3,38100,21,40,31
led-3,38200,21,40,31
led-3,38300,21,39,31
led-3,38400,21,39,31
led-3,38500,21,39,31
led-3,38600,21,39,31
led-3,38700,21,39,31
led-3,38800,20,39,31
led-3,38900,21,38,32
led-3,39000,20,38,30
led-3,39100,19,37,30
led-3,39200,20,37,30
led-3,39300,19,36,30
led-3,39400,19,36,30
led-3,39500,19,35,29
led-3,39600,18,35,29
led-3,39700,18,35,30
led-3,39800,18,35,30
led-3,39900,18,35,29
led-3,40000,17,35,28
led-3,40100,17,35,28
led-3,40200,17,35,29
led-3,40300,17,35,28
led-3,40400,17,34,29
led-3,40500,16,34,30
led-3,40600,16,34,29
led-3,40700,16,33,29
led-3,40800,16,33,30
led-3,40900,15,34,30
led-3,41000,15,34,28
led-3,41100,15,34,28
led-3,41200,16,33,28
led-3,41300,15,33,28
led-3,41400,15,33,29
led-3,41500,16,33,28
led-3,41600,16,33,28
led-3,41700,16,33,28
led-3,41800,15,33,28
led-3,41900,15,32,27
led-3,42000,15,32,27
led-3,42100,15,32,28
led-3,42200,15,32,28
led-3,42300,14,32,28
led-3,42400,14,32,28
led-3,42500,14,31,27
led-3,42600,14,31,27
led-3,42700,14,31,28
led-3,42800,14,31,28
led-3,42900,14,31,28
led-3,43000,15,31,28
led-3,43100,16,30,28
led-3,43200,15,31,28
led-3,43300,14,31,28
led-3,43400,14,31,28
led-3,43500,14,31,28
led-3,43600,15,31,27
led-3,43700,15,31,27
led-3,43800,14,31,29
led-3,43900,14,31,27
led-3,44000,13,30,26
led-3,44100,13,30,26
led-3,44200,15,30,27
led-3,44300,14,30,26
led-3,44400,14,30,27
led-3,44500,14,30,28
led-3,44600,14,30,29
led-3,44700,15,31,28
led-3,44800,15,31,29
led-3,44900,15,31,28
led-3,45000,16,31,27
led-3,45100,15,31,27
led-3,45200,16,32,28
led-3,45300,17,32,29
led-3,45400,17,33,28
led-3,45500,17,34,29
led-3,45600,17,34,29
led-3,45700,18,35,29
led-3,45800,18,35,30
led-3,45900,19,36,30
led-3,46000,19,36,29
led-3,46100,19,36,29
led-3,46200,20,37,30
led-3,46300,21,38,31
led-3,46400,21,38,31
led-3,46500,22,39,32
led-3,46600,22,39,32
led-3,46700,22,39,31
led-3,46800,22,39,32
led-3,46900,22,39,32
led-3,47000,22,39,31
led-3,47100,22,39,32
led-3,47200,22,39,32
led-3,47300,22,39,32
led-3,47400,22,39,32
led-3,47500,22,39,33
led-3,47600,22,39,33
led-3,47700,22,39,33
led-3,47800,37,54,78
led-3,47900,37,54,78
led-3,48000,37,54,78
led-3,48100,37,54,78
led-3,48200,38,54,78
led-3,48300,37,55,78
led-3,48400,37,54,78
led-3,48500,38,54,79
led-3,48600,37,54,78
led-3,48700,38,54,78
led-3,48800,38,55,78
led-3,48900,38,55,78
led-3,49000,38,54,77
led-3,49100,38,55,77
led-3,49200,38,55,77
led-3,49300,40,56,78
led-3,49400,40,56,78
led-3,49500,40,57,78
led-3,49600,41,57,79
led-3,49700,41,57,79
led-3,49800,42,57,79
led-3,49900,42,57,79
led-3,50000,42,57,78
led-3,50100,41,57,79
led-3,50200,42,57,79
led-3,50300,42,58,79
led-3,50400,41,58,79
led-3,50500,43,58,79
led-3,50600,42,58,79
led-3,50700,42,58,79
led-3,50800,43,58,79
led-3,50900,43,58,79
led-3,51000,43,59,78
led-3,51100,43,59,78
led-3,51200,42,58,78
led-3,51300,42,58,78
led-3,51400,43,58,78
led-3,51500,43,58,78
led-3,51600,43,58,78
led-3,51700,43,58,78
led-3,51800,42,58,78
led-3,51900,42,58,78
led-3,52000,42,58,78
led-3,52100,42,58,78
led-3,52200,42,58,78
led-3,52300,42,58,78
led-3,52400,42,58,78
led-3,52500,42,58,79
led-3,52600,42,58,79
led-3,52700,42,58,79
led-3,52800,42,58,79
led-3,52900,42,58,79
led-3,53000,42,58,79
led-3,53100,42,58,79
led-3,53200,42,58,79
led-3,53300,42,58,79
led-3,53400,42,58,79
led-3,53500,42,58,80
led-3,53600,43,58,80
led-3,53700,43,58,80
led-3,53800,43,58,80
led-3,53900,43,58,80
led-3,54000,42,58,79
led-3,54100,42,58,79
led-3,54200,42,58,79
led-3,54300,42,58,79
led-3,54400,42,58,79
led-3,54500,42,58,79
led-3,54600,42,58,79
led-3,54700,42,58,79
led-3,54800,42,58,79
led-3,54900,42,58,79
led-3,55000,42,57,79
led-3,55100,68,76,97
led-3,55200,204,200,198
led-3,55300,224,217,198
led-3,55400,211,202,194
led-3,55500,229,220,201
led-3,55600,196,190,176
led-3,55700,79,83,97
led-3,55800,44,58,79
led-3,55900,43,58,79
led-3,56000,42,58,79
led-3,56100,180,193,234
led-3,56200,180,193,234
led-3,56300,180,193,234
led-3,56400,180,193,234
led-3,56500,180,193,234
led-3,56600,180,193,234
led-3,56700,180,193,234
led-3,56800,180,193,234
led-3,56900,180,193,234
led-3,57000,180,193,234
led-3,57100,180,193,234
led-3,57200,180,193,234
led-3,57300,180,193,234
led-3,57400,180,193,234
led-3,57500,180,193,234
led-3,57600,180,193,234
led-3,57700,180,193,234
led-3,57800,180,193,234
led-3,57900,180,193,234
led-3,58000,180,193,234
led-3,58100,180,193,234
led-3,58200,180,193,234
led-3,58300,180,193,234
led-3,58400,180,193,234
led-3,58500,180,193,234
led-3,58600,180,193,234
led-3,58700,180,193,234
led-3,58800,180,193,234
led-3,58900,180,193,234
led-3,59000,180,193,234
led-3,59100,180,193,234
led-3,59200,180,193,234
led-3,59300,180,193,234
led-3,59400,180,193,234
led-3,59500,180,193,234
led-3,59600,180,193,234
led-3,59700,180,193,234
led-3,59800,180,193,234
led-3,59900,180,193,234
led-3,60000,180,193,234
led-3,60100,180,193,234
led-3,60200,180,193,234
led-3,60300,180,193,234
led-3,60400,180,193,234
led-3,60500,180,193,234
led-3,60600,180,193,234
led-3,60700,117,117,160
led-3,60800,115,115,158
led-3,60900,120,119,160
led-3,61000,142,141,175
led-3,61100,150,144,176
led-3,61200,144,132,163
led-3,61300,143,131,158
led-3,61400,147,134,161
led-3,61500,150,138,163
led-3,61600,152,139,165
led-3,61700,151,138,164
led-3,61800,155,143,166
led-3,61900,182,175,190
led-3,62000,168,158,180
led-3,62100,156,143,172
led-3,62200,169,161,184
led-3,62300,194,189,206
led-3,62400,193,192,208
led-3,62500,173,169,194
led-3,62600,152,149,181
led-3,62700,113,113,154
led-3,62800,149,152,188
led-3,62900,182,201,235
led-3,63000,190,223,255
led-3,63100,191,223,255
led-3,63200,191,223,255
led-3,63300,191,223,255
led-3,63400,191,223,255
led-3,63500,191,223,255
led-3,63600,191,223,255
led-3,63700,191,223,255
led-3,63800,124,151,186
led-3,63900,124,151,186
led-3,64000,124,151,186
led-3,64100,124,151,186
led-3,64200,124,151,186
led-3,64300,124,151,186
led-3,64400,124,151,186
led-3,64500,124,151,186
led-3,64600,124,151,185
led-3,64700,124,151,185
led-3,64800,124,151,185
led-3,64900,124,151,185
led-3,65000,125,151,185
led-3,65100,125,151,185
led-3,65200,125,152,186
led-3,65300,125,152,186
led-3,65400,126,152,186
led-3,65500,125,152,186
led-3,65600,125,152,186
led-3,65700,126,152,186
led-3,65800,125,153,186
led-3,65900,125,153,186
led-3,66000,126,152,186
led-3,66100,126,152,186
led-3,66200,126,152,186
led-3,66300,128,154,187
led-3,66400,154,174,194
led-3,66500,254,251,235
led-3,66600,198,193,186
led-3,66700,113,116,135
led-3,66800,177,166,149
led-3,66900,90,87,92
led-3,67000,153,145,137
led-3,67100,119,115,114
led-3,67200,61,68,82
led-3,67300,74,85,107
led-3,67400,99,115,140
led-3,67500,87,96,123
led-3,67600,68,79,99
led-3,67700,86,100,124
led-3,67800,96,106,128
led-3,67900,102,113,132
led-3,68000,116,122,134
led-3,68100,104,108,121
led-3,68200,86,89,102
led-3,68300,98,113,140
led-3,68400,108,121,146
led-3,68500,115,130,153
led-3,68600,112,132,157
led-3,68700,73,83,108
led-3,68800,70,75,96
led-3,68900,76,81,100
led-3,69000,80,87,106
led-3,69100,80,85,107
led-3,69200,79,87,109
led-3,69300,81,90,114
led-3,69400,80,92,116
led-3,69500,230,233,211
led-3,69600,230,234,211
led-3,69700,231,234,211
led-3,69800,231,234,212
led-3,69900,231,234,211
led-3,70000,231,233,212
led-3,70100,231,233,212
led-3,70200,231,234,211
led-3,70300,231,234,211
led-3,70400,231,234,211
led-3,70500,231,234,211
led-3,70600,231,233,211
led-3,70700,231,233,211
led-3,70800,230,233,211
led-3,70900,230,233,211
led-3,71000,230,233,210
led-3,71100,230,233,210
led-3,71200,230,233,210
led-3,71300,109,150,96
led-3,71400,109,150,96
led-3,71500,109,150,96
led-3,71600,109,150,96
led-3,71700,109,150,96
led-3,71800,109,150,96
led-3,71900,109,150,96
led-3,72000,109,150,96
led-3,72100,109,150,96
led-3,72200,109,150,96
led-3,72300,109,150,95
led-3,72400,109,150,96
led-3,72500,109,151,95
led-3,72600,109,150,96
led-3,72700,109,150,96
led-3,72800,109,150,96
led-3,72900,109,150,96
led-3,73000,109,150,96
led-3,73100,109,150,96
led-3,73200,109,151,96
led-3,73300,109,151,96
led-3,73400,109,151,96
led-3,73500,82,87,104
led-3,73600,83,87,103
led-3,73700,84,87,101
led-3,73800,84,88,103
led-3,73900,83,90,112
led-3,74000,85,93,117
led-3,74100,87,95,117
led-3,74200,93,100,119
led-3,74300,105,108,124
led-3,74400,111,113,126
led-3,74500,113,114,124
led-3,74600,108,109,121
led-3,74700,97,100,113
led-3,74800,89,95,113
led-3,74900,89,96,118
led-3,75000,79,86,109
led-3,75100,73,79,101
led-3,75200,71,78,99
led-3,75300,71,78,100
led-3,75400,71,79,101
led-3,75500,72,80,100
led-3,75600,161,171,200
led-3,75700,161,171,200
led-3,75800,161,171,201
led-3,75900,161,171,201
led-3,76000,161,172,201
led-3,76100,161,172,201
led-3,76200,161,172,201
led-3,76300,161,172,202
led-3,76400,161,171,201
led-3,76500,162,171,201
led-3,76600,161,171,201
led-3,76700,160,171,201
led-3,76800,160,172,203
led-3,76900,160,173,205
led-3,77000,160,173,204
led-3,77100,160,173,203
led-3,77200,159,172,204
led-3,77300,159,172,204
led-3,77400,158,171,204
led-3,77500,157,171,203
led-3,77600,158,170,202
led-3,77700,162,173,202
led-3,77800,216,213,214
led-3,77900,247,240,224
led-3,78000,250,236,218
led-3,78100,242,226,212
led-3,78200,228,211,203
led-3,78300,206,190,191
led-3,78400,206,189,190
led-3,78500,208,189,192
led-3,78600,225,188,208
led-3,78700,219,163,220
led-3,78800,212,165,216
led-3,78900,224,150,218
led-3,79000,194,100,188
led-3,79100,109,53,116
led-3,79200,93,84,108
led-3,79300,131,108,113
led-3,79400,236,183,247
led-3,79500,162,161,135
led-3,79600,151,158,121
led-3,79700,127,119,106
led-3,79800,102,122,78
led-3,79900,106,138,77
led-3,80000,202,234,255
led-3,80100,203,235,255
led-3,80200,203,235,255
led-3,80300,206,235,255
led-3,80400,207,235,255
led-3,80500,208,236,255
led-3,80600,208,236,255
led-3,80700,209,236,255
led-3,80800,211,237,255
led-3,80900,212,237,255
led-3,81000,213,238,255
led-3,81100,214,238,255
led-3,81200,215,238,255
led-3,81300,215,239,255
led-3,81400,216,239,255
led-3,81500,216,239,255
led-3,81600,217,239,255
led-3,81700,217,239,255
led-3,81800,218,239,255
led-3,81900,219,239,255
led-3,82000,219,239,255
led-3,82100,219,239,255
led-3,82200,219,239,255
led-3,82300,219,239,255
led-3,82400,219,239,255
led-3,82500,220,239,255
led-3,82600,220,239,255
led-3,82700,220,239,255
led-3,82800,220,239,255
led-3,82900,221,239,255
led-3,83000,221,239,255
led-3,83100,221,240,255
led-3,83200,221,239,255
led-3,83300,221,239,255
led-3,83400,221,239,255
led-3,83500,221,239,255
led-3,83600,221,239,255
led-3,83700,230,158,189
led-3,83800,221,239,255
led-3,83900,221,239,255
led-3,84000,220,240,255
led-3,84100,220,240,255
led-3,84200,220,240,255
led-3,84300,220,240,255
led-3,84400,221,240,255
led-3,84500,221,240,255
led-3,84600,221,240,255
led-3,84700,221,240,255
led-3,84800,221,240,255
led-3,84900,221,240,255
led-3,85000,220,240,255
led-3,85100,220,240,255
led-3,85200,220,240,255
led-3,85300,220,240,255
led-3,85400,220,240,255
led-3,85500,220,240,255
led-3,85600,221,240,255
led-3,85700,221,240,255
led-3,85800,221,240,255
led-3,85900,221,240,255
led-3,86000,220,240,255
led-3,86100,220,240,255
led-3,86200,220,240,255
led-3,86300,221,240,255
led-3,86400,221,240,255
led-3,86500,221,240,255
led-3,86600,221,240,255
led-3,86700,221,240,255
led-3,86800,221,240,255
led-3,86900,221,240,255
led-3,87000,221,240,255
led-3,87100,221,240,255
led-3,87200,221,240,255
led-3,87300,221,240,255
led-3,87400,221,240,255
led-3,87500,221,240,255
led-3,87600,221,240,255
led-3,87700,221,240,255
led-3,87800,221,239,255
led-3,87900,221,239,255
led-3,88000,221,240,255
led-3,88100,221,240,255
led-3,88200,221,240,255
led-3,88300,221,240,255
led-3,88400,221,240,255
led-3,88500,221,240,255
led-3,88600,221,240,255
led-3,88700,221,240,255
led-3,88800,221,240,255
led-3,88900,221,240,255
led-3,89000,220,240,255
led-3,89100,220,240,255
led-3,89200,220,240,255
led-3,89300,220,240,255
led-3,89400,221,240,255
led-3,89500,221,239,255
led-3,89600,221,239,255
led-3,89700,221,239,255
led-3,89800,65,91,49
led-3,89900,65,91,49
led-3,90000,65,91,50
led-3,90100,65,91,50
led-3,90200,65,90,50
led-3,90300,65,91,51
led-3,90400,65,91,50
led-3,90500,65,91,50
led-3,90600,64,91,51
led-3,90700,64,90,51
led-3,90800,64,90,51
led-3,90900,64,91,51
led-3,91000,65,91,51
led-3,91100,65,91,51
led-3,91200,65,91,51
led-3,91300,66,91,52
led-3,91400,66,91,51
led-3,91500,220,240,255
led-3,91600,220,240,255
led-3,91700,220,240,255
led-3,91800,220,240,255
led-3,91900,220,240,255
led-3,92000,220,240,255
led-3,92100,220,240,255
led-3,92200,220,240,255
led-3,92300,220,240,255
led-3,92400,220,240,255
led-3,92500,221,240,255
led-3,92600,221,240,255
led-3,92700,221,240,255
led-3,92800,221,240,255
led-3,92900,221,240,255
led-3,93000,221,240,255
led-3,93100,221,240,255
led-3,93200,220,240,255
led-3,93300,220,240,255
led-3,93400,220,240,255
led-3,93500,220,240,255
led-3,93600,220,240,255
led-3,93700,220,240,255
led-3,93800,221,240,255
led-3,93900,221,240,255
led-3,94000,221,240,255
led-3,94100,221,240,255
led-3,94200,221,240,255
led-3,94300,221,240,255
led-3,94400,221,240,255
led-3,94500,221,240,255
led-3,94600,221,240,255
led-3,94700,221,240,255
led-3,94800,221,240,255
led-3,94900,221,240,255
led-3,95000,221,240,255
led-3,95100,221,240,255
led-3,95200,221,240,255
led-3,95300,221,240,255
led-3,95400,221,240,255
led-3,95500,221,240,255
led-3,95600,221,240,255
led-3,95700,220,240,255
led-3,95800,220,240,255
led-3,95900,220,240,255
led-3,96000,220,240,255
led-3,96100,220,240,255
led-3,96200,220,240,255
led-3,96300,221,240,255
led-3,96400,221,240,255
led-3,96500,221,240,255
led-3,96600,221,240,255
led-3,96700,221,240,255
led-3,96800,221,240,255
led-3,96900,221,240,255
led-3,97000,221,239,255
led-3,97100,221,239,255
led-3,97200,221,239,255
led-3,97300,221,239,255
led-3,97400,221,239,255
led-3,97500,222,239,255
led-3,97600,222,239,255
led-3,97700,222,239,255
led-3,97800,222,239,255
led-3,97900,222,239,255
led-3,98000,221,240,255
led-3,98100,221,240,255
led-3,98200,221,240,255
led-3,98300,221,240,255
led-3,98400,221,240,255
led-3,98500,220,240,255
led-3,98600,220,240,255
led-3,98700,220,240,255
led-3,98800,221,240,255
led-3,98900,221,240,255
led-3,99000,221,240,255
led-3,99100,221,240,255
led-3,99200,221,240,255
led-3,99300,221,240,255
led-3,99400,221,240,255
led-3,99500,221,240,255
led-3,99600,221,240,255
led-3,99700,221,240,255
led-3,99800,117,140,93
led-3,99900,117,140,93
led-3,100000,116,141,93
led-3,100100,116,140,93
led-3,100200,116,140,93
led-3,100300,116,141,93
led-3,100400,116,141,93
led-3,100500,117,141,93
led-3,100600,117,142,92
led-3,100700,116,143,92
led-3,100800,117,144,93
led-3,100900,117,144,94
led-3,101000,118,145,94
led-3,101100,118,145,94
led-3,101200,118,145,94
led-3,101300,118,146,93
led-3,101400,118,146,93
led-3,101500,119,146,93
led-3,101600,119,146,93
led-3,101700,119,146,93
led-3,101800,119,146,93
led-3,101900,119,146,93
led-3,102000,120,147,93
led-3,102100,120,147,94
led-3,102200,120,147,94
led-3,102300,120,147,94
led-3,102400,120,147,94
led-3,102500,120,147,94
led-3,102600,120,147,95
led-3,102700,120,147,95
led-3,102800,120,148,94
led-3,102900,120,148,94
led-3,103000,121,148,95
led-3,103100,121,148,94
led-3,103200,122,148,94
led-3,103300,122,148,94
led-3,103400,122,148,94
led-3,103500,122,148,94
led-3,103600,122,148,94
led-3,103700,122,148,94
led-3,103800,122,148,94
led-3,103900,122,148,94
led-3,104000,251,222,218
led-3,104100,253,227,222
led-3,104200,225,214,203
led-3,104300,179,159,162
led-3,104400,191,166,172
led-3,104500,172,147,149
led-3,104600,143,116,114
led-3,104700,135,106,104
led-3,104800,158,128,127
led-3,104900,235,205,202
led-3,105000,250,220,216
led-3,105100,247,218,214
led-3,105200,208,178,179
led-3,105300,250,220,216
led-3,105400,250,220,216
led-3,105500,250,220,216
led-3,105600,250,220,216
led-3,105700,249,236,222
led-3,105800,251,221,217
led-3,105900,250,220,217
led-3,106000,250,221,217
led-3,106100,244,217,217
led-3,106200,203,193,217
led-3,106300,249,220,216
led-3,106400,249,220,216
led-3,106500,249,220,216
led-3,106600,249,220,216
led-3,106700,250,220,216
led-3,106800,214,153,221
led-3,106900,250,220,216
led-3,107000,186,141,192
led-3,107100,250,220,216
led-3,107200,245,212,213
led-3,107300,250,220,216
led-3,107400,250,220,216
led-3,107500,250,220,216
led-3,107600,250,220,216
led-3,107700,250,220,216
led-3,107800,249,220,216
led-3,107900,249,220,216
led-3,108000,250,220,216
led-3,108100,250,220,217
led-3,108200,250,220,216
led-3,108300,250,220,216
led-3,108400,250,220,216
led-3,108500,249,220,216
led-3,108600,250,220,216
led-3,108700,250,220,216
led-3,108800,250,220,216
led-3,108900,250,220,216
led-3,109000,250,220,216
led-3,109100,250,220,216
led-3,109200,250,220,216
led-3,109300,250,220,216
led-3,109400,250,220,217
led-3,109500,250,220,216
led-3,109600,250,220,216
led-3,109700,250,220,216
led-3,109800,250,220,217
led-3,109900,250,220,217
led-3,110000,250,220,216
led-3,110100,250,220,216
led-3,110200,250,220,216
led-3,110300,250,220,216
led-3,110400,250,220,216
led-3,110500,250,220,216
led-3,110600,250,220,216
led-3,110700,250,220,216
led-3,110800,250,220,216
led-3,110900,250,220,216
led-3,111000,250,220,216
led-3,111100,250,220,216
led-3,111200,250,220,216
led-3,111300,250,220,216
led-3,111400,250,220,216
led-3,111500,250,220,216
led-3,111600,250,220,216
led-3,111700,250,220,216
led-3,111800,250,220,216
led-3,111900,250,220,216
led-3,112000,250,220,216
led-3,112100,250,220,216
led-3,112200,250,220,216
led-3,112300,250,220,216
led-3,112400,250,220,216
led-3,112500,250,220,216
led-3,112600,250,220,216
led-3,112700,243,221,215
led-3,112800,171,146,135
led-3,112900,231,207,188
led-3,113000,237,217,200
led-3,113100,207,197,188
led-3,113200,199,197,189
led-3,113300,229,212,199
led-3,113400,234,229,222
led-3,113500,197,197,197
led-3,113600,181,180,181
led-3,113700,182,176,176
led-3,113800,241,220,214
led-3,113900,243,221,216
led-3,114000,243,221,215
led-3,114100,243,221,215
led-3,114200,243,221,215
led-3,114300,243,221,215
led-3,114400,244,221,216
led-3,114500,244,221,216
led-3,114600,244,221,216
led-3,114700,244,221,216
led-3,114800,244,221,216
led-3,114900,244,221,216
led-3,115000,244,221,215
led-3,115100,244,221,215
led-3,115200,244,221,216
led-3,115300,244,221,216
led-3,115400,244,221,216
led-3,115500,244,221,216
led-3,115600,244,221,216
led-3,115700,244,221,216
led-3,115800,244,221,216
led-3,115900,244,221,216
led-3,116000,244,221,216
led-3,116100,244,221,216
led-3,116200,244,221,216
led-3,116300,244,221,215
led-3,116400,244,221,215
led-3,116500,244,221,215
led-3,116600,244,221,215
led-3,116700,244,221,215
led-3,116800,244,221,215
led-3,116900,244,221,214
led-3,117000,244,221,216
led-3,117100,244,221,216
led-3,117200,244,221,216
led-3,117300,244,221,216
led-3,117400,244,221,217
led-3,117500,244,221,217
led-3,117600,244,221,217
led-3,117700,244,221,217
led-3,117800,244,221,216
led-3,117900,244,221,216
led-3,118000,115,163,141
led-3,118100,114,162,139
led-3,118200,112,161,138
led-3,118300,104,158,133
led-3,118400,99,155,129
led-3,118500,92,150,123
led-3,118600,88,149,122
led-3,118700,86,149,120
led-3,118800,91,159,119
led-3,118900,101,174,122
led-3,119000,119,199,129
led-3,119100,129,213,133
led-3,119200,132,218,137
led-3,119300,121,202,136
led-3,119400,104,179,130
led-3,119500,77,141,116
led-3,119600,66,125,109
led-3,119700,62,121,106
led-3,119800,63,127,105
led-3,119900,65,135,106
led-3,120000,72,149,110
led-3,120100,75,156,110
led-3,120200,78,162,111
led-3,120300,82,168,111
led-3,120400,83,170,112
led-3,120500,84,171,114
led-3,120600,85,173,116
led-3,120700,85,174,115
led-3,120800,85,175,115
led-3,120900,137,127,141
led-3,121000,114,103,110
led-3,121100,110,101,104
led-3,121200,98,88,84
led-3,121300,99,90,87
led-3,121400,98,88,84
led-3,121500,98,89,85
led-3,121600,104,95,90
led-3,121700,155,152,147
led-3,121800,103,94,91
led-3,121900,100,92,88
led-3,122000,100,91,87
led-3,122100,100,91,87
led-3,122200,100,91,87
led-3,122300,100,92,88
led-3,122400,100,92,88
led-3,122500,101,92,89
led-3,122600,101,92,89
led-3,122700,101,92,88
led-3,122800,101,93,89
led-3,122900,102,92,89
led-3,123000,102,93,88
led-3,123100,101,92,87
led-3,123200,101,92,87
led-3,123300,101,92,87
led-3,123400,101,92,87
led-3,123500,164,133,124
led-3,123600,164,133,124
led-3,123700,164,133,124
led-3,123800,164,133,125
led-3,123900,164,133,125
led-3,124000,163,134,125
led-3,124100,163,134,125
led-3,124200,163,134,125
led-3,124300,163,134,125
led-3,124400,163,134,125
led-3,124500,163,134,124
led-3,124600,121,85,78
led-3,124700,67,49,43
led-3,124800,74,52,47
led-3,124900,72,51,46
led-3,125000,70,51,46
led-3,125100,70,50,45
led-3,125200,70,49,45
led-3,125300,70,49,45
led-3,125400,77,53,45
led-3,125500,119,69,58
led-3,125600,133,81,60
led-3,125700,147,94,62
led-3,125800,148,93,61
led-3,125900,148,93,61
led-3,126000,148,93,61
led-3,126100,148,93,61
led-3,126200,148,93,61
led-3,126300,145,91,61
led-3,126400,128,90,74
led-3,126500,129,104,99
led-3,126600,123,96,94
led-3,126700,123,96,94
led-3,126800,123,96,94
led-3,126900,114,103,100
led-3,127000,113,103,100
led-3,127100,113,103,100
led-3,127200,113,104,100
led-3,127300,113,104,100
led-3,127400,113,104,100
led-3,127500,113,103,100
led-3,127600,113,103,100
led-3,127700,113,104,100
led-3,127800,113,103,100
led-3,127900,113,103,99
led-3,128000,112,102,99
led-3,128100,112,102,99
led-3,128200,111,102,98
led-3,128300,111,102,98
led-3,128400,111,102,98
led-3,128500,111,102,98
led-3,128600,111,101,100
led-3,128700,111,102,98
led-3,128800,111,102,98
led-3,128900,111,101,98
led-3,129000,110,101,97
led-3,129100,110,101,97
led-3,129200,110,101,97
led-3,129300,110,101,97
led-3,129400,110,100,97
led-3,129500,110,100,97
led-3,129600,111,101,98
led-3,129700,111,101,98
led-3,129800,111,101,98
led-3,129900,111,101,98
led-3,130000,111,101,98
led-3,130100,111,101,98
led-3,130200,111,101,98
led-3,130300,111,101,98
led-3,130400,111,101,98
led-3,130500,110,100,97
led-3,130600,110,100,96
led-3,130700,110,100,96
led-3,130800,110,100,96
led-3,130900,110,100,96
led-3,131000,111,101,98
led-3,131100,111,102,98
led-3,131200,111,102,98
led-3,131300,109,100,96
led-3,131400,109,99,96
led-3,131500,109,99,96
led-3,131600,109,99,96
led-3,131700,109,99,96
led-3,131800,109,99,96
led-3,131900,108,98,95
led-3,132000,107,97,94
led-3,132100,107,97,94
led-3,132200,107,97,94
led-3,132300,107,97,93
led-3,132400,107,97,94
led-3,132500,107,97,93
led-3,132600,107,97,93
led-3,132700,107,97,93
led-3,132800,107,97,93
led-3,132900,107,97,93
led-3,133000,107,97,94
led-3,133100,107,97,94
led-3,133200,107,97,94
led-3,133300,107,98,94
led-3,133400,107,98,94
led-3,133500,107,98,94
led-3,133600,107,98,94
led-3,133700,107,98,94
led-3,133800,107,98,94
led-3,133900,107,98,94
led-3,134000,107,98,94
led-3,134100,107,98,94
led-3,134200,107,98,94
led-3,134300,107,98,94
led-3,134400,107,98,94
led-3,134500,107,98,94
led-3,134600,107,98,94
led-3,134700,107,98,94
led-3,134800,107,98,94
led-3,134900,107,98,94
led-3,135000,116,105,115
led-3,135100,194,131,230
led-3,135200,114,101,117
led-3,135300,154,106,209
led-3,135400,108,98,100
led-3,135500,108,97,98
led-3,135600,108,97,97
led-3,135700,108,98,96
led-3,135800,108,98,96
led-3,135900,108,98,95
led-3,136000,108,99,95
led-3,136100,108,99,96
led-3,136200,108,99,96
led-3,136300,109,100,97
led-3,136400,109,100,97
led-3,136500,110,100,97
led-3,136600,110,100,97
led-3,136700,110,100,97
led-3,136800,110,100,97
led-3,136900,110,100,97
led-3,137000,110,100,97
led-3,137100,110,100,97
led-3,137200,110,100,97
led-3,137300,110,100,97
led-3,137400,110,100,97
led-3,137500,110,100,97
led-3,137600,110,100,97
led-3,137700,109,82,67
led-3,137800,168,141,118
led-3,137900,154,132,114
led-3,138000,153,131,113
led-3,138100,152,131,113
led-3,138200,141,121,106
led-3,138300,107,94,90
led-3,138400,104,92,88
led-3,138500,104,92,88
led-3,138600,104,92,88
led-3,138700,104,92,88
led-3,138800,104,92,88
led-3,138900,104,92,88
led-3,139000,104,92,88
led-3,139100,104,92,88
led-3,139200,104,92,88
led-3,139300,104,92,88
led-3,139400,104,91,88
led-3,139500,104,91,88
led-3,139600,104,91,88
led-3,139700,104,91,88
led-3,139800,104,91,88
led-3,139900,104,91,88
led-3,140000,104,92,88
led-3,140100,104,92,88
led-3,140200,104,92,88
led-3,140300,104,92,88
led-3,140400,104,92,88
led-3,140500,104,92,88
led-3,140600,104,92,88
led-3,140700,104,92,88
led-3,140800,104,91,88
led-3,140900,104,91,88
led-3,141000,104,91,88
led-3,141100,104,91,88
led-3,141200,104,91,88
led-3,141300,104,91,87
led-3,141400,104,92,87
led-3,141500,104,92,87
led-3,141600,104,92,87
led-3,141700,103,92,87
led-3,141800,104,92,87
led-3,141900,103,92,88
led-3,142000,104,92,89
led-3,142100,104,92,89
led-3,142200,104,92,89
led-3,142300,104,92,89
led-3,142400,104,92,89
led-3,142500,141,133,131
led-3,142600,179,173,168
led-3,142700,109,98,93
led-3,142800,105,95,91
led-3,142900,105,95,92
led-3,143000,172,159,147
led-3,143100,105,93,90
led-3,143200,209,191,176
led-3,143300,131,112,105
led-3,143400,107,95,91
led-3,143500,107,95,91
led-3,143600,107,95,91
led-3,143700,106,95,91
led-3,143800,106,95,90
led-3,143900,106,95,90
led-3,144000,106,94,91
led-3,144100,106,95,91
led-3,144200,106,94,92
led-3,144300,106,94,92
led-3,144400,106,94,90
led-3,144500,106,94,90
led-3,144600,106,94,90
led-3,144700,106,94,91
led-3,144800,107,95,92
led-3,144900,107,97,93
led-3,145000,106,95,91
led-3,145100,107,96,92
led-3,145200,107,97,92
led-3,145300,107,97,92
led-3,145400,107,97,92
led-3,145500,107,97,92
led-3,145600,107,97,92
led-3,145700,107,97,93
led-3,145800,107,97,93
led-3,145900,108,97,93
led-3,146000,108,97,93
led-3,146100,108,97,93
led-3,146200,108,97,93
led-3,146300,108,98,94
led-3,146400,107,130,53
led-3,146500,107,130,53
led-3,146600,107,130,53
led-3,146700,107,130,53
led-3,146800,107,130,53
led-3,146900,107,130,53
led-3,147000,107,130,53
led-3,147100,107,131,53
led-3,147200,107,131,53
led-3,147300,107,131,53
led-3,147400,107,131,53
led-3,147500,107,130,54
led-3,147600,107,130,54
led-3,147700,107,130,54
led-3,147800,107,130,54
led-3,147900,107,130,54
led-3,148000,107,130,54
led-3,148100,107,130,54
led-3,148200,107,130,54
led-3,148300,107,130,54
led-3,148400,107,130,54
led-3,148500,107,130,54
led-3,148600,107,130,54
led-3,148700,107,130,54
led-3,148800,107,130,54
led-3,148900,107,130,54
led-3,149000,107,130,53
led-3,149100,153,189,103
led-3,149200,153,189,103
led-3,149300,153,189,103
led-3,149400,153,189,103
led-3,149500,153,189,103
led-3,149600,153,189,103
led-3,149700,153,189,103
led-3,149800,153,189,103
led-3,149900,153,190,103
led-3,150000,153,190,103
led-3,150100,152,190,103
led-3,150200,152,190,103
led-3,150300,152,190,103
led-3,150400,152,190,103
led-3,150500,167,160,103
led-3,150600,152,190,104
led-3,150700,152,190,104
led-3,150800,153,190,104
led-3,150900,153,190,104
led-3,151000,153,190,103
led-3,151100,153,190,103
led-3,151200,198,192,128
led-3,151300,155,189,104
led-3,151400,154,190,104
led-3,151500,154,190,104
led-3,151600,154,190,104
led-3,151700,154,190,104
led-3,151800,154,190,104
led-3,151900,154,190,103
led-3,152000,154,190,103
led-3,152100,154,190,103
led-3,152200,154,190,103
led-3,152300,198,202,137
led-3,152400,158,191,105
led-3,152500,155,190,104
led-3,152600,155,190,104
led-3,152700,154,190,104
led-3,152800,153,190,104
led-3,152900,153,190,104
led-3,153000,153,190,104
led-3,153100,153,190,104
led-3,153200,178,136,101
led-3,153300,174,148,105
led-3,153400,175,151,107
led-3,153500,175,154,106
led-3,153600,154,189,104
led-3,153700,153,189,103
led-3,153800,153,189,104
led-3,153900,153,189,104
led-3,154000,153,189,104
led-3,154100,153,189,104
led-3,154200,152,190,104
led-3,154300,152,190,104
led-3,154400,152,190,104
led-3,154500,152,190,104
led-3,154600,152,190,104
led-3,154700,152,190,104
led-3,154800,152,190,104
led-3,154900,152,190,104
led-3,155000,152,190,104
led-3,155100,154,190,105
led-3,155200,157,188,106
led-3,155300,166,183,109
led-3,155400,170,176,113
led-3,155500,172,170,114
led-3,155600,173,168,114
led-3,155700,172,168,114
led-3,155800,172,168,113
led-3,155900,172,168,113
led-3,156000,239,213,172
led-3,156100,239,213,172
led-3,156200,239,213,172
led-3,156300,239,213,172
led-3,156400,240,213,172
led-3,156500,239,214,172
led-3,156600,239,214,172
led-3,156700,239,213,172
led-3,156800,239,213,172
led-3,156900,239,214,172
led-3,157000,239,214,172
led-3,157100,239,214,172
led-3,157200,239,214,172
led-3,157300,239,214,172
led-3,157400,239,214,172
led-3,157500,239,213,171
led-3,157600,239,213,172
led-3,157700,239,213,172
led-3,157800,239,213,172
led-3,157900,239,213,172
led-3,158000,239,213,172
led-3,158100,239,213,172
led-3,158200,239,213,172
led-3,158300,239,214,172
led-3,158400,239,214,172
led-3,158500,239,213,172
led-3,158600,239,213,172
led-3,158700,239,213,172
led-3,158800,239,213,172
led-3,158900,239,213,172
led-3,159000,239,213,172
led-3,159100,239,213,172
led-3,159200,239,213,172
led-3,159300,239,213,172
led-3,159400,239,213,172
led-3,159500,239,213,172
led-3,159600,239,213,172
led-3,159700,239,213,172
led-3,159800,239,213,172
led-3,159900,239,213,172
led-3,160000,240,213,172
led-3,160100,240,213,172
led-3,160200,240,213,172
led-3,160300,240,213,172
led-3,160400,240,213,172
led-3,160500,240,213,172
led-3,160600,240,213,172
led-3,160700,240,213,172
led-3,160800,240,213,172
led-3,160900,164,199,103
led-3,161000,164,199,103
led-3,161100,164,199,103
led-3,161200,164,199,103
led-3,161300,164,199,104
led-3,161400,164,199,104
led-3,161500,164,199,104
led-3,161600,164,199,104
led-3,161700,164,199,104
led-3,161800,164,199,104
led-3,161900,164,199,104
led-3,162000,164,199,104
led-3,162100,164,199,104
led-3,162200,164,199,104
led-3,162300,214,184,182
led-3,162400,212,183,181
led-3,162500,223,196,198
led-3,162600,168,146,143
led-3,162700,246,227,231
led-3,162800,247,230,235
led-3,162900,247,230,235
led-3,163000,247,230,235
led-3,163100,247,231,235
led-3,163200,247,231,235
led-3,163300,154,190,103
led-3,163400,154,190,103
led-3,163500,154,190,103
led-3,163600,154,190,103
led-3,163700,154,190,103
led-3,163800,154,190,103
led-3,163900,154,190,103
led-3,164000,154,190,103
led-3,164100,154,190,103
led-3,164200,154,190,103
led-3,164300,154,190,103
led-3,164400,154,190,103
led-3,164500,154,190,104
led-3,164600,153,190,103
led-3,164700,154,190,103
led-3,164800,154,190,103
led-3,164900,154,190,103
led-3,165000,154,191,104
led-3,165100,155,190,103
led-3,165200,155,190,102
led-3,165300,155,190,102
led-3,165400,154,190,102
led-3,165500,158,192,105
led-3,165600,155,191,103
led-3,165700,155,191,103
led-3,165800,155,191,103
led-3,165900,155,190,103
led-3,166000,154,190,103
led-3,166100,154,190,103
led-3,166200,154,190,103
led-3,166300,247,230,235
led-3,166400,247,230,235
led-3,166500,247,231,235
led-3,166600,247,231,235
led-3,166700,247,231,235
led-3,166800,247,231,235
led-3,166900,247,231,235
led-3,167000,247,231,234
led-3,167100,247,231,234
led-3,167200,247,231,233
led-3,167300,247,231,233
led-3,167400,244,227,231
led-3,167500,246,229,233
led-3,167600,246,229,233
led-3,167700,247,230,234
led-3,167800,247,231,235
led-3,167900,247,230,235
led-3,168000,138,173,101
led-3,168100,138,173,101
led-3,168200,138,173,101
led-3,168300,138,173,101
led-3,168400,138,173,101
led-3,168500,138,173,101
led-3,168600,138,173,101
led-3,168700,138,173,101
led-3,168800,138,173,101
led-3,168900,138,173,101
led-3,169000,138,173,101
led-3,169100,138,173,101
led-3,169200,138,173,101
led-3,169300,194,131,131
led-3,169400,160,94,90
led-3,169500,178,115,109
led-3,169600,248,230,235
led-3,169700,248,230,235
led-3,169800,248,230,235
led-3,169900,248,230,235
led-3,170000,247,231,235
led-3,170100,247,231,235
led-3,170200,247,231,235
led-3,170300,247,231,235
led-3,170400,247,231,235
led-3,170500,247,231,235
led-3,170600,247,231,235
led-3,170700,247,231,235
led-3,170800,247,231,235
led-3,170900,247,231,235
led-3,171000,247,231,235
led-3,171100,247,231,235
led-3,171200,247,231,235
led-3,171300,247,231,235
led-3,171400,247,231,235
led-3,171500,247,231,235
led-3,171600,247,231,235
led-3,171700,247,231,235
led-3,171800,247,231,235
led-3,171900,247,231,235
led-3,172000,247,231,235
led-3,172100,247,231,235
led-3,172200,247,231,235
led-3,172300,247,231,235
led-3,172400,247,231,235
led-3,172500,247,231,235
led-3,172600,247,231,235
led-3,172700,247,231,235
led-3,172800,247,231,235
led-3,172900,247,231,235
led-3,173000,247,231,235
led-3,173100,247,231,235
led-3,173200,247,231,235
led-3,173300,247,231,235
led-3,173400,248,231,235
led-3,173500,203,181,184
led-3,173600,247,231,235
led-3,173700,247,230,235
led-3,173800,246,227,232
led-3,173900,243,226,230
led-3,174000,244,227,232
led-3,174100,247,230,234
led-3,174200,247,231,235
led-3,174300,247,231,235
led-3,174400,247,230,235
led-3,174500,247,231,235
led-3,174600,247,231,235
led-3,174700,160,140,135
led-3,174800,245,226,231
led-3,174900,244,227,231
led-3,175000,245,227,232
led-3,175100,245,228,233
led-3,175200,245,228,233
led-3,175300,164,146,141
led-3,175400,166,145,140
led-3,175500,173,153,154
led-3,175600,179,160,161
led-3,175700,176,154,143
led-3,175800,247,231,235
led-3,175900,166,144,138
led-3,176000,247,230,235
led-3,176100,248,230,235
led-3,176200,170,135,99
led-3,176300,140,176,102
led-3,176400,140,176,102
led-3,176500,140,176,102
led-3,176600,140,176,102
led-3,176700,156,159,104
led-3,176800,140,177,102
led-3,176900,140,176,102
led-3,177000,140,177,102
led-3,177100,140,177,101
led-3,177200,156,159,103
led-3,177300,141,176,101
led-3,177400,141,176,101
led-3,177500,141,176,101
led-3,177600,141,176,101
led-3,177700,157,159,104
led-3,177800,254,222,188
led-3,177900,254,222,188
led-3,178000,253,222,188
led-3,178100,253,222,188
led-3,178200,253,222,188
led-3,178300,253,222,188
led-3,178400,253,222,188
led-3,178500,253,222,188
led-3,178600,253,222,188
led-3,178700,253,222,188
led-3,178800,253,222,188
led-3,178900,253,222,188
led-3,179000,253,222,188
led-3,179100,253,222,188
led-3,179200,253,222,188
led-3,179300,253,222,188
led-3,179400,233,200,174
led-3,179500,237,204,177
led-3,179600,125,96,96
led-3,179700,206,172,156
led-3,179800,250,217,185
led-3,179900,253,222,188
led-3,180000,88,65,72
led-3,180100,158,126,123
led-3,180200,238,206,178
led-3,180300,253,221,188
led-3,180400,86,63,67
led-3,180500,140,176,102
led-3,180600,140,176,102
led-3,180700,162,171,107
led-3,180800,142,176,101
led-3,180900,142,176,101
led-3,181000,140,176,101
led-3,181100,140,176,101
led-3,181200,144,175,102
led-3,181300,140,176,101
led-3,181400,140,176,101
led-3,181500,140,176,101
led-3,181600,140,176,101
led-3,181700,145,175,101
led-3,181800,140,176,101
led-3,181900,140,176,102
led-3,182000,140,176,102
led-3,182100,140,176,102
led-3,182200,145,175,102
led-3,182300,139,177,102
led-3,182400,139,177,102
led-3,182500,140,177,102
led-3,182600,139,177,101
led-3,182700,163,171,109
led-3,182800,141,176,101
led-3,182900,141,176,101
led-3,183000,141,176,101
led-3,183100,140,176,101
led-3,183200,145,175,101
led-3,183300,141,176,102
led-3,183400,141,176,102
led-3,183500,141,176,102
led-3,183600,141,176,102
led-3,183700,144,175,102
led-3,183800,141,176,101
led-3,183900,141,176,101
led-3,184000,140,176,101
led-3,184100,140,176,101
led-3,184200,144,175,102
led-3,184300,140,177,101
led-3,184400,140,177,101
led-3,184500,140,177,101
led-3,184600,140,177,101
led-3,184700,164,171,108
led-3,184800,141,176,102
led-3,184900,141,176,102
led-3,185000,141,176,102
led-3,185100,141,176,102
led-3,185200,140,176,101
led-3,185300,140,176,101
led-3,185400,140,176,101
led-3,185500,141,176,101
led-3,185600,140,176,100
led-3,185700,140,176,100
led-3,185800,140,176,100
led-3,185900,140,176,100
led-3,186000,232,184,255
led-3,186100,179,205,255
led-3,186200,232,185,255
led-3,186300,255,255,255
led-3,186400,253,248,255
led-3,186500,255,250,255
led-3,186600,183,206,255
led-3,186700,184,208,255
led-3,186800,255,255,255
led-3,186900,190,211,255
led-3,187000,206,144,255
led-3,187100,232,182,255
led-3,187200,238,175,255
led-3,187300,182,205,255
led-3,187400,179,205,255
led-3,187500,178,203,255
led-3,187600,178,204,255
led-3,187700,178,203,255
led-3,187800,183,206,255
led-3,187900,205,198,255
led-3,188000,182,208,255
led-3,188100,179,206,255
led-3,188200,178,205,255
led-3,188300,177,204,255
led-3,188400,177,204,255
led-3,188500,177,204,255
led-3,188600,176,204,255
led-3,188700,176,204,255
led-3,188800,178,204,255
led-3,188900,178,204,255
led-3,189000,177,204,254
led-3,189100,177,204,254
led-3,189200,177,204,254
led-3,189300,176,204,254
led-3,189400,251,233,220
led-3,189500,251,233,220
led-3,189600,251,233,221
led-3,189700,251,233,221
led-3,189800,251,233,221
led-3,189900,251,233,221
led-3,190000,251,233,220
led-3,190100,252,233,220
led-3,190200,252,233,220
led-3,190300,252,233,221
led-3,190400,252,233,221
led-3,190500,252,233,221
led-3,190600,251,233,221
led-3,190700,252,233,221
led-3,190800,251,233,221
led-3,190900,251,233,221
led-3,191000,251,233,222
led-3,191100,251,233,222
led-3,191200,251,233,222
led-3,191300,252,233,222
led-3,191400,252,233,222
led-3,191500,252,233,222
led-3,191600,252,233,222
led-3,191700,252,233,222
led-3,191800,252,233,222
led-3,191900,252,233,221
led-3,192000,251,233,222
led-3,192100,251,233,222
led-3,192200,177,203,255
led-3,192300,177,203,254
led-3,192400,182,205,255
led-3,192500,254,241,255
led-3,192600,226,215,255
led-3,192700,180,205,255
led-3,192800,255,255,255
led-3,192900,180,205,255
led-3,193000,176,203,255
led-3,193100,177,204,255
led-3,193200,195,202,255
led-3,193300,207,197,255
led-3,193400,181,205,255
led-3,193500,177,204,255
led-3,193600,177,204,255
led-3,193700,177,204,255
led-3,193800,177,203,254
led-3,193900,177,203,255
led-3,194000,178,204,255
led-3,194100,179,204,255
led-3,194200,179,204,255
led-3,194300,179,205,255
led-3,194400,179,204,255
led-3,194500,177,204,255
led-3,194600,176,204,255
led-3,194700,252,224,220
led-3,194800,252,224,220
led-3,194900,252,224,220
led-3,195000,252,224,220
led-3,195100,252,224,220
led-3,195200,252,224,219
led-3,195300,252,224,219
led-3,195400,252,223,218
led-3,195500,253,223,219
led-3,195600,253,224,218
led-3,195700,253,224,219
led-3,195800,248,134,240
led-3,195900,230,128,214
led-3,196000,103,76,66
led-3,196100,99,71,63
led-3,196200,159,119,104
led-3,196300,154,116,98
led-3,196400,150,113,95
led-3,196500,149,114,92
led-3,196600,150,113,91
led-3,196700,141,105,86
led-3,196800,118,89,77
led-3,196900,116,89,79
led-3,197000,253,224,218
led-3,197100,253,224,218
led-3,197200,253,224,218
led-3,197300,253,224,218
led-3,197400,253,224,218
led-3,197500,253,224,218
led-3,197600,253,224,218
led-3,197700,253,224,218
led-3,197800,253,224,218
led-3,197900,253,224,218
led-3,198000,253,224,218
led-3,198100,253,224,218
led-3,198200,253,224,218
led-3,198300,253,224,218
led-3,198400,253,224,218
led-3,198500,215,188,183
led-3,198600,226,203,191
led-3,198700,235,212,199
led-3,198800,253,224,218
led-3,198900,253,224,218
led-3,199000,253,224,218
led-3,199100,253,224,218
led-3,199200,253,224,218
led-3,199300,253,224,218
led-3,199400,253,224,218
led-3,199500,253,224,218
led-3,199600,253,224,218
led-3,199700,253,224,218
led-3,199800,253,224,218
led-3,199900,180,199,226
led-3,200000,180,199,225
led-3,200100,180,199,225
led-3,200200,180,183,202
led-3,200300,171,104,88
led-3,200400,163,97,81
led-3,200500,156,95,77
led-3,200600,155,93,77
led-3,200700,153,93,75
led-3,200800,153,93,76
led-3,200900,153,92,76
led-3,201000,152,92,75
led-3,201100,152,92,76
led-3,201200,201,181,180
led-3,201300,180,199,224
led-3,201400,181,199,224
led-3,201500,68,43,76
led-3,201600,67,37,72
led-3,201700,75,43,76
led-3,201800,78,45,78
led-3,201900,79,45,78
led-3,202000,81,46,78
led-3,202100,82,46,78
led-3,202200,82,46,78
led-3,202300,82,47,79
led-3,202400,82,47,77
led-3,202500,82,46,77
led-3,202600,81,46,76
led-3,202700,81,45,75
led-3,202800,80,45,74
led-3,202900,79,45,74
led-3,203000,80,44,73
led-3,203100,80,45,73
led-3,203200,80,45,74
led-3,203300,82,46,74
led-3,203400,82,46,74
led-3,203500,82,47,74
led-3,203600,83,47,74
led-3,203700,83,48,74
led-3,203800,84,48,74
led-3,203900,84,48,74
led-3,204000,84,48,73
led-3,204100,84,49,73
led-3,204200,223,213,243
led-3,204300,223,213,243
led-3,204400,223,213,243
led-3,204500,223,213,243
led-3,204600,223,213,243
led-3,204700,223,213,243
led-3,204800,223,213,243
led-3,204900,223,213,243
led-3,205000,224,213,243
led-3,205100,224,213,243
led-3,205200,224,213,243
led-3,205300,224,213,243
led-3,205400,224,213,243
led-3,205500,224,213,243
led-3,205600,224,213,243
led-3,205700,224,213,244
led-3,205800,224,213,244
led-3,205900,224,213,244
led-3,206000,180,199,225
led-3,206100,180,199,225
led-3,206200,180,199,225
led-3,206300,180,199,225
led-3,206400,180,199,225
led-3,206500,180,199,224
led-3,206600,180,199,224
led-3,206700,180,199,224
led-3,206800,180,199,224
led-3,206900,180,199,224
led-3,207000,180,199,224
led-3,207100,180,199,224
led-3,207200,180,199,224
led-3,207300,180,199,224
led-3,207400,180,199,224
led-3,207500,223,213,244
led-3,207600,223,213,244
led-3,207700,223,213,244
led-3,207800,223,213,244
led-3,207900,223,213,244
led-3,208000,223,213,243
led-3,208100,224,213,243
led-3,208200,224,213,243
led-3,208300,224,213,243
led-3,208400,224,213,243
led-3,208500,224,213,243
led-3,208600,224,213,243
led-3,208700,224,213,243
led-3,208800,224,213,243
led-3,208900,176,194,218
led-3,209000,179,199,225
led-3,209100,180,199,225
led-3,209200,180,199,225
led-3,209300,180,199,225
led-3,209400,179,199,225
led-3,209500,179,199,225
led-3,209600,179,199,225
led-3,209700,179,199,225
led-3,209800,179,199,225
led-3,209900,179,199,225
led-3,210000,180,199,225
led-3,210100,180,199,225
led-3,210200,180,199,225
led-3,210300,180,199,225
led-3,210400,180,199,225
led-3,210500,180,199,225
led-3,210600,180,199,225
led-3,210700,180,199,225
led-3,210800,180,199,225
led-3,210900,180,199,225
led-3,211000,180,199,225
led-3,211100,180,199,225
led-3,211200,180,199,225
led-3,211300,180,199,225
led-3,211400,180,199,224
led-3,211500,180,199,224
led-3,211600,180,199,224
led-3,211700,203,206,216
led-3,211800,203,206,216
led-3,211900,203,206,216
led-3,212000,203,206,215
led-3,212100,203,206,215
led-3,212200,203,206,215
led-3,212300,203,206,215
led-3,212400,203,206,215
led-3,212500,205,205,214
led-3,212600,207,206,214
led-3,212700,210,206,213
led-3,212800,218,207,209
led-3,212900,220,207,207
led-3,213000,170,178,154
led-3,213100,184,173,155
led-3,213200,204,194,178
led-3,213300,210,200,189
led-3,213400,199,193,179
led-3,213500,184,184,164
led-3,213600,179,183,158
led-3,213700,182,182,156
led-3,213800,189,200,240
led-3,213900,189,200,240
led-3,214000,190,200,240
led-3,214100,190,200,240
led-3,214200,189,200,240
led-3,214300,189,200,240
led-3,214400,190,200,240
led-3,214500,190,200,240
led-3,214600,190,200,240
led-3,214700,190,200,239
led-3,214800,190,200,240
led-3,214900,190,200,240
led-3,215000,190,200,240
led-3,215100,190,200,240
led-3,215200,190,200,240
led-3,215300,190,200,240
led-3,215400,190,200,240
led-3,215500,190,200,240
led-3,215600,189,200,240
led-3,215700,189,200,240
led-3,215800,189,200,240
led-3,215900,189,200,240
led-3,216000,189,200,240
led-3,216100,189,200,240
led-3,216200,189,201,240
led-3,216300,189,200,241
led-3,216400,189,200,241
led-3,216500,189,200,241
led-3,216600,189,200,241
led-3,216700,189,200,241
led-3,216800,189,200,241
led-3,216900,189,200,241
led-3,217000,190,200,240
led-3,217100,190,200,240
led-3,217200,190,200,240
led-3,217300,190,200,240
led-3,217400,190,200,240
led-3,217500,190,200,240
led-3,217600,190,200,240
led-3,217700,190,200,240
led-3,217800,190,200,240
led-3,217900,190,200,240
led-3,218000,190,200,241
led-3,218100,190,200,241
led-3,218200,190,200,241
led-3,218300,190,200,241
led-3,218400,190,200,241
led-3,218500,190,200,241
led-3,218600,190,200,241
led-3,218700,190,200,241
led-3,218800,190,200,241
led-3,218900,190,200,241
led-3,219000,190,200,240
led-3,219100,190,200,240
led-3,219200,190,200,240
led-3,219300,190,200,240
led-3,219400,190,200,240
led-3,219500,190,200,240
led-3,219600,190,200,240
led-3,219700,190,200,240
led-3,219800,190,200,240
led-3,219900,190,200,240
led-3,220000,190,200,240
led-3,220100,190,200,240
led-3,220200,190,200,240
led-3,220300,190,200,240
led-3,220400,190,200,240
led-3,220500,231,218,245
led-3,220600,231,218,245
led-3,220700,231,218,244
led-3,220800,231,218,244
led-3,220900,231,218,244
led-3,221000,231,218,244
led-3,221100,231,218,244
led-3,221200,250,233,221
led-3,221300,250,233,221
led-3,221400,250,233,221
led-3,221500,251,233,221
led-3,221600,250,233,221
led-3,221700,250,233,221
led-3,221800,250,233,221
led-3,221900,250,233,221
led-3,222000,250,233,221
led-3,222100,250,233,220
led-3,222200,250,233,221
led-3,222300,250,233,221
led-3,222400,250,233,221
led-3,222500,251,233,220
led-3,222600,251,233,220
led-3,222700,251,233,220
led-3,222800,251,233,221
led-3,222900,251,233,221
led-3,223000,251,233,220
led-3,223100,251,233,221
led-3,223200,251,233,221
led-3,223300,251,233,221
led-3,223400,251,233,221
led-3,223500,251,233,221
led-3,223600,251,233,221
led-3,223700,251,233,221
led-3,223800,108,125,94
led-3,223900,108,125,94
led-3,224000,108,125,94
led-3,224100,108,125,94
led-3,224200,108,125,94
led-3,224300,108,125,94
led-3,224400,107,125,94
led-3,224500,107,126,93
led-3,224600,107,126,93
led-3,224700,107,126,93
led-3,224800,107,126,93
led-3,224900,107,126,93
led-3,225000,108,125,93
led-3,225100,108,125,93
led-3,225200,108,125,93
led-3,225300,108,125,93
led-3,225400,108,125,93
led-3,225500,108,125,93
led-3,225600,108,125,93
led-3,225700,108,125,93
led-3,225800,108,125,93
led-3,225900,108,125,93
led-3,226000,108,125,93
led-3,226100,119,138,87
led-3,226200,107,126,93
led-3,226300,144,143,179
led-3,226400,144,143,179
led-3,226500,134,140,170
led-3,226600,102,100,130
led-3,226700,144,117,136
led-3,226800,142,142,174
led-3,226900,142,142,174
led-3,227000,142,143,175
led-3,227100,142,143,175
led-3,227200,142,143,175
led-3,227300,142,143,175
led-3,227400,142,143,175
led-3,227500,88,80,114
led-3,227600,80,69,95
led-3,227700,106,87,108
led-3,227800,84,67,89
led-3,227900,78,64,90
led-3,228000,80,65,91
led-3,228100,80,66,91
led-3,228200,83,67,92
led-3,228300,85,68,93
led-3,228400,76,61,87
led-3,228500,69,57,79
led-3,228600,68,54,76
led-3,228700,67,53,75
led-3,228800,68,54,76
led-3,228900,69,54,76
led-3,229000,69,55,77
led-3,229100,69,55,76
led-3,229200,72,57,80
led-3,229300,87,78,108
led-3,229400,138,141,174
led-3,229500,139,141,175
led-3,229600,139,141,175
led-3,229700,139,141,175
led-3,229800,139,141,175
led-3,229900,139,142,174
led-3,230000,209,216,79
led-3,230100,209,216,79
led-3,230200,210,216,79
led-3,230300,210,216,79
led-3,230400,210,216,78
led-3,230500,209,216,78
led-3,230600,210,216,78
led-3,230700,210,216,78
led-3,230800,211,216,79
led-3,230900,210,216,78
led-3,231000,211,216,77
led-3,231100,211,216,78
led-3,231200,211,216,78
led-3,231300,211,216,77
led-3,231400,210,216,77
led-3,231500,210,216,77
led-3,231600,210,216,77
led-3,231700,210,216,77
led-3,231800,210,216,77
led-3,231900,210,216,77
led-3,232000,210,216,77
led-3,232100,210,216,77
led-3,232200,210,216,77
led-3,232300,210,216,77
led-3,232400,210,216,77
led-3,232500,149,120,116
led-3,232600,149,120,116
led-3,232700,149,120,116
led-3,232800,149,120,116
led-3,232900,149,120,116
led-3,233000,149,120,116
led-3,233100,149,120,116
led-3,233200,149,120,116
led-3,233300,149,120,116
led-3,233400,149,120,116
led-3,233500,149,120,116
led-3,233600,149,120,116
led-3,233700,149,120,116
led-3,233800,149,120,116
led-3,233900,149,120,116
led-3,234000,150,120,116
led-3,234100,150,120,116
led-3,234200,150,120,116
led-3,234300,150,120,116
led-3,234400,150,119,115
led-3,234500,150,119,116
led-3,234600,150,119,116
led-3,234700,150,119,116
led-3,234800,150,119,116
led-3,234900,150,119,116
led-3,235000,150,120,116
led-3,235100,149,120,116
led-3,235200,149,120,116
led-3,235300,150,120,116
led-3,235400,150,120,116
led-3,235500,150,120,116
led-3,235600,149,120,115
led-3,235700,149,120,115
led-3,235800,149,119,115
led-3,235900,148,119,115
led-3,236000,148,119,116
led-3,236100,147,119,116
led-3,236200,148,119,115
led-3,236300,147,118,115
led-3,236400,146,118,115
led-3,236500,144,118,114
led-3,236600,144,118,114
led-3,236700,145,117,114
led-3,236800,144,117,114
led-3,236900,143,117,114
led-3,237000,141,116,113
led-3,237100,141,116,113
led-3,237200,140,115,112
led-3,237300,138,115,113
led-3,237400,138,114,113
led-3,237500,137,113,113
led-3,237600,136,112,112
led-3,237700,135,112,112
led-3,237800,134,111,111
led-3,237900,133,110,110
led-3,238000,130,109,111
led-3,238100,129,109,109
led-3,238200,129,109,109
led-3,238300,128,109,109
led-3,238400,128,108,109
led-3,238500,127,107,110
led-3,238600,126,107,109
led-3,238700,125,107,109
led-3,238800,124,107,107
led-3,238900,124,106,107
led-3,239000,123,105,106
led-3,239100,123,105,106
led-3,239200,123,105,106
led-3,239300,123,105,106
led-3,239400,122,104,106
led-3,239500,122,104,106
led-3,239600,121,104,106
led-3,239700,121,104,106
led-3,239800,121,104,106
led-3,239900,121,104,107
led-3,240000,120,104,105
led-3,240100,120,104,105
led-3,240200,120,104,104
led-3,240300,120,104,105
led-3,240400,120,104,104
led-3,240500,119,103,105
led-3,240600,119,103,104
led-3,240700,120,103,104
led-3,240800,119,104,104
led-3,240900,119,104,104
led-3,241000,119,103,104
led-3,241100,119,103,104
led-3,241200,119,103,104
led-3,241300,119,116,140
led-3,241400,118,103,104
led-3,241500,118,103,104
led-3,241600,118,103,105
led-3,241700,118,103,105
led-3,241800,119,103,104
led-3,241900,119,103,104
led-3,242000,119,103,104
led-3,242100,44,92,82
led-3,242200,44,92,82
led-3,242300,44,92,82
led-3,242400,44,92,82
led-3,242500,44,92,82
led-3,242600,44,92,82
led-3,242700,44,92,82
led-3,242800,44,92,82
led-3,242900,46,92,79
led-3,243000,201,190,193
led-3,243100,52,93,80
led-3,243200,45,92,78
led-3,243300,45,92,78
led-3,243400,45,92,78
led-3,243500,133,124,88
led-3,243600,133,125,88
led-3,243700,132,124,87
led-3,243800,134,125,88
led-3,243900,135,125,88
led-3,244000,138,128,90
led-3,244100,139,129,90
led-3,244200,173,162,140
led-3,244300,203,193,176
led-3,244400,147,133,93
led-3,244500,196,189,173
led-3,244600,116,115,119
led-3,244700,126,136,139
led-3,244800,205,197,189
led-3,244900,195,190,183
led-3,245000,143,156,159
led-3,245100,144,160,163
led-3,245200,88,99,100
led-3,245300,92,101,101
led-3,245400,142,136,130
led-3,245500,150,146,139
led-3,245600,153,150,144
led-3,245700,153,151,144
led-3,245800,152,150,144
led-3,245900,152,150,145
led-3,246000,151,151,147
led-3,246100,130,133,131
led-3,246200,75,85,86
led-3,246300,125,144,148
led-3,246400,198,171,110
led-3,246500,192,170,115
led-3,246600,185,166,119
led-3,246700,177,163,120
led-3,246800,170,158,121
led-3,246900,169,157,121
led-3,247000,168,156,121
led-3,247100,172,157,121
led-3,247200,177,160,121
led-3,247300,182,163,120
led-3,247400,184,164,120
led-3,247500,175,159,116
led-3,247600,204,177,117
led-3,247700,202,175,117
led-3,247800,173,159,119
led-3,247900,196,173,115
led-3,248000,214,183,114
led-3,248100,125,144,144
led-3,248200,149,154,153
led-3,248300,59,72,71
led-3,248400,96,114,119
led-3,248500,126,145,150
led-3,248600,148,160,163
led-3,248700,168,174,174
led-3,248800,193,191,187
led-3,248900,204,198,192
led-3,249000,209,203,195
led-3,249100,210,204,195
led-3,249200,211,204,196
led-3,249300,206,199,193
led-3,249400,135,142,142
led-3,249500,96,114,118
led-3,249600,133,149,150
led-3,249700,113,126,127
led-3,249800,118,131,132
led-3,249900,123,134,137
led-3,250000,127,139,141
led-3,250100,130,141,143
led-3,250200,131,142,144
led-3,250300,133,146,147
led-3,250400,135,147,147
led-3,250500,139,148,150
led-3,250600,139,150,151
led-3,250700,140,150,151
led-3,250800,90,101,106
led-3,250900,90,100,106
led-3,251000,89,99,105
led-3,251100,88,99,104
led-3,251200,88,98,104
led-3,251300,87,97,103
led-3,251400,87,97,103
led-3,251500,85,95,101
led-3,251600,84,94,100
led-3,251700,84,93,99
led-3,251800,83,91,97
led-3,251900,82,90,96
led-3,252000,144,162,179
led-3,252100,144,162,179
led-3,252200,145,163,180
led-3,252300,142,160,176
led-3,252400,141,159,175
led-3,252500,143,160,177
led-3,252600,144,161,178
led-3,252700,140,156,172
led-3,252800,85,94,103
led-3,252900,101,107,113
led-3,253000,209,200,183
led-3,253100,211,205,174
led-3,253200,211,205,174
led-3,253300,213,206,175
led-3,253400,213,207,175
led-3,253500,213,207,175
led-3,253600,213,207,175
led-3,253700,148,165,168
led-3,253800,152,169,174
led-3,253900,124,150,161
led-3,254000,93,118,134
led-3,254100,85,109,119
led-3,254200,102,123,130
led-3,254300,60,88,80
led-3,254400,74,103,90
led-3,254500,59,87,78
led-3,254600,59,87,78
led-3,254700,59,87,78
led-3,254800,61,87,80
led-3,254900,61,88,80
led-3,255000,61,89,81
led-3,255100,61,90,81
led-3,255200,63,92,82
led-3,255300,122,146,134
led-3,255400,63,77,85
led-3,255500,63,77,85
led-3,255600,63,77,85
led-3,255700,63,77,85
led-3,255800,63,77,85
led-3,255900,63,77,83
led-3,256000,63,76,83
led-3,256100,63,76,83
led-3,256200,63,76,83
led-3,256300,62,75,82
led-3,256400,62,76,82
led-3,256500,62,75,82
led-3,256600,61,75,81
led-3,256700,61,75,81
led-3,256800,61,75,81
led-3,256900,61,75,81
led-3,257000,171,198,225
led-3,257100,171,199,224
led-3,257200,170,198,225
led-3,257300,170,196,229
led-3,257400,170,196,228
led-3,257500,170,197,228
led-3,257600,170,198,226
led-3,257700,171,199,226
led-3,257800,171,199,225
led-3,257900,171,199,225
led-3,258000,170,199,224
led-3,258100,170,200,223
led-3,258200,170,199,225
led-3,258300,170,197,229
led-3,258400,171,196,228
led-3,258500,171,196,227
led-3,258600,171,198,227
led-3,258700,65,78,85
led-3,258800,65,78,85
led-3,258900,65,77,84
led-3,259000,63,75,82
led-3,259100,56,69,73
led-3,259200,63,69,71
led-3,259300,69,75,75
led-3,259400,66,73,72
led-3,259500,77,149,137
led-3,259600,77,150,137
led-3,259700,78,149,137
led-3,259800,78,149,137
led-3,259900,78,149,137
led-3,260000,77,150,136
led-3,260100,77,150,137
led-3,260200,119,136,141
led-3,260300,88,101,108
led-3,260400,89,100,105
led-3,260500,93,104,106
led-3,260600,94,104,105
led-3,260700,92,102,105
led-3,260800,90,100,105
led-3,260900,89,100,106
led-3,261000,89,100,105
led-3,261100,89,100,105
led-3,261200,141,167,166
led-3,261300,140,167,166
led-3,261400,141,167,166
led-3,261500,141,167,166
led-3,261600,140,167,166
led-3,261700,141,168,167
led-3,261800,141,169,165
led-3,261900,143,171,166
led-3,262000,146,173,169
led-3,262100,148,173,170
led-3,262200,147,173,170
led-3,262300,147,173,170
led-3,262400,147,173,169
led-3,262500,148,173,169
led-3,262600,147,174,169
led-3,262700,147,174,170
led-3,262800,148,174,170
led-3,262900,112,159,138
led-3,263000,110,158,134
led-3,263100,109,157,131
led-3,263200,107,157,127
led-3,263300,108,158,129
led-3,263400,108,158,129
led-3,263500,107,158,129
led-3,263600,107,158,129
led-3,263700,107,158,129
led-3,263800,107,158,127
led-3,263900,106,158,126
led-3,264000,107,159,128
led-3,264100,108,159,129
led-3,264200,108,159,131
led-3,264300,109,159,131
led-3,264400,109,159,132
led-3,264500,167,168,144
led-3,264600,167,168,144
led-3,264700,166,167,144
led-3,264800,165,166,143
led-3,264900,164,165,142
led-3,265000,159,160,138
led-3,265100,155,156,136
led-3,265200,156,155,136
led-3,265300,155,155,134
led-3,265400,156,155,135
led-3,265500,155,155,134
led-3,265600,168,188,203
led-3,265700,159,160,138
led-3,265800,161,162,142
led-3,265900,162,163,142
led-3,266000,163,164,142
led-3,266100,164,165,143
led-3,266200,50,71,60
led-3,266300,50,71,60
led-3,266400,50,71,60
led-3,266500,50,71,60
led-3,266600,50,71,60
led-3,266700,50,71,60
led-3,266800,50,71,60
led-3,266900,50,71,60
led-3,267000,50,71,60
led-3,267100,50,71,60
led-3,267200,50,71,60
led-3,267300,50,71,60
led-3,267400,50,71,60
led-3,267500,50,71,61
led-3,267600,50,71,61
led-3,267700,51,71,60
led-3,267800,51,71,60
led-3,267900,51,71,60
led-3,268000,50,71,59
led-3,268100,51,71,59
led-3,268200,50,71,59
led-3,268300,51,71,59
led-3,268400,52,71,59
led-3,268500,51,71,58
led-3,268600,51,71,58
led-3,268700,51,72,58
led-3,268800,51,71,57
led-3,268900,51,72,57
led-3,269000,53,72,54
led-3,269100,53,72,54
led-3,269200,53,72,54
led-3,269300,53,72,54
led-3,269400,54,71,54
led-3,269500,54,72,53
led-3,269600,54,72,53
led-3,269700,54,72,53
led-3,269800,54,72,53
led-3,269900,54,72,53
led-3,270000,55,72,52
led-3,270100,55,72,52
led-3,270200,55,72,52
led-3,270300,55,72,52
led-3,270400,94,92,50
led-3,270500,67,57,42
led-3,270600,67,56,42
led-3,270700,67,57,42
led-3,270800,90,99,46
led-3,270900,94,91,51
led-3,271000,68,57,42
led-3,271100,68,58,42
led-3,271200,68,58,42
led-3,271300,89,96,46
led-3,271400,82,74,48
led-3,271500,69,59,42
led-3,271600,70,60,42
led-3,271700,72,60,43
led-3,271800,93,104,50
led-3,271900,97,91,53
led-3,272000,72,61,44
led-3,272100,72,61,45
led-3,272200,73,62,45
led-3,272300,103,116,54
led-3,272400,91,82,53
led-3,272500,74,63,46
led-3,272600,74,63,46
led-3,272700,75,64,46
led-3,272800,113,125,52
led-3,272900,84,75,52
led-3,273000,77,65,47
led-3,273100,77,65,47
led-3,273200,77,65,48
led-3,273300,108,122,51
led-3,273400,77,65,47
led-3,273500,78,64,47
led-3,273600,78,64,47
led-3,273700,78,64,47
led-3,273800,78,64,47
led-3,273900,78,63,47
led-3,274000,75,63,47
led-3,274100,75,63,46
led-3,274200,75,63,47
led-3,274300,74,62,46
led-3,274400,74,62,47
led-3,274500,72,61,45
led-3,274600,71,61,44
led-3,274700,71,60,44
led-3,274800,70,60,44
led-3,274900,69,59,44
led-3,275000,67,57,42
led-3,275100,67,57,42
led-3,275200,67,57,41
led-3,275300,66,56,41
led-3,275400,64,55,40
led-3,275500,64,55,40
led-3,275600,64,54,39
led-3,275700,63,54,38
led-3,275800,63,53,39
led-3,275900,63,53,39
led-3,276000,47,73,29
led-3,276100,47,72,28
led-3,276200,47,72,28
led-3,276300,204,204,232
led-3,276400,163,171,191
led-3,276500,67,79,78
led-3,276600,47,72,28
led-3,276700,47,72,28
led-3,276800,47,72,28
led-3,276900,47,72,29
led-3,277000,47,72,29
led-3,277100,163,164,174
led-3,277200,222,213,217
led-3,277300,126,140,152
led-3,277400,54,66,59
led-3,277500,47,72,29
led-3,277600,47,72,29
led-3,277700,47,72,29
led-3,277800,47,72,29
led-3,277900,47,72,28
led-3,278000,248,235,215
led-3,278100,235,225,204
led-3,278200,191,187,169
led-3,278300,124,134,119
led-3,278400,96,109,97
led-3,278500,83,95,88
led-3,278600,144,150,145
led-3,278700,207,197,200
led-3,278800,215,208,208
led-3,278900,218,209,211
led-3,279000,214,206,208
led-3,279100,213,204,206
led-3,279200,214,205,209
led-3,279300,214,205,209
led-3,279400,182,181,180
led-3,279500,146,148,141
led-3,279600,123,125,111
led-3,279700,116,119,103
led-3,279800,158,153,133
led-3,279900,160,154,135
led-3,280000,146,144,124
led-3,280100,140,135,118
led-3,280200,157,156,136
led-3,280300,113,121,106
led-3,280400,103,114,99
led-3,280500,102,112,98
led-3,280600,102,113,99
led-3,280700,102,113,98
led-3,280800,102,113,98
led-3,280900,102,113,98
led-3,281000,103,114,99
led-3,281100,103,114,100
led-3,281200,105,115,100
led-3,281300,106,116,102
led-3,281400,115,128,119
led-3,281500,115,128,119
led-3,281600,115,128,119
led-3,281700,115,126,118
led-3,281800,113,125,116
led-3,281900,111,124,115
led-3,282000,111,124,115
led-3,282100,113,126,117
led-3,282200,117,129,120
led-3,282300,121,134,125
led-3,282400,121,134,125
led-3,282500,123,136,127
led-3,282600,124,137,128
led-3,282700,125,138,129
led-3,282800,125,138,129
led-3,282900,126,139,129
led-3,283000,126,139,129
led-3,283100,125,138,129
led-3,283200,125,138,128
led-3,283300,124,137,128
led-3,283400,122,135,126
led-3,283500,69,74,73
led-3,283600,74,81,76
led-3,283700,73,81,76
led-3,283800,73,79,74
led-3,283900,78,87,79
led-3,284000,67,78,68
led-3,284100,72,81,73
led-3,284200,73,82,73
led-3,284300,64,70,66
led-3,284400,77,84,81
led-3,284500,113,125,116
led-3,284600,117,129,120
led-3,284700,118,131,122
led-3,284800,189,227,112
led-3,284900,189,227,112
led-3,285000,189,227,112
led-3,285100,189,227,111
led-3,285200,189,227,112
led-3,285300,189,227,112
led-3,285400,189,227,112
led-3,285500,189,227,112
led-3,285600,189,227,112
led-3,285700,189,227,112
led-3,285800,189,227,112
led-3,285900,189,227,112
led-3,286000,188,228,112
led-3,286100,188,228,112
led-3,286200,188,228,112
led-3,286300,188,228,112
led-3,286400,188,227,111
led-3,286500,188,227,111
led-3,286600,188,227,111
led-3,286700,188,227,111
led-3,286800,188,227,111
led-3,286900,188,227,111
led-3,287000,189,227,111
led-3,287100,189,227,111
led-3,287200,189,227,111
led-3,287300,188,227,111
led-3,287400,188,227,111
led-3,287500,188,227,111
led-3,287600,189,227,111
led-3,287700,189,227,111
led-3,287800,188,227,111
led-3,287900,188,227,111
led-3,288000,189,227,111
led-3,288100,189,227,110
led-3,288200,189,227,110
led-3,288300,188,227,110
led-3,288400,188,227,110
led-3,288500,188,227,110
led-3,288600,188,227,110
led-3,288700,188,227,110
led-3,288800,188,227,111
led-3,288900,189,227,110
led-3,289000,189,227,110
led-3,289100,188,227,110
led-3,289200,188,227,110
led-3,289300,188,227,110
led-3,289400,188,227,110
led-3,289500,188,227,110
led-3,289600,188,227,110
led-3,289700,188,227,110
led-3,289800,188,227,110
led-3,289900,188,227,110
led-3,290000,188,227,110
led-3,290100,188,227,110
led-3,290200,189,227,111
led-3,290300,189,227,111
led-3,290400,189,227,111
led-3,290500,189,227,111
led-3,290600,189,227,111
led-3,290700,189,227,111
led-3,290800,189,227,111
led-3,290900,189,227,111
led-3,291000,189,227,110
led-3,291100,189,227,110
led-3,291200,189,227,110
led-3,291300,189,227,111
led-3,291400,217,149,125
led-3,291500,151,91,84
led-3,291600,155,95,87
led-3,291700,155,96,88
led-3,291800,155,96,89
led-3,291900,156,96,88
led-3,292000,154,97,88
led-3,292100,154,96,88
led-3,292200,154,97,88
led-3,292300,16,17,10
led-3,292400,16,17,10
led-3,292500,16,17,10
led-3,292600,16,17,10
led-3,292700,16,17,10
led-3,292800,16,17,10
led-3,292900,16,17,10
led-3,293000,16,17,10
led-3,293100,16,17,10
led-3,293200,16,17,10
led-3,293300,16,17,10
led-3,293400,16,17,10
led-3,293500,16,17,10
led-3,293600,16,17,10
led-3,293700,16,17,10
led-3,293800,16,17,10
led-3,293900,16,17,9
led-3,294000,16,17,10
led-3,294100,16,17,10
led-3,294200,17,18,10
led-3,294300,97,108,93
led-3,294400,88,105,103
led-3,294500,92,108,105
led-3,294600,89,104,102
led-3,294700,89,103,101
led-3,294800,90,106,105
led-3,294900,92,109,109
led-3,295000,95,112,113
led-3,295100,103,120,114
led-3,295200,17,18,10
led-3,295300,17,18,10
led-3,295400,17,18,10
led-3,295500,17,18,10
led-3,295600,49,52,44
led-3,295700,49,52,44
led-3,295800,48,52,43
led-3,295900,48,51,43
led-3,296000,48,51,43
led-3,296100,48,51,43
led-3,296200,47,51,42
led-3,296300,47,51,42
led-3,296400,47,51,43
led-3,296500,47,51,43
led-3,296600,47,51,43
led-3,296700,47,51,43
led-3,296800,47,51,43
led-3,296900,47,51,43
led-3,297000,47,51,43
led-3,297100,47,51,43
led-3,297200,16,17,10
led-3,297300,16,17,10
led-3,297400,16,17,10
led-3,297500,16,17,10
led-3,297600,16,17,10
led-3,297700,16,17,10
led-3,297800,16,17,10
led-3,297900,16,17,10
led-3,298000,16,17,10
led-3,298100,16,17,10
led-3,298200,16,17,10
led-3,298300,16,17,10
led-3,298400,16,17,10
led-3,298500,16,17,10
led-3,298600,13,14,9
led-3,298700,11,12,7
led-3,298800,8,8,6
led-3,298900,6,6,4
led-3,299000,4,4,4
led-3,299100,1,1,1
led-3,299200,0,0,0
led-3,299300,0,0,0
led-3,299400,0,0,0
led-3,299500,0,0,0
led-3,299600,0,0,0
led-3,299700,0,0,0
led-3,299800,0,0,0
led-3,299900,0,0,0
led-3,300000,0,0,0
led-3,300100,0,0,0
led-3,300200,0,0,0
led-3,300300,5,5,5
led-3,300400,11,12,11
led-3,300500,22,27,21
led-3,300600,30,41,29
led-3,300700,41,54,40
led-3,300800,59,79,62
led-3,300900,69,99,72
led-3,301000,92,133,95
led-3,301100,93,132,95
led-3,301200,93,132,95
led-3,301300,91,134,96
led-3,301400,92,133,95
led-3,301500,93,134,96
led-3,301600,93,134,97
led-3,301700,93,135,96
led-3,301800,93,135,96
led-3,301900,92,136,97
led-3,302000,92,136,97
led-3,302100,92,136,97
led-3,302200,92,136,97
led-3,302300,92,137,98
led-3,302400,92,136,97
led-3,302500,92,137,97
led-3,302600,93,137,98
led-3,302700,93,138,98
led-3,302800,92,137,95
led-3,302900,93,138,96
led-3,303000,93,138,96
led-3,303100,94,139,96
led-3,303200,93,139,96
led-3,303300,93,139,97
led-3,303400,94,140,97
led-3,303500,94,140,97
led-3,303600,94,140,97
led-3,303700,94,140,97
led-3,303800,95,141,97
led-3,303900,94,140,97
led-3,304000,95,141,97
led-3,304100,95,141,97
led-3,304200,95,141,97
led-3,304300,95,141,97
led-3,304400,95,142,98
led-3,304500,96,142,98
led-3,304600,96,142,98
led-3,304700,96,143,98
led-3,304800,96,142,98
led-3,304900,96,143,98
led-3,305000,96,143,98
led-3,305100,96,143,98
led-3,305200,95,143,97
led-3,305300,186,252,255
led-3,305400,187,251,255
led-3,305500,186,252,255
led-3,305600,186,252,255
led-3,305700,186,252,255
led-3,305800,186,252,255
led-3,305900,186,252,255
led-3,306000,186,252,255
led-3,306100,186,252,255
led-3,306200,186,252,255
led-3,306300,187,251,255
led-3,306400,187,251,255
led-3,306500,187,251,255
led-3,306600,187,251,255
led-3,306700,187,251,255
led-3,306800,187,251,255
led-3,306900,188,251,255
led-3,307000,186,251,255
led-3,307100,187,251,255
led-3,307200,180,196,204
led-3,307300,187,251,255
led-3,307400,187,251,255
led-3,307500,187,251,255
led-3,307600,168,200,217
led-3,307700,123,96,98
led-3,307800,122,97,83
led-3,307900,136,99,83
led-3,308000,105,70,62
led-3,308100,141,108,92
led-3,308200,95,80,76
led-3,308300,183,171,175
led-3,308400,82,140,44
led-3,308500,82,140,44
led-3,308600,82,140,45
led-3,308700,82,140,45
led-3,308800,81,140,45
led-3,308900,81,140,45
led-3,309000,81,140,45
led-3,309100,81,140,45
led-3,309200,81,140,45
led-3,309300,81,140,45
led-3,309400,81,140,45
led-3,309500,81,140,45
led-3,309600,81,140,45
led-3,309700,81,140,45
led-3,309800,81,140,45
led-3,309900,81,140,45
led-3,310000,81,140,46
led-3,310100,81,140,45
led-3,310200,80,139,45
led-3,310300,80,138,45
led-3,310400,80,136,47
led-3,310500,80,136,47
led-3,310600,80,136,47
led-3,310700,78,133,44
led-3,310800,78,132,45
led-3,310900,78,132,45
led-3,311000,77,130,44
led-3,311100,77,130,44
led-3,311200,77,130,44
led-3,311300,77,127,43
led-3,311400,77,126,44
led-3,311500,77,126,44
led-3,311600,78,125,43
led-3,311700,78,125,43
led-3,311800,78,125,44
led-3,311900,80,126,48
led-3,312000,83,129,52
led-3,312100,84,129,53
led-3,312200,84,129,53
led-3,312300,83,129,52
led-3,312400,81,127,50
led-3,312500,73,78,69
led-3,312600,73,78,69
led-3,312700,73,78,69
led-3,312800,77,82,73
led-3,312900,75,80,71
led-3,313000,74,79,70
led-3,313100,74,79,70
led-3,313200,74,79,70
led-3,313300,76,79,71
led-3,313400,77,80,71
led-3,313500,78,80,71
led-3,313600,78,81,71
led-3,313700,76,80,70
led-3,313800,75,79,69
led-3,313900,75,79,69
led-3,314000,75,79,69
led-3,314100,75,79,69
led-3,314200,76,79,69
led-3,314300,75,79,69
led-3,314400,76,80,70
led-3,314500,80,85,72
led-3,314600,82,87,73
led-3,314700,85,90,76
led-3,314800,88,92,78
led-3,314900,87,92,78
led-3,315000,83,87,74
led-3,315100,79,84,71
led-3,315200,75,80,67
led-3,315300,75,79,67
led-3,315400,73,77,65
led-3,315500,73,77,65
led-3,315600,75,79,67
led-3,315700,77,82,69
led-3,315800,81,85,72
led-3,315900,86,90,76
led-3,316000,93,99,79
led-3,316100,101,107,85
led-3,316200,110,116,93
led-3,316300,134,139,110
led-3,316400,146,151,118
led-3,316500,157,164,127
led-3,316600,161,169,132
led-3,316700,168,176,138
led-3,316800,182,189,153
led-3,316900,191,197,163
led-3,317000,198,203,170
led-3,317100,199,203,172
led-3,317200,198,204,173
led-3,317300,45,68,58
led-3,317400,45,68,58
led-3,317500,45,67,58
led-3,317600,45,67,59
led-3,317700,45,67,58
led-3,317800,45,67,58
led-3,317900,45,67,58
led-3,318000,46,67,57
led-3,318100,45,67,56
led-3,318200,45,67,57
led-3,318300,45,67,57
led-3,318400,45,67,57
led-3,318500,52,70,60
led-3,318600,136,116,89
led-3,318700,192,159,115
led-3,318800,145,135,108
led-3,318900,129,122,102
led-3,319000,65,76,67
led-3,319100,51,68,59
led-3,319200,51,67,59
led-3,319300,85,88,76
led-3,319400,86,89,77
led-3,319500,89,92,79
led-3,319600,92,95,81
led-3,319700,96,98,83
led-3,319800,102,102,88
led-3,319900,105,105,89
led-3,320000,109,109,92
led-3,320100,113,114,95
led-3,320200,112,114,96
led-3,320300,58,72,58
led-3,320400,89,98,81
led-3,320500,81,90,81
led-3,320600,90,102,91
led-3,320700,85,97,86
led-3,320800,91,104,93
led-3,320900,89,100,89
led-3,321000,73,81,72
led-3,321100,89,103,93
led-3,321200,96,112,100
led-3,321300,102,118,104
led-3,321400,104,119,105
led-3,321500,101,115,102
led-3,321600,125,135,110
led-3,321700,180,190,148
led-3,321800,48,53,50
led-3,321900,48,53,50
led-3,322000,48,52,49
led-3,322100,48,52,49
led-3,322200,61,85,64
led-3,322300,61,85,63
led-3,322400,61,85,62
led-3,322500,62,85,63
led-3,322600,65,91,63
led-3,322700,63,89,65
led-3,322800,65,90,67
led-3,322900,67,92,68
led-3,323000,68,94,69
led-3,323100,69,95,71
led-3,323200,69,96,71
led-3,323300,69,96,70
led-3,323400,69,95,68
led-3,323500,67,93,67
led-3,323600,66,92,67
led-3,323700,66,92,66
led-3,323800,74,98,97
led-3,323900,140,109,101
led-3,324000,188,131,112
led-3,324100,137,84,74
led-3,324200,112,74,73
led-3,324300,120,94,92
led-3,324400,128,93,93
led-3,324500,126,88,85
led-3,324600,126,88,85
led-3,324700,126,88,86
led-3,324800,127,89,86
led-3,324900,127,89,87
led-3,325000,221,192,173
led-3,325100,178,115,108
led-3,325200,180,123,115
led-3,325300,181,125,117
led-3,325400,178,122,112
led-3,325500,193,138,125
led-3,325600,188,134,124
led-3,325700,185,132,122
led-3,325800,181,129,119
led-3,325900,178,126,118
led-3,326000,175,123,115
led-3,326100,174,122,115
led-3,326200,173,121,114
led-3,326300,125,85,84
led-3,326400,87,59,61
led-3,326500,155,110,106
led-3,326600,172,123,114
led-3,326700,95,66,66
led-3,326800,130,90,86
led-3,326900,93,63,63
led-3,327000,128,88,85
led-3,327100,93,63,64
led-3,327200,111,78,76
led-3,327300,71,46,54
led-3,327400,118,70,67
led-3,327500,124,74,69
led-3,327600,113,70,66
led-3,327700,90,62,59
led-3,327800,74,64,58
led-3,327900,90,81,73
led-3,328000,121,110,99
led-3,328100,116,100,91
led-3,328200,99,78,75
led-3,328300,71,47,50
led-3,328400,69,46,47
led-3,328500,78,50,50
led-3,328600,76,48,48
led-3,328700,77,49,49
led-3,328800,70,46,45
led-3,328900,71,46,46
led-3,329000,67,43,44
led-3,329100,68,44,45
led-3,329200,67,44,44
led-3,329300,67,44,45
led-3,329400,67,45,45
led-3,329500,70,46,45
led-3,329600,69,45,43
led-3,329700,67,44,45
led-3,329800,51,33,34
led-3,329900,54,34,33
led-3,330000,65,40,39
led-3,330100,72,43,40
led-3,330200,65,37,35
led-3,330300,60,35,32
led-3,330400,58,34,31
led-3,330500,58,33,32
led-3,330600,57,33,31
led-3,330700,55,33,30
led-3,330800,52,32,30
led-3,330900,51,32,30
led-3,331000,51,32,29
led-3,331100,52,31,29
led-3,331200,52,32,30
led-3,331300,171,128,101
led-3,331400,138,90,97
led-3,331500,115,66,59
led-3,331600,140,85,73
led-3,331700,156,96,80
led-3,331800,168,104,86
led-3,331900,171,105,87
led-3,332000,173,105,87
led-3,332100,172,105,86
led-3,332200,173,105,86
led-3,332300,172,104,85
led-3,332400,171,103,84
led-3,332500,177,108,89
led-3,332600,81,46,44
led-3,332700,197,139,120
led-3,332800,250,255,255
led-3,332900,249,255,255
led-3,333000,220,206,201
led-3,333100,62,48,52
led-3,333200,231,240,237
led-3,333300,248,245,236
led-3,333400,248,244,235
led-3,333500,248,244,235
led-3,333600,249,250,244
led-3,333700,249,252,249
led-3,333800,235,232,225
led-3,333900,134,114,110
led-3,334000,60,44,44
led-3,334100,56,40,40
led-3,334200,55,39,38
led-3,334300,56,40,39
led-3,334400,186,90,69
led-3,334500,186,89,69
led-3,334600,185,89,69
led-3,334700,185,88,68
led-3,334800,181,87,68
led-3,334900,179,86,67
led-3,335000,176,84,66
led-3,335100,175,83,65
led-3,335200,172,81,65
led-3,335300,168,79,62
led-3,335400,166,78,62
led-3,335500,160,76,60
led-3,335600,157,73,59
led-3,335700,153,72,58
led-3,335800,147,68,58
led-3,335900,142,66,55
led-3,336000,128,59,51
led-3,336100,120,56,49
led-3,336200,115,53,49
led-3,336300,116,52,49
led-3,336400,121,55,51
led-3,336500,136,61,56
led-3,336600,146,67,61
led-3,336700,155,72,68
led-3,336800,166,79,78
led-3,336900,235,250,250
led-3,337000,154,78,62
led-3,337100,6,6,4
led-3,337200,235,250,250
led-3,337300,238,249,243
led-3,337400,194,200,157
led-3,337500,191,212,167
led-3,337600,162,183,133
led-3,337700,156,158,107
led-3,337800,112,131,79
led-3,337900,138,158,107
led-3,338000,127,148,95
led-3,338100,187,207,160
led-3,338200,238,251,249
led-3,338300,235,250,249
led-3,338400,235,250,249
led-3,338500,235,250,249
led-3,338600,235,250,249
led-3,338700,235,250,249
led-3,338800,235,250,249
led-3,338900,235,250,249
led-3,339000,235,250,249
led-3,339100,235,250,249
led-3,339200,235,250,249
led-3,339300,235,250,249
led-3,339400,235,250,250
led-3,339500,235,250,250
led-3,339600,235,250,250
led-3,339700,235,250,250
led-3,339800,102,122,98
led-3,339900,102,122,98
led-3,340000,100,120,96
led-3,340100,100,120,96
led-3,340200,100,120,97
led-3,340300,100,120,96
led-3,340400,100,120,95
led-3,340500,99,118,95
led-3,340600,97,117,93
led-3,340700,95,114,92
led-3,340800,92,111,90
led-3,340900,92,109,89
led-3,341000,91,107,88
led-3,341100,91,107,88
led-3,341200,90,106,88
led-3,341300,90,105,88
led-3,341400,90,105,88
led-3,341500,90,105,88
led-3,341600,90,105,88
led-3,341700,90,105,88
led-3,341800,90,105,88
led-3,341900,90,105,88
led-3,342000,90,104,87
led-3,342100,90,104,86
led-3,342200,89,104,86
led-3,342300,89,103,86
led-3,342400,89,103,86
led-3,342500,90,103,86
led-3,342600,90,103,86
led-3,342700,90,104,86
led-3,342800,91,105,86
led-3,342900,90,106,85
led-3,343000,88,104,83
led-3,343100,85,101,82
led-3,343200,81,95,83
led-3,343300,76,88,83
led-3,343400,75,87,81
led-3,343500,74,86,80
led-3,343600,72,84,78
led-3,343700,70,82,77
led-3,343800,65,77,73
led-3,343900,62,72,69
led-3,344000,55,62,60
led-3,344100,55,57,54
led-3,344200,60,56,50
led-3,344300,96,96,52
led-3,344400,83,74,52
led-3,344500,95,82,61
led-3,344600,106,90,67
led-3,344700,120,97,72
led-3,344800,136,112,77
led-3,344900,126,108,77
led-3,345000,81,80,59
led-3,345100,46,59,32
led-3,345200,55,51,44
led-3,345300,52,48,41
led-3,345400,53,48,40
led-3,345500,59,51,41
led-3,345600,59,52,41
led-3,345700,56,51,39
led-3,345800,56,52,37
led-3,345900,54,48,36
led-3,346000,37,33,26
led-3,346100,33,30,24
led-3,346200,35,31,25
led-3,346300,37,33,27
led-3,346400,58,66,60
led-3,346500,68,78,70
led-3,346600,38,43,40
led-3,346700,50,57,53
led-3,346800,50,55,53
led-3,346900,50,58,54
led-3,347000,57,67,62
led-3,347100,56,67,62
led-3,347200,56,66,61
led-3,347300,59,68,64
led-3,347400,59,68,64
led-3,347500,61,69,67
led-3,347600,59,68,66
led-3,347700,66,78,74
led-3,347800,79,95,91
led-3,347900,88,107,100
led-3,348000,99,122,115
led-3,348100,107,133,128
led-3,348200,112,136,132
led-3,348300,77,93,84
led-3,348400,64,88,44
led-3,348500,61,73,49
led-3,348600,47,52,36
led-3,348700,46,53,34
led-3,348800,46,54,34
led-3,348900,46,58,33
led-3,349000,37,51,26
led-3,349100,37,51,25
led-3,349200,39,55,26
led-3,349300,39,57,26
led-3,349400,42,60,29
led-3,349500,46,64,32
led-3,349600,46,63,32
led-3,349700,46,60,30
led-3,349800,47,58,29
led-3,349900,48,60,30
led-3,350000,53,67,29
led-3,350100,46,60,29
led-3,350200,47,62,30
led-3,350300,50,67,34
led-3,350400,50,66,34
led-3,350500,51,64,31
led-3,350600,55,66,31
led-3,350700,58,67,31
led-3,350800,64,76,34
led-3,350900,67,85,33
led-3,351000,60,79,37
led-3,351100,61,85,37
led-3,351200,81,111,42
led-3,351300,82,108,42
led-3,351400,79,103,41
led-3,351500,53,59,37
led-3,351600,73,101,39
led-3,351700,76,99,38
led-3,351800,76,99,39
led-3,351900,76,99,39
led-3,352000,75,99,39
led-3,352100,75,100,38
led-3,352200,75,100,38
led-3,352300,75,101,38
led-3,352400,75,101,38
led-3,352500,75,101,39
led-3,352600,75,101,39
led-3,352700,75,101,39
led-3,352800,75,101,39
led-3,352900,75,101,39
led-3,353000,76,99,40
led-3,353100,76,99,40
led-3,353200,76,99,40
led-3,353300,76,99,40
led-3,353400,76,99,40
led-3,353500,75,97,39
led-3,353600,75,98,38
led-3,353700,75,98,38
led-3,353800,75,99,38
led-3,353900,75,98,38
led-3,354000,75,98,38
led-3,354100,75,98,38
led-3,354200,75,98,38
led-3,354300,75,98,38
led-3,354400,75,98,39
led-3,354500,75,98,39
led-3,354600,75,98,39
led-3,354700,75,98,39
led-3,354800,76,98,39
led-3,354900,76,98,39
led-3,355000,74,97,38
led-3,355100,73,94,38
led-3,355200,113,151,77
led-3,355300,123,167,89
led-3,355400,83,97,62
led-3,355500,71,94,44
led-3,355600,125,171,64
led-3,355700,85,124,43
led-3,355800,85,125,43
led-3,355900,86,126,43
led-3,356000,86,126,42
led-3,356100,86,126,42
led-3,356200,86,126,42
led-3,356300,87,127,42
led-3,356400,86,127,41
led-3,356500,86,127,42
led-3,356600,86,127,42
led-3,356700,86,127,42
led-3,356800,87,127,43
led-3,356900,87,127,44
led-3,357000,88,128,44
led-3,357100,90,130,45
led-3,357200,92,134,44
led-3,357300,100,141,49
led-3,357400,106,146,48
led-3,357500,104,138,48
led-3,357600,98,124,47
led-3,357700,87,105,42
led-3,357800,80,95,38
led-3,357900,89,105,40
led-3,358000,99,117,43
led-3,358100,104,123,43
led-3,358200,118,145,46
led-3,358300,146,186,53
led-3,358400,157,197,56
led-3,358500,160,198,55
led-3,358600,144,182,55
led-3,358700,130,166,51
led-3,358800,123,152,51
led-3,358900,111,144,49
led-3,359000,102,141,47
led-3,359100,105,137,48
led-3,359200,106,142,48
led-3,359300,93,126,46
led-3,359400,90,121,45
led-3,359500,92,124,41
led-3,359600,82,112,41
led-3,359700,92,119,48
led-3,359800,131,182,72
led-3,359900,82,116,42
led-3,360000,78,111,42
led-3,360100,69,99,39
led-3,360200,63,89,35
led-3,360300,60,85,34
led-3,360400,58,81,34
led-3,360500,52,73,30
led-3,360600,61,86,36
led-3,360700,62,86,36
led-3,360800,52,72,35
led-3,360900,44,59,30
led-3,361000,48,64,32
led-3,361100,48,64,32
led-3,361200,48,64,32
led-3,361300,48,64,32
led-3,361400,48,64,32
led-3,361500,48,64,32
led-3,361600,48,64,32
led-3,361700,48,64,32
led-3,361800,48,64,33
led-3,361900,48,64,32
led-3,362000,48,64,32
led-3,362100,48,63,32
led-3,362200,48,63,32
led-3,362300,48,64,32
led-3,362400,48,64,32
led-3,362500,48,64,32
led-3,362600,48,64,33
led-3,362700,48,64,33
led-3,362800,48,64,33
led-3,362900,48,64,33
led-3,363000,47,64,33
led-3,363100,47,64,33
led-3,363200,47,64,33
led-3,363300,48,64,32
led-3,363400,48,64,32
led-3,363500,48,64,32
led-3,363600,48,64,32
led-3,363700,48,64,32
led-3,363800,48,64,32
led-3,363900,48,64,32
led-3,364000,48,64,32
led-3,364100,48,64,32
led-3,364200,48,64,32
led-3,364300,48,64,32
led-3,364400,48,65,32
led-3,364500,48,65,33
led-3,364600,48,65,33
led-3,364700,48,65,33
led-3,364800,48,64,33
led-3,364900,48,63,35
led-3,365000,48,63,33
led-3,365100,48,63,34
led-3,365200,48,63,34
led-3,365300,50,63,35
led-3,365400,49,63,33
led-3,365500,49,62,34
led-3,365600,48,62,33
led-3,365700,48,63,34
led-3,365800,48,63,34
led-3,365900,49,63,34
led-3,366000,48,64,34
led-3,366100,49,64,34
led-3,366200,49,64,34
led-3,366300,50,64,34
led-3,366400,50,65,34
led-3,366500,52,67,36
led-3,366600,53,67,36
led-3,366700,55,68,38
led-3,366800,57,69,38
led-3,366900,56,68,38
led-3,367000,57,68,39
led-3,367100,57,67,40
led-3,367200,60,69,42
led-3,367300,79,84,53
led-3,367400,109,112,77
led-3,367500,169,170,129
led-3,367600,208,208,164
led-3,367700,234,234,187
led-3,367800,244,240,193
led-3,367900,232,228,182
led-3,368000,203,202,159
led-3,368100,183,185,148
led-3,368200,164,172,137
led-3,368300,140,156,124
led-3,368400,129,148,118
led-3,368500,114,138,109
led-3,368600,108,133,106
led-3,368700,104,130,104
led-3,368800,99,127,100
led-3,368900,97,126,98
led-3,369000,96,125,96
led-3,369100,96,125,97
led-3,369200,97,125,97
led-3,369300,97,125,97
led-3,369400,97,126,97
led-3,369500,97,126,97
led-3,369600,97,126,97
led-3,369700,97,126,98
led-3,369800,98,126,98
led-3,369900,98,126,98
led-3,370000,98,126,98
led-3,370100,98,126,97
led-3,370200,98,127,99
led-3,370300,98,127,99
led-3,370400,98,127,99
led-3,370500,98,127,99
led-3,370600,99,127,100
led-3,370700,99,127,100
led-3,370800,99,127,100
led-3,370900,100,127,100
led-3,371000,100,128,99
led-3,371100,99,128,100
led-3,371200,144,158,129
led-3,371300,107,169,137
led-3,371400,106,170,138
led-3,371500,107,170,136
led-3,371600,107,170,136
led-3,371700,107,170,136
led-3,371800,107,170,136
led-3,371900,107,170,137
led-3,372000,107,171,137
led-3,372100,106,170,137
led-3,372200,106,170,137
led-3,372300,106,170,137
led-3,372400,106,170,137
led-3,372500,106,170,137
led-3,372600,106,170,137
led-3,372700,106,170,137
led-3,372800,153,230,255
led-3,372900,153,230,255
led-3,373000,153,230,255
led-3,373100,153,230,255
led-3,373200,153,230,255
led-3,373300,153,230,255
led-3,373400,153,230,255
led-3,373500,153,230,255
led-3,373600,153,230,255
led-3,373700,153,230,255
led-3,373800,153,230,255
led-3,373900,153,230,255
led-3,374000,153,230,255
led-3,374100,153,230,255
led-3,374200,153,230,255
led-3,374300,153,230,255
led-3,374400,153,230,255
led-3,374500,153,230,255
led-3,374600,153,230,255
led-3,374700,153,230,255
led-3,374800,153,230,255
led-3,374900,153,230,255
led-3,375000,153,230,255
led-3,375100,153,230,255
led-3,375200,153,230,255
led-3,375300,153,230,255
led-3,375400,108,170,137
led-3,375500,108,170,135
led-3,375600,108,170,135
led-3,375700,108,170,135
led-3,375800,108,170,135
led-3,375900,108,170,135
led-3,376000,108,170,135
led-3,376100,108,170,135
led-3,376200,108,170,135
led-3,376300,108,170,134
led-3,376400,108,170,134
led-3,376500,107,170,134
led-3,376600,107,170,134
led-3,376700,107,170,134
led-3,376800,107,170,134
led-3,376900,107,170,134
led-3,377000,107,170,133
led-3,377100,107,170,133
led-3,377200,107,170,133
led-3,377300,107,170,133
led-3,377400,107,170,133
led-3,377500,107,170,135
led-3,377600,107,170,135
led-3,377700,108,170,135
led-3,377800,108,169,135
led-3,377900,108,169,135
led-3,378000,108,169,135
led-3,378100,108,169,135
led-3,378200,107,168,134
led-3,378300,107,168,134
led-3,378400,152,136,99
led-3,378500,152,136,99
led-3,378600,152,136,99
led-3,378700,152,136,99
led-3,378800,151,136,98
led-3,378900,151,136,98
led-3,379000,151,136,98
led-3,379100,151,136,98
led-3,379200,151,136,98
led-3,379300,151,136,98
led-3,379400,151,136,99
led-3,379500,151,136,99
led-3,379600,151,136,100
led-3,379700,151,136,100
led-3,379800,151,136,100
led-3,379900,151,136,100
led-3,380000,151,136,99
led-3,380100,151,136,99
led-3,380200,151,136,99
led-3,380300,152,136,99
led-3,380400,152,136,99
led-3,380500,152,136,99
led-3,380600,152,136,99
led-3,380700,152,136,99
led-3,380800,190,161,117
led-3,380900,147,133,95
led-3,381000,42,42,36
led-3,381100,30,39,34
led-3,381200,201,250,255
led-3,381300,201,250,255
led-3,381400,201,250,255
led-3,381500,201,250,255
led-3,381600,201,250,255
led-3,381700,201,250,255
led-3,381800,201,250,255
led-3,381900,201,250,255
led-3,382000,201,250,255
led-3,382100,201,250,255
led-3,382200,201,250,255
led-3,382300,201,250,255
led-3,382400,201,250,255
led-3,382500,201,250,255
led-3,382600,201,250,255
led-3,382700,201,250,255
led-3,382800,201,250,255
led-3,382900,201,250,255
led-3,383000,201,250,255
led-3,383100,201,250,255
led-3,383200,201,250,255
led-3,383300,201,250,255
led-3,383400,201,250,255
led-3,383500,201,250,255
led-3,383600,201,250,255
led-3,383700,201,250,255
led-3,383800,201,250,255
led-3,383900,201,250,255
led-3,384000,201,250,255
led-3,384100,201,250,255
led-3,384200,201,250,255
led-3,384300,201,250,255
led-3,384400,201,250,255
led-3,384500,201,250,255
led-3,384600,201,250,255
led-3,384700,201,250,255
led-3,384800,201,250,255
led-3,384900,201,250,255
led-3,385000,201,250,255
led-3,385100,201,250,255
led-3,385200,201,250,255
led-3,385300,201,250,255
led-3,385400,201,250,255
led-3,385500,201,250,255
led-3,385600,201,250,255
led-3,385700,201,250,255
led-3,385800,201,250,255
led-3,385900,201,250,255
led-3,386000,201,250,255
led-3,386100,201,250,255
led-3,386200,201,250,255
led-3,386300,201,250,255
led-3,386400,201,250,255
led-3,386500,201,250,255
led-3,386600,201,250,255
led-3,386700,201,250,255
led-3,386800,201,250,255
led-3,386900,201,250,255
led-3,387000,201,250,255
led-3,387100,201,250,255
led-3,387200,201,250,255
led-3,387300,201,250,255
led-3,387400,201,250,255
led-3,387500,201,250,255
led-3,387600,201,250,255
led-3,387700,201,250,255
led-3,387800,201,250,255
led-3,387900,201,250,255
led-3,388000,201,250,255
led-3,388100,201,250,255
led-3,388200,201,250,255
led-3,388300,201,250,255
led-3,388400,201,250,255
led-3,388500,201,250,255
led-3,388600,201,250,255
led-3,388700,201,250,255
led-3,388800,201,250,255
led-3,388900,201,250,255
led-3,389000,201,250,255
led-3,389100,201,250,255
led-3,389200,201,250,255
led-3,389300,201,250,255
led-3,389400,201,250,255
led-3,389500,201,250,255
led-3,389600,201,250,255
led-3,389700,201,250,255
led-3,389800,201,250,255
led-3,389900,201,250,255
led-3,390000,201,250,255
led-3,390100,201,250,255
led-3,390200,201,250,255
led-3,390300,201,250,255
led-3,390400,201,250,255
led-3,390500,201,250,255
led-3,390600,201,250,255
led-3,390700,201,250,255
led-3,390800,198,240,255
led-3,390900,198,240,255
led-3,391000,198,240,255
led-3,391100,198,168,176
led-3,391200,207,238,254
led-3,391300,223,182,175
led-3,391400,223,165,149
led-3,391500,219,152,126
led-3,391600,219,148,119
led-3,391700,219,147,116
led-3,391800,249,176,134
led-3,391900,233,162,119
led-3,392000,188,128,91
led-3,392100,173,116,85
led-3,392200,168,114,83
led-3,392300,168,112,82
led-3,392400,168,111,83
led-3,392500,238,210,201
led-3,392600,238,210,201
led-3,392700,238,210,201
led-3,392800,238,210,201
led-3,392900,238,210,201
led-3,393000,238,210,201
led-3,393100,238,210,201
led-3,393200,236,208,199
led-3,393300,234,202,194
led-3,393400,232,197,190
led-3,393500,231,196,190
led-3,393600,231,196,189
led-3,393700,231,196,189
led-3,393800,232,195,189
led-3,393900,232,195,189
led-3,394000,232,195,189
led-3,394100,232,195,189
led-3,394200,234,198,191
led-3,394300,234,199,192
led-3,394400,234,199,192
led-3,394500,208,205,204
led-3,394600,208,205,204
led-3,394700,207,203,203
led-3,394800,205,200,201
led-3,394900,204,198,199
led-3,395000,202,196,195
led-3,395100,203,196,196
led-3,395200,202,195,195
led-3,395300,206,199,200
led-3,395400,218,213,215
led-3,395500,227,228,227
led-3,395600,230,231,232
led-3,395700,232,233,235
led-3,395800,234,234,237
led-3,395900,234,236,237
led-3,396000,235,236,236
led-3,396100,235,236,237
led-3,396200,199,240,255
led-3,396300,199,240,255
led-3,396400,199,240,255
led-3,396500,199,240,255
led-3,396600,199,240,255
led-3,396700,199,240,255
led-3,396800,199,240,255
led-3,396900,199,240,255
led-3,397000,199,240,254
led-3,397100,199,240,254
led-3,397200,199,240,254
led-3,397300,208,229,241
led-3,397400,222,190,184
led-3,397500,173,134,141
led-3,397600,171,148,162
led-3,397700,177,173,187
led-3,397800,186,205,219
led-3,397900,192,218,233
led-3,398000,197,230,244
led-3,398100,199,234,249
led-3,398200,200,235,250
led-3,398300,203,236,251
led-3,398400,202,237,252
led-3,398500,199,233,247
led-3,398600,183,157,165
led-3,398700,202,238,255
led-3,398800,210,248,255
led-3,398900,198,230,255
led-3,399000,116,159,113
led-3,399100,116,159,114
led-3,399200,115,159,113
led-3,399300,115,159,114
led-3,399400,195,233,252
led-3,399500,195,233,252
led-3,399600,195,233,252
led-3,399700,195,233,252
led-3,399800,139,232,255
led-3,399900,139,232,255
led-3,400000,170,213,232
led-3,400100,190,187,200
led-3,400200,200,154,162
led-3,400300,187,138,149
led-3,400400,168,153,170
led-3,400500,155,186,212
led-3,400600,149,207,236
led-3,400700,143,221,252
led-3,400800,141,230,255
led-3,400900,141,231,255
led-3,401000,140,231,255
led-3,401100,140,231,255
led-3,401200,141,231,255
led-3,401300,141,231,255
led-3,401400,141,231,255
led-3,401500,141,231,255
led-3,401600,142,230,255
led-3,401700,142,224,255
led-3,401800,141,232,255
led-3,401900,141,232,255
led-3,402000,147,230,255
led-3,402100,141,232,255
led-3,402200,141,232,255
led-3,402300,141,232,255
led-3,402400,141,232,255
led-3,402500,141,232,255
led-3,402600,141,232,255
led-3,402700,141,232,255
led-3,402800,141,232,255
led-3,402900,141,232,255
led-3,403000,140,232,255
led-3,403100,140,231,255
led-3,403200,140,216,247
led-3,403300,132,157,174
led-3,403400,118,107,107
led-3,403500,170,141,136
led-3,403600,139,232,255
led-3,403700,141,232,255
led-3,403800,141,232,255
led-3,403900,142,233,255
led-3,404000,143,234,255
led-3,404100,143,234,255
led-3,404200,255,207,139
led-3,404300,189,177,191
led-3,404400,125,227,255
led-3,404500,69,207,255
led-3,404600,72,207,255
led-3,404700,71,207,255
led-3,404800,85,212,255
led-3,404900,87,213,255
led-3,405000,87,150,165
led-3,405100,87,150,165
led-3,405200,87,150,165
led-3,405300,87,150,165
led-3,405400,87,150,165
led-3,405500,87,150,165
led-3,405600,87,150,165
led-3,405700,87,150,165
led-3,405800,87,150,166
led-3,405900,87,150,166
led-3,406000,87,150,166
led-3,406100,87,150,166
led-3,406200,87,150,166
led-3,406300,86,150,166
led-3,406400,86,150,165
led-3,406500,86,150,165
led-3,406600,86,150,165
led-3,406700,86,150,165
led-3,406800,86,150,165
led-3,406900,87,150,165
led-3,407000,125,153,159
led-3,407100,150,176,179
led-3,407200,152,177,180
led-3,407300,154,177,181
led-3,407400,154,178,181
led-3,407500,154,179,182
led-3,407600,154,179,183
led-3,407700,155,179,183
led-3,407800,154,179,183
led-3,407900,154,179,183
led-3,408000,151,178,181
led-3,408100,151,178,181
led-3,408200,120,128,150
led-3,408300,165,109,84
led-3,408400,146,140,144
led-3,408500,138,103,90
led-3,408600,160,120,103
led-3,408700,216,161,129
led-3,408800,196,121,93
led-3,408900,198,116,92
led-3,409000,193,121,121
led-3,409100,160,156,180
led-3,409200,144,186,221
led-3,409300,132,207,249
led-3,409400,131,208,250
led-3,409500,128,217,255
led-3,409600,130,211,254
led-3,409700,138,198,236
led-3,409800,177,133,141
led-3,409900,183,101,85
led-3,410000,166,87,64
led-3,410100,171,97,74
led-3,410200,221,160,127
led-3,410300,200,151,119
led-3,410400,165,123,98
led-3,410500,143,232,255
led-3,410600,143,232,255
led-3,410700,143,232,255
led-3,410800,143,231,255
led-3,410900,143,231,255
led-3,411000,143,231,255
led-3,411100,143,231,255
led-3,411200,143,231,255
led-3,411300,143,231,255
led-3,411400,143,231,255
led-3,411500,143,231,255
led-3,411600,143,231,255
led-3,411700,143,231,255
led-3,411800,143,231,255
led-3,411900,143,231,255
led-3,412000,143,231,255
led-3,412100,143,231,255
led-3,412200,22,42,27
led-3,412300,22,42,27
led-3,412400,22,43,26
led-3,412500,22,42,26
led-3,412600,22,43,26
led-3,412700,22,43,27
led-3,412800,23,43,27
led-3,412900,23,43,27
led-3,413000,23,43,27
led-3,413100,23,44,27
led-3,413200,23,44,27
led-3,413300,22,43,27
led-3,413400,22,43,27
led-3,413500,22,43,27
led-3,413600,22,43,27
led-3,413700,22,43,27
led-3,413800,23,43,27
led-3,413900,23,43,27
led-3,414000,23,44,26
led-3,414100,23,44,26
led-3,414200,23,44,27
led-3,414300,23,44,27
led-3,414400,23,44,26
led-3,414500,23,44,26
led-3,414600,23,44,26
led-3,414700,23,44,26
led-3,414800,24,44,26
led-3,414900,24,44,28
led-3,415000,24,45,28
led-3,415100,25,45,29
led-3,415200,25,45,28
led-3,415300,27,46,29
led-3,415400,27,47,29
led-3,415500,28,49,30
led-3,415600,30,50,32
led-3,415700,31,51,32
led-3,415800,34,54,35
led-3,415900,35,56,36
led-3,416000,38,57,37
led-3,416100,39,59,36
led-3,416200,189,243,255
led-3,416300,188,243,255
led-3,416400,188,243,255
led-3,416500,188,243,255
led-3,416600,188,243,255
led-3,416700,188,243,255
led-3,416800,188,243,255
led-3,416900,188,243,255
led-3,417000,128,147,163
led-3,417100,189,243,255
led-3,417200,189,243,255
led-3,417300,189,243,255
led-3,417400,95,136,133
led-3,417500,95,136,133
led-3,417600,95,136,133
led-3,417700,95,136,133
led-3,417800,95,136,133
led-3,417900,95,136,133
led-3,418000,95,136,133
led-3,418100,95,136,133
led-3,418200,95,135,134
led-3,418300,95,135,133
led-3,418400,95,135,133
led-3,418500,106,68,49
led-3,418600,122,40,25
led-3,418700,144,55,31
led-3,418800,95,135,132
led-3,418900,95,135,132
led-3,419000,96,136,132
led-3,419100,96,135,132
led-3,419200,96,136,132
led-3,419300,96,136,132
led-3,419400,96,135,133
led-3,419500,96,135,133
led-3,419600,96,135,133
led-3,419700,96,135,133
led-3,419800,96,135,133
led-3,419900,96,135,134
led-3,420000,96,136,134
led-3,420100,138,224,255
led-3,420200,138,224,255
led-3,420300,153,221,234
led-3,420400,161,238,242
led-3,420500,177,237,206
led-3,420600,140,205,203
led-3,420700,144,221,250
led-3,420800,133,232,255
led-3,420900,205,207,191
led-3,421000,227,231,222
led-3,421100,210,213,198
led-3,421200,202,205,188
led-3,421300,201,204,187
led-3,421400,202,202,183
led-3,421500,202,202,186
led-3,421600,202,202,186
led-3,421700,202,203,186
led-3,421800,202,203,186
led-3,421900,75,119,126
led-3,422000,76,120,126
led-3,422100,77,121,127
led-3,422200,78,122,129
led-3,422300,80,126,130
led-3,422400,81,126,131
led-3,422500,84,131,131
led-3,422600,81,128,132
led-3,422700,81,129,132
led-3,422800,81,132,134
led-3,422900,82,133,136
led-3,423000,82,135,136
led-3,423100,84,137,136
led-3,423200,85,139,137
led-3,423300,87,141,138
led-3,423400,87,143,139
led-3,423500,90,146,141
led-3,423600,91,150,144
led-3,423700,93,152,146
led-3,423800,97,157,149
led-3,423900,98,160,149
led-3,424000,99,163,152
led-3,424100,100,166,154
led-3,424200,101,167,155
led-3,424300,103,170,158
led-3,424400,89,173,222
led-3,424500,94,167,214
led-3,424600,98,164,208
led-3,424700,102,160,200
led-3,424800,107,153,189
led-3,424900,114,147,177
led-3,425000,119,138,161
led-3,425100,130,133,149
led-3,425200,136,130,142
led-3,425300,154,130,127
led-3,425400,166,133,122
led-3,425500,185,145,124
led-3,425600,191,154,130
led-3,425700,191,163,141
led-3,425800,183,180,168
led-3,425900,175,187,184
led-3,426000,159,198,207
led-3,426100,147,205,224
led-3,426200,137,210,237
led-3,426300,114,211,253
led-3,426400,105,209,255
led-3,426500,51,94,63
led-3,426600,51,95,64
led-3,426700,51,96,67
led-3,426800,59,112,74
led-3,426900,67,129,79
led-3,427000,79,151,84
led-3,427100,85,162,87
led-3,427200,89,170,89
led-3,427300,89,170,87
led-3,427400,87,164,84
led-3,427500,61,85,70
led-3,427600,62,86,69
led-3,427700,62,87,68
led-3,427800,63,88,67
led-3,427900,63,90,66
led-3,428000,63,91,64
led-3,428100,62,93,64
led-3,428200,63,95,63
led-3,428300,64,96,64
led-3,428400,64,97,62
led-3,428500,65,100,62
led-3,428600,67,101,62
led-3,428700,67,104,61
led-3,428800,69,106,62
led-3,428900,69,108,62
led-3,429000,70,111,62
led-3,429100,73,112,63
led-3,429200,74,114,64
led-3,429300,68,204,255
led-3,429400,68,204,255
led-3,429500,67,202,255
led-3,429600,64,202,255
led-3,429700,62,201,255
led-3,429800,61,201,255
led-3,429900,61,201,255
led-3,430000,63,200,255
led-3,430100,63,200,255
led-3,430200,63,200,255
led-3,430300,66,203,255
led-3,430400,66,202,255
led-3,430500,67,202,255
led-3,430600,68,204,255
led-3,430700,68,204,255
led-3,430800,74,94,84
led-3,430900,73,102,82
led-3,431000,66,116,65
led-3,431100,65,116,64
led-3,431200,42,60,52
led-3,431300,41,70,50
led-3,431400,44,73,52
led-3,431500,42,56,56
led-3,431600,61,72,73
led-3,431700,73,81,83
led-3,431800,82,87,86
led-3,431900,76,93,76
led-3,432000,60,75,71
led-3,432100,63,79,67
led-3,432200,80,99,67
led-3,432300,78,100,74
led-3,432400,90,101,89
led-3,432500,71,81,80
led-3,432600,44,59,57
led-3,432700,44,58,55
led-3,432800,50,77,53
led-3,432900,49,83,52
led-3,433000,47,70,54
led-3,433100,57,72,70
led-3,433200,51,69,66
led-3,433300,45,69,54
led-3,433400,53,80,60
led-3,433500,68,117,63
led-3,433600,72,114,62
led-3,433700,68,110,62
led-3,433800,161,105,117
led-3,433900,158,100,114
led-3,434000,154,99,110
led-3,434100,153,100,112
led-3,434200,151,101,114
led-3,434300,152,109,120
led-3,434400,152,112,121
led-3,434500,150,112,120
led-3,434600,152,114,121
led-3,434700,155,118,123
led-3,434800,162,126,126
led-3,434900,167,132,129
led-3,435000,177,143,134
led-3,435100,182,148,136
led-3,435200,185,152,136
led-3,435300,191,155,136
led-3,435400,192,154,135
led-3,435500,192,151,128
led-3,435600,156,247,255
led-3,435700,156,247,255
led-3,435800,156,247,255
led-3,435900,156,247,255
led-3,436000,140,217,228
led-3,436100,125,136,96
led-3,436200,115,216,255
led-3,436300,115,216,255
led-3,436400,115,216,255
led-3,436500,115,216,255
led-3,436600,115,216,255
led-3,436700,145,160,189
led-3,436800,146,174,206
led-3,436900,147,174,207
led-3,437000,148,173,205
led-3,437100,151,165,194
led-3,437200,168,121,125
led-3,437300,116,215,255
led-3,437400,116,215,255
led-3,437500,116,215,255
led-3,437600,116,215,255
led-3,437700,116,215,255
led-3,437800,116,215,255
led-3,437900,227,176,154
led-3,438000,224,168,135
led-3,438100,228,173,140
led-3,438200,215,159,123
led-3,438300,226,168,133
led-3,438400,213,156,122
led-3,438500,220,163,128
led-3,438600,208,153,119
led-3,438700,226,171,139
led-3,438800,206,149,115
led-3,438900,225,169,138
led-3,439000,226,172,141
led-3,439100,225,172,141
led-3,439200,226,173,142
led-3,439300,227,174,147
led-3,439400,226,172,145
led-3,439500,222,163,136
led-3,439600,222,164,135
led-3,439700,226,169,141
led-3,439800,226,171,142
led-3,439900,213,192,182
led-3,440000,205,207,205
led-3,440100,209,202,197
led-3,440200,208,202,198
led-3,440300,115,216,255
led-3,440400,115,216,255
led-3,440500,115,216,255
led-3,440600,80,194,201
led-3,440700,80,194,201
led-3,440800,79,196,202
led-3,440900,79,195,203
led-3,441000,79,195,203
led-3,441100,79,195,204
led-3,441200,79,196,203
led-3,441300,78,196,207
led-3,441400,79,196,207
led-3,441500,77,197,207
led-3,441600,77,197,210
led-3,441700,77,197,211
led-3,441800,77,197,212
led-3,441900,77,198,212
led-3,442000,78,197,211
led-3,442100,79,198,210
led-3,442200,255,253,251
led-3,442300,179,180,113
led-3,442400,243,253,140
led-3,442500,160,108,102
led-3,442600,173,115,106
led-3,442700,39,38,40
led-3,442800,85,79,78
led-3,442900,64,75,76
led-3,443000,48,66,64
led-3,443100,43,59,59
led-3,443200,40,56,55
led-3,443300,145,234,255
led-3,443400,145,234,255
led-3,443500,145,234,255
led-3,443600,145,234,255
led-3,443700,145,234,255
led-3,443800,145,234,255
led-3,443900,145,234,255
led-3,444000,145,234,255
led-3,444100,145,233,255
led-3,444200,143,233,255
led-3,444300,125,202,222
led-3,444400,141,231,255
led-3,444500,140,231,255
led-3,444600,140,231,255
led-3,444700,140,231,255
led-3,444800,48,73,50
led-3,444900,70,137,80
led-3,445000,79,113,77
led-3,445100,79,112,81
led-3,445200,79,113,79
led-3,445300,82,120,83
led-3,445400,85,123,84
led-3,445500,85,127,82
led-3,445600,85,129,83
led-3,445700,86,129,83
led-3,445800,86,130,82
led-3,445900,86,130,82
led-3,446000,85,131,82
led-3,446100,85,131,82
led-3,446200,86,130,82
led-3,446300,85,131,81
led-3,446400,85,131,81
led-3,446500,85,131,81
led-3,446600,85,131,81
led-3,446700,85,131,81
led-3,446800,85,131,81
led-3,446900,85,131,81
led-3,447000,85,131,81
led-3,447100,85,131,81
led-3,447200,85,131,81
led-3,447300,85,130,80
led-3,447400,85,130,80
led-3,447500,85,130,81
led-3,447600,85,130,81
led-3,447700,85,130,81
led-3,447800,85,130,81
led-3,447900,85,130,81
led-3,448000,85,130,81
led-3,448100,85,131,81
led-3,448200,85,130,81
led-3,448300,85,131,81
led-3,448400,85,131,81
led-3,448500,85,131,81
led-3,448600,85,130,81
led-3,448700,85,130,81
led-3,448800,85,130,81
led-3,448900,85,130,81
led-3,449000,85,131,81
led-3,449100,85,131,81
led-3,449200,85,131,81
led-3,449300,85,131,81
led-3,449400,85,130,81
led-3,449500,85,130,81
led-3,449600,85,130,81
led-3,449700,85,130,81
led-3,449800,86,130,81
led-3,449900,86,130,81
led-3,450000,85,130,81
led-3,450100,85,130,81
led-3,450200,85,130,81
led-3,450300,85,130,81
led-3,450400,85,130,81
led-3,450500,85,130,81
led-3,450600,85,130,81
led-3,450700,85,130,81
led-3,450800,85,130,81
led-3,450900,85,130,81
led-3,451000,85,130,81
led-3,451100,85,130,81
led-3,451200,85,130,81
led-3,451300,85,130,81
led-3,451400,85,130,81
led-3,451500,85,130,81
led-3,451600,85,130,81
led-3,451700,85,130,81
led-3,451800,84,135,86
led-3,451900,84,135,86
led-3,452000,83,135,86
led-3,452100,84,135,86
led-3,452200,84,135,86
led-3,452300,84,135,86
led-3,452400,84,135,86
led-3,452500,86,138,88
led-3,452600,84,145,124
led-3,452700,108,197,184
led-3,452800,81,139,132
led-3,452900,65,117,87
led-3,453000,44,73,47
led-3,453100,45,74,51
led-3,453200,123,130,114
led-3,453300,125,131,122
led-3,453400,134,144,132
led-3,453500,134,144,132
led-3,453600,134,144,132
led-3,453700,134,144,132
led-3,453800,134,144,132
led-3,453900,134,144,132
led-3,454000,134,144,133
led-3,454100,134,144,133
led-3,454200,134,144,133
led-3,454300,135,144,133
led-3,454400,134,144,132
led-3,454500,134,144,132
led-3,454600,135,144,132
led-3,454700,135,144,132
led-3,454800,135,144,132
led-3,454900,134,144,133
led-3,455000,132,143,131
led-3,455100,133,144,131
led-3,455200,133,144,132
led-3,455300,134,145,132
led-3,455400,134,145,132
led-3,455500,134,145,132
led-3,455600,134,145,133
led-3,455700,134,145,133
led-3,455800,134,145,132
led-3,455900,134,145,132
led-3,456000,134,145,132
led-3,456100,134,145,132
led-3,456200,134,145,132
led-3,456300,134,145,132
led-3,456400,134,145,132
led-3,456500,135,144,132
led-3,456600,134,145,132
led-3,456700,131,139,128
led-3,456800,127,138,127
led-3,456900,159,164,147
led-3,457000,151,159,143
led-3,457100,152,158,142
led-3,457200,142,151,136
led-3,457300,132,141,128
led-3,457400,126,136,125
led-3,457500,121,131,121
led-3,457600,120,129,119
led-3,457700,119,128,118
led-3,457800,120,130,119
led-3,457900,123,131,120
led-3,458000,124,132,122
led-3,458100,125,132,122
led-3,458200,125,133,121
led-3,458300,136,144,130
led-3,458400,135,143,130
led-3,458500,133,140,129
led-3,458600,131,139,128
led-3,458700,130,138,125
led-3,458800,127,135,124
led-3,458900,126,134,122
led-3,459000,125,134,122
led-3,459100,125,135,123
led-3,459200,126,135,124
led-3,459300,127,137,126
led-3,459400,128,140,126
led-3,459500,131,142,127
led-3,459600,133,143,129
led-3,459700,133,144,130
led-3,459800,135,145,132
led-3,459900,135,146,133
led-3,460000,137,146,132
led-3,460100,138,147,133
led-3,460200,139,147,134
led-3,460300,139,147,134
led-3,460400,140,148,134
led-3,460500,140,148,134
led-3,460600,97,102,93
led-3,460700,60,64,58
led-3,460800,19,19,19
led-3,460900,2,2,2
led-3,461000,0,0,0
led-3,461100,0,0,0
led-3,461200,0,0,0
led-3,461300,0,0,0
led-3,461400,0,0,0
led-3,461500,0,0,0
led-3,461600,0,0,0
led-3,461700,0,0,0
led-3,461800,0,0,0
led-3,461900,4,4,4
led-3,462000,11,13,10
led-3,462100,18,21,16
led-3,462200,28,31,23
led-3,462300,42,50,32
led-3,462400,54,63,43
led-3,462500,72,85,56
led-3,462600,88,103,65
led-3,462700,91,107,69
led-3,462800,95,110,74
led-3,462900,96,111,75
led-3,463000,95,112,81
led-3,463100,98,115,88
led-3,463200,100,118,92
led-3,463300,105,126,96
led-3,463400,106,129,96
led-3,463500,111,138,103
led-3,463600,112,139,104
led-3,463700,107,133,104
led-3,463800,103,127,104
led-3,463900,97,123,100
led-3,464000,104,129,97
led-3,464100,102,126,96
led-3,464200,97,118,97
led-3,464300,85,105,96
led-3,464400,82,101,97
led-3,464500,90,110,102
led-3,464600,94,121,107
led-3,464700,98,129,112
led-3,464800,106,141,124
led-3,464900,109,144,130
led-3,465000,105,141,141
led-3,465100,100,135,145
led-3,465200,108,142,155
led-3,465300,133,162,182
led-3,465400,139,165,192
led-3,465500,144,169,200
led-3,465600,158,184,217
led-3,465700,178,201,237
led-3,465800,192,213,249
led-3,465900,193,214,250
led-3,466000,170,190,212
led-3,466100,154,199,189
led-3,466200,139,213,168
led-3,466300,99,139,112
led-3,466400,74,74,72
led-3,466500,81,82,83
led-3,466600,90,91,93
led-3,466700,101,101,107
led-3,466800,95,92,99
led-3,466900,87,84,89
led-3,467000,107,104,109
led-3,467100,112,109,113
led-3,467200,115,114,119
led-3,467300,128,134,147
led-3,467400,127,130,144
led-3,467500,131,135,146
led-3,467600,132,135,145
led-3,467700,136,163,132
led-3,467800,136,188,101
led-3,467900,139,155,149
led-3,468000,132,164,180
led-3,468100,134,184,215
led-3,468200,134,190,225
led-3,468300,134,191,224
led-3,468400,134,192,224
led-3,468500,133,191,214
led-3,468600,132,183,184
led-3,468700,130,170,163
led-3,468800,131,171,187
led-3,468900,125,173,187
led-3,469000,101,144,101
led-3,469100,91,130,64
led-3,469200,88,127,60
led-3,469300,84,122,58
led-3,469400,79,117,56
led-3,469500,78,117,55
led-3,469600,86,129,58
led-3,469700,90,138,60
led-3,469800,86,132,62
led-3,469900,80,124,61
led-3,470000,80,123,62
led-3,470100,85,130,66
led-3,470200,96,147,77
led-3,470300,116,178,95
led-3,470400,128,195,105
led-3,470500,141,213,114
led-3,470600,148,221,118
led-3,470700,153,225,118
led-3,470800,156,227,117
led-3,470900,157,227,118
led-3,471000,158,227,115
led-3,471100,160,228,115
led-3,471200,160,227,115
led-3,471300,159,228,114
led-3,471400,246,242,225
led-3,471500,246,242,225
led-3,471600,246,242,225
led-3,471700,246,242,225
led-3,471800,246,242,225
led-3,471900,245,242,224
led-3,472000,245,242,224
led-3,472100,245,242,224
led-3,472200,245,243,225
led-3,472300,245,243,226
led-3,472400,245,241,224
led-3,472500,244,241,224
led-3,472600,244,241,224
led-3,472700,244,241,224
led-3,472800,244,240,223
led-3,472900,99,139,136
led-3,473000,99,139,136
led-3,473100,99,139,136
led-3,473200,99,139,136
led-3,473300,100,139,136
led-3,473400,99,139,136
led-3,473500,99,140,136
led-3,473600,99,140,136
led-3,473700,99,140,136
led-3,473800,99,140,136
led-3,473900,99,140,136
led-3,474000,99,140,136
led-3,474100,99,140,136
led-3,474200,99,140,136
led-3,474300,99,140,136
led-3,474400,99,140,136
led-3,474500,99,139,136
led-3,474600,99,139,136
led-3,474700,99,139,136
led-3,474800,99,139,136
led-3,474900,99,139,136
led-3,475000,99,139,136
led-3,475100,99,139,136
led-3,475200,100,140,136
led-3,475300,239,178,244
led-3,475400,99,139,135
led-3,475500,218,186,245
led-3,475600,101,139,136
led-3,475700,100,139,135
led-3,475800,100,139,136
led-3,475900,100,139,136
led-3,476000,100,139,136
led-3,476100,100,139,136
led-3,476200,100,139,136
led-3,476300,100,139,136
led-3,476400,100,139,137
led-3,476500,100,139,137
led-3,476600,100,139,137
led-3,476700,100,139,137
led-3,476800,100,139,137
led-3,476900,100,139,137
led-3,477000,100,139,136
led-3,477100,99,139,136
led-3,477200,99,139,136
led-3,477300,99,139,136
led-3,477400,99,139,136
led-3,477500,100,139,135
led-3,477600,100,139,135
led-3,477700,99,138,136
led-3,477800,98,135,134
led-3,477900,97,132,132
led-3,478000,93,127,130
led-3,478100,93,128,129
led-3,478200,96,133,131
led-3,478300,102,144,135
led-3,478400,106,151,138
led-3,478500,111,159,142
led-3,478600,113,161,142
led-3,478700,116,162,146
led-3,478800,117,162,147
led-3,478900,114,157,145
led-3,479000,105,146,139
led-3,479100,95,137,133
led-3,479200,88,129,128
led-3,479300,90,130,128
led-3,479400,95,137,130
led-3,479500,100,144,133
led-3,479600,101,145,133
led-3,479700,100,144,133
led-3,479800,99,140,132
led-3,479900,97,138,130
led-3,480000,96,135,129
led-3,480100,95,134,128
led-3,480200,149,93,81
led-3,480300,149,94,81
led-3,480400,149,94,81
led-3,480500,149,94,81
led-3,480600,149,94,81
led-3,480700,149,94,81
led-3,480800,149,94,81
led-3,480900,149,93,81
led-3,481000,148,94,81
led-3,481100,147,93,81
led-3,481200,148,93,81
led-3,481300,148,93,81
led-3,481400,149,94,81
led-3,481500,148,93,81
led-3,481600,149,94,81
led-3,481700,152,226,255
led-3,481800,152,226,255
led-3,481900,152,226,255
led-3,482000,152,227,255
led-3,482100,152,227,255
led-3,482200,152,227,255
led-3,482300,152,227,255
led-3,482400,152,227,255
led-3,482500,152,227,255
led-3,482600,152,227,255
led-3,482700,152,227,255
led-3,482800,152,227,255
led-3,482900,152,227,255
led-3,483000,152,227,255
led-3,483100,152,227,255
led-3,483200,152,227,255
led-3,483300,152,227,255
led-3,483400,152,227,255
led-3,483500,152,227,255
led-3,483600,152,227,255
led-3,483700,152,227,255
led-3,483800,152,227,255
led-3,483900,240,243,241
led-3,484000,240,243,241
led-3,484100,239,243,241
led-3,484200,239,242,241
led-3,484300,239,242,242
led-3,484400,239,242,243
led-3,484500,238,242,242
led-3,484600,238,242,243
led-3,484700,238,241,242
led-3,484800,238,241,242
led-3,484900,238,241,242
led-3,485000,237,241,242
led-3,485100,237,241,242
led-3,485200,236,241,242
led-3,485300,236,241,242
led-3,485400,236,241,242
led-3,485500,236,241,242
led-3,485600,236,240,242
led-3,485700,235,240,242
led-3,485800,235,240,242
led-3,485900,235,239,243
led-3,486000,235,239,242
led-3,486100,235,239,242
led-3,486200,235,239,242
led-3,486300,94,134,127
led-3,486400,94,134,127
led-3,486500,94,134,127
led-3,486600,94,134,127
led-3,486700,94,134,127
led-3,486800,94,134,127
led-3,486900,94,134,127
led-3,487000,94,134,127
led-3,487100,94,134,127
led-3,487200,94,134,127
led-3,487300,94,134,127
led-3,487400,94,134,127
led-3,487500,94,134,127
led-3,487600,94,134,127
led-3,487700,94,134,127
led-3,487800,94,134,126
led-3,487900,94,134,127
led-3,488000,94,134,127
led-3,488100,94,134,127
led-3,488200,94,134,127
led-3,488300,94,134,127
led-3,488400,94,134,127
led-3,488500,94,134,127
led-3,488600,94,134,127
led-3,488700,0,0,0
led-3,488800,0,0,0
led-3,488900,0,0,0
led-3,489000,0,0,0
led-3,489100,0,0,0
led-3,489200,0,0,0
led-3,489300,0,0,0
led-3,489400,0,0,0
led-3,489500,0,0,0
led-3,489600,0,0,0
led-3,489700,0,0,0
led-3,489800,87,127,120
led-3,489900,0,0,0
led-3,490000,0,0,0
led-3,490100,1,1,1
led-3,490200,3,5,7
led-3,490300,8,12,15
led-3,490400,12,18,21
led-3,490500,15,25,31
led-3,490600,18,31,37
led-3,490700,20,36,44
led-3,490800,25,45,55
led-3,490900,27,50,62
led-3,491000,30,57,70
led-3,491100,32,62,77
led-3,491200,34,67,83
led-3,491300,37,75,92
led-3,491400,41,79,98
led-3,491500,40,85,104
led-3,491600,42,89,110
led-3,491700,44,93,115
led-3,491800,47,97,123
led-3,491900,48,101,127
led-3,492000,50,105,131
led-3,492100,50,107,134
led-3,492200,50,109,137
led-3,492300,51,112,140
led-3,492400,52,113,142
led-3,492500,53,114,143
led-3,492600,53,114,144
led-3,492700,53,114,143
led-3,492800,53,114,143
led-3,492900,53,114,143
led-3,493000,52,115,143
led-3,493100,52,115,144
led-3,493200,52,114,143
led-3,493300,52,114,143
led-3,493400,52,114,143
led-3,493500,52,114,143
led-3,493600,52,114,143
led-3,493700,52,114,143
led-3,493800,51,114,143
led-3,493900,51,114,143
led-3,494000,51,113,143
led-3,494100,51,113,142
led-3,494200,51,113,142
led-3,494300,50,113,142
led-3,494400,50,113,142
led-3,494500,50,112,141
led-3,494600,50,112,141
led-3,494700,49,112,141
led-3,494800,49,111,141
led-3,494900,49,111,140
led-3,495000,48,111,140
led-3,495100,48,111,140
led-3,495200,48,110,140
led-3,495300,47,109,140
led-3,495400,47,109,140
led-3,495500,47,109,140
led-3,495600,46,109,140
led-3,495700,46,108,139
led-3,495800,45,107,138
led-3,495900,45,106,137
led-3,496000,45,105,137
led-3,496100,45,105,137
led-3,496200,44,105,137
led-3,496300,44,105,137
led-3,496400,44,105,136
led-3,496500,44,105,136
led-3,496600,43,104,136
led-3,496700,44,104,136
led-3,496800,44,104,136
led-3,496900,43,104,136
led-3,497000,44,104,136
led-3,497100,44,105,136
led-3,497200,44,105,136
led-3,497300,45,105,136
led-3,497400,46,105,136
led-3,497500,47,106,136
led-3,497600,47,106,137
led-3,497700,47,106,137
led-3,497800,48,106,137
led-3,497900,48,106,138
led-3,498000,49,107,137
led-3,498100,48,107,137
led-3,498200,48,107,137
led-3,498300,49,107,138
led-3,498400,51,107,138
led-3,498500,52,109,138
led-3,498600,52,109,139
led-3,498700,53,109,139
led-3,498800,54,110,141
led-3,498900,55,111,141
led-3,499000,57,111,140
led-3,499100,58,112,141
led-3,499200,58,112,142
led-3,499300,59,113,142
led-3,499400,59,113,142
led-3,499500,60,113,142
led-3,499600,61,114,143
led-3,499700,62,115,143
led-3,499800,63,116,145
led-3,499900,64,116,145
led-3,500000,65,117,145
led-3,500100,67,117,145
led-3,500200,67,118,146
led-3,500300,67,119,147
led-3,500400,67,119,147
led-3,500500,67,119,147
led-3,500600,68,118,146
led-3,500700,66,118,146
led-3,500800,65,117,144
led-3,500900,65,117,144
led-3,501000,63,115,143
led-3,501100,63,115,143
led-3,501200,64,115,144
led-3,501300,64,115,143
led-3,501400,64,115,143
led-3,501500,62,115,143
led-3,501600,62,115,143
led-3,501700,62,114,141
led-3,501800,62,114,142
led-3,501900,61,114,142
led-3,502000,61,114,142
led-3,502100,61,114,142
led-3,502200,62,114,142
led-3,502300,62,115,143
led-3,502400,62,115,143
led-3,502500,61,115,143
led-3,502600,61,115,142
led-3,502700,61,115,142
led-3,502800,61,114,141
led-3,502900,62,114,142
led-3,503000,62,114,143
led-3,503100,62,114,143
led-3,503200,63,115,143
led-3,503300,64,116,144
led-3,503400,64,116,145
led-3,503500,63,117,144
led-3,503600,64,116,144
led-3,503700,63,116,144
led-3,503800,62,115,144
led-3,503900,61,114,142
led-3,504000,60,113,141
led-3,504100,60,113,141
led-3,504200,61,113,141
led-3,504300,62,114,143
led-3,504400,62,115,143
led-3,504500,63,115,144
led-3,504600,63,116,144
led-3,504700,64,117,144
led-3,504800,67,119,146
led-3,504900,69,120,147
led-3,505000,70,121,147
led-3,505100,70,121,147
led-3,505200,71,121,147
led-3,505300,71,122,148
led-3,505400,71,121,147
led-3,505500,70,121,147
led-3,505600,70,120,147
led-3,505700,70,121,147
led-3,505800,71,121,147
led-3,505900,71,120,147
led-3,506000,70,120,145
led-3,506100,69,119,145
led-3,506200,68,119,145
led-3,506300,68,119,145
led-3,506400,68,119,145
led-3,506500,68,119,145
led-3,506600,68,119,145
led-3,506700,68,119,145
led-3,506800,68,118,144
led-3,506900,68,119,144
led-3,507000,68,119,143
led-3,507100,68,119,144
led-3,507200,68,119,145
led-3,507300,69,119,146
led-3,507400,70,120,145
led-3,507500,72,121,143
led-3,507600,75,122,142
led-3,507700,77,123,139
led-3,507800,83,127,136
led-3,507900,86,128,134
led-3,508000,90,131,129
led-3,508100,92,132,128
led-3,508200,94,134,125
led-3,508300,99,136,121
led-3,508400,102,137,120
led-3,508500,104,139,116
led-3,508600,107,141,115
led-3,508700,108,143,114
led-3,508800,111,144,113
led-3,508900,112,145,114
led-3,509000,114,146,111
led-3,509100,115,146,112
led-3,509200,116,147,112
led-3,509300,117,148,112
led-3,509400,117,148,112
led-3,509500,117,149,110
led-3,509600,118,150,110
led-3,509700,119,150,110
led-3,509800,120,150,109
led-3,509900,120,151,109
led-3,510000,120,150,106
led-3,510100,121,150,106
led-3,510200,121,150,106
led-3,510300,121,151,106
led-3,510400,122,151,106
led-3,510500,123,153,106
led-3,510600,122,153,105
led-3,510700,123,153,105
led-3,510800,123,154,104
led-3,510900,124,154,104
led-3,511000,125,153,103
led-3,511100,126,153,104
led-3,511200,126,154,104
led-3,511300,126,155,104
led-3,511400,126,156,104
led-3,511500,127,156,104
led-3,511600,127,156,104
led-3,511700,127,157,103
led-3,511800,129,157,102
led-3,511900,130,157,102
led-3,512000,130,157,102
led-3,512100,131,158,103
led-3,512200,132,159,103
led-3,512300,132,159,102
led-3,512400,131,159,102
led-3,512500,131,159,99
led-3,512600,131,159,100
led-3,512700,132,160,99
led-3,512800,132,160,100
led-3,512900,131,159,99
led-3,513000,131,159,98
led-3,513100,128,156,96
led-3,513200,130,159,97
led-3,513300,132,160,98
led-3,513400,133,161,98
led-3,513500,133,161,97
led-3,513600,133,161,97
led-3,513700,133,161,96
led-3,513800,132,161,97
led-3,513900,133,161,97
led-3,514000,134,162,96
led-3,514100,134,163,97
led-3,514200,135,165,97
led-3,514300,135,164,98
led-3,514400,135,165,97
led-3,514500,135,165,97
led-3,514600,135,165,98
led-3,514700,136,166,97
led-3,514800,136,167,98
led-3,514900,137,167,98
led-3,515000,136,166,95
led-3,515100,137,167,95
led-3,515200,136,167,94
led-3,515300,135,166,93
led-3,515400,135,167,93
led-3,515500,137,168,95
led-3,515600,136,169,94
led-3,515700,137,169,96
led-3,515800,137,170,97
led-3,515900,137,169,97
led-3,516000,138,169,97
led-3,516100,139,170,99
led-3,516200,139,170,99
led-3,516300,139,171,100
led-3,516400,139,172,101
led-3,516500,141,172,102
led-3,516600,139,173,102
led-3,516700,139,173,103
led-3,516800,138,172,104
led-3,516900,139,173,104
led-3,517000,139,172,104
led-3,517100,195,145,114
led-3,517200,139,172,106
led-3,517300,138,173,108
led-3,517400,138,173,109
led-3,517500,137,172,109
led-3,517600,137,173,108
led-3,517700,136,172,109
led-3,517800,134,171,110
led-3,517900,134,171,109
led-3,518000,132,169,109
led-3,518100,132,169,109
led-3,518200,131,168,109
led-3,518300,131,168,110
led-3,518400,129,168,110
led-3,518500,139,173,122
led-3,518600,151,174,138
led-3,518700,148,172,135
led-3,518800,126,164,110
led-3,518900,125,165,112
led-3,519000,125,165,113
led-3,519100,125,165,113
led-3,519200,123,164,113
led-3,519300,121,162,112
led-3,519400,120,162,112
led-3,519500,119,162,112
led-3,519600,120,162,112
led-3,519700,119,161,112
led-3,519800,117,160,113
led-3,519900,117,160,115
led-3,520000,116,160,114
led-3,520100,116,160,114
led-3,520200,116,159,115
led-3,520300,115,158,115
led-3,520400,114,158,115
led-3,520500,113,157,114
led-3,520600,112,157,114
led-3,520700,112,157,115
led-3,520800,111,156,117
led-3,520900,111,156,117
led-3,521000,110,155,116
led-3,521100,111,156,117
led-3,521200,111,155,119
led-3,521300,110,155,119
led-3,521400,111,155,120
led-3,521500,114,158,123
led-3,521600,138,169,143
led-3,521700,145,169,148
led-3,521800,115,155,126
led-3,521900,108,154,121
led-3,522000,107,153,119
led-3,522100,107,152,120
led-3,522200,107,153,121
led-3,522300,107,153,121
led-3,522400,108,153,121
led-3,522500,108,154,123
led-3,522600,109,155,123
led-3,522700,109,154,123
led-3,522800,109,153,123
led-3,522900,108,153,123
led-3,523000,106,152,123
led-3,523100,107,152,123
led-3,523200,107,153,124
led-3,523300,109,151,122
led-3,523400,116,150,123
led-3,523500,152,164,147
led-3,523600,155,159,143
led-3,523700,139,137,109
led-3,523800,152,129,88
led-3,523900,162,129,83
led-3,524000,174,131,76
led-3,524100,179,135,76
led-3,524200,182,143,89
led-3,524300,179,144,96
led-3,524400,179,139,83
led-3,524500,183,137,75
led-3,524600,182,137,74
led-3,524700,181,135,74
led-3,524800,181,134,73
led-3,524900,179,133,72
led-3,525000,176,132,73
led-3,525100,177,132,75
led-3,525200,174,131,74
led-3,525300,170,129,75
led-3,525400,169,128,76
led-3,525500,165,126,78
led-3,525600,162,124,80
led-3,525700,160,123,81
led-3,525800,156,121,85
led-3,525900,156,120,87
led-3,526000,149,118,87
led-3,526100,148,119,89
led-3,526200,147,118,91
led-3,526300,143,115,94
led-3,526400,140,114,93
led-3,526500,139,110,93
led-3,526600,135,110,94
led-3,526700,134,108,93
led-3,526800,131,105,95
led-3,526900,129,105,95
led-3,527000,127,103,94
led-3,527100,126,103,94
led-3,527200,123,103,93
led-3,527300,122,101,94
led-3,527400,122,101,94
led-3,527500,122,101,94
led-3,527600,120,102,94
led-3,527700,120,102,95
led-3,527800,119,103,96
led-3,527900,139,127,121
led-3,528000,144,136,132
led-3,528100,123,114,109
led-3,528200,115,104,97
led-3,528300,113,105,94
led-3,528400,111,105,94
led-3,528500,110,106,96
led-3,528600,110,106,97
led-3,528700,107,106,96
led-3,528800,105,106,95
led-3,528900,103,106,94
led-3,529000,101,105,93
led-3,529100,98,105,92
led-3,529200,96,105,91
led-3,529300,95,104,91
led-3,529400,95,103,91
led-3,529500,91,101,90
led-3,529600,87,100,87
led-3,529700,86,100,86
led-3,529800,82,97,83
led-3,529900,80,96,81
led-3,530000,78,95,78
led-3,530100,78,94,77
led-3,530200,77,94,77
led-3,530300,77,91,73
led-3,530400,76,90,73
led-3,530500,75,89,72
led-3,530600,74,88,70
led-3,530700,74,88,69
led-3,530800,71,86,66
led-3,530900,70,85,64
led-3,531000,68,84,63
led-3,531100,68,83,63
led-3,531200,67,83,62
led-3,531300,67,81,60
led-3,531400,66,81,60
led-3,531500,65,80,60
led-3,531600,65,79,59
led-3,531700,64,78,58
led-3,531800,64,77,57
led-3,531900,62,75,56
led-3,532000,60,74,53
led-3,532100,60,72,52
led-3,532200,60,72,52
led-3,532300,58,70,51
led-3,532400,57,69,51
led-3,532500,55,67,49
led-3,532600,54,66,49
led-3,532700,54,65,47
led-3,532800,52,62,46
led-3,532900,51,61,45
led-3,533000,49,59,41
led-3,533100,49,58,41
led-3,533200,48,57,41
led-3,533300,46,56,40
led-3,533400,46,55,40
led-3,533500,45,54,40
led-3,533600,44,53,39
led-3,533700,43,52,39
led-3,533800,41,50,36
led-3,533900,41,50,36
led-3,534000,39,47,33
led-3,534100,39,47,33
led-3,534200,38,44,31
led-3,534300,36,43,30
led-3,534400,34,41,29
led-3,534500,33,40,29
led-3,534600,32,38,27
led-3,534700,31,37,26
led-3,534800,28,35,23
led-3,534900,28,34,23
led-3,535000,27,33,22
led-3,535100,26,32,21
led-3,535200,24,30,21
led-3,535300,24,28,20
led-3,535400,24,28,20
led-3,535500,23,26,18
led-3,535600,22,26,18
led-3,535700,21,25,17
led-3,535800,20,24,15
led-3,535900,19,23,15
led-3,536000,18,21,15
led-3,536100,17,20,15
led-3,536200,17,20,15
led-3,536300,16,20,14
led-3,536400,16,19,13
led-3,536500,14,17,11
led-3,536600,13,16,11
led-3,536700,12,16,10
led-3,536800,12,15,10
led-3,536900,11,14,9
led-3,537000,47,50,45
led-3,537100,50,55,48
led-3,537200,52,57,51
led-3,537300,48,54,48
led-3,537400,45,50,45
led-3,537500,34,37,34
led-3,537600,33,36,33
led-3,537700,29,31,28
led-3,537800,39,42,39
led-3,537900,41,44,40
led-3,538000,44,47,43
led-3,538100,46,49,46
led-3,538200,37,40,37
led-3,538300,6,9,6
led-3,538400,21,24,20
led-3,538500,38,41,37
led-3,538600,47,49,46
led-3,538700,45,48,44
led-3,538800,27,29,27
led-3,538900,3,3,3
led-3,539000,23,23,23
led-3,539100,34,35,34
led-3,539200,31,33,30
led-3,539300,5,6,5
led-3,539400,16,16,15
led-3,539500,48,49,48
led-3,539600,39,40,39
led-3,539700,4,4,4
led-3,539800,0,0,0
led-3,539900,0,0,0
led-3,540000,24,24,24
led-3,540100,42,42,42
led-3,540200,50,50,50
led-3,540300,37,37,37
led-3,540400,29,29,29
led-3,540500,8,8,8
led-3,540600,16,16,16
led-3,540700,28,28,28
led-3,540800,23,23,23
led-3,540900,1,1,1
led-3,541000,0,0,0
led-3,541100,0,0,0
led-3,541200,7,7,7
led-3,541300,31,31,31
led-3,541400,36,36,36
led-3,541500,43,43,43
led-3,541600,45,45,45
led-3,541700,43,43,43
led-3,541800,51,51,51
led-3,541900,50,50,50
led-3,542000,48,48,48
led-3,542100,36,36,36
led-3,542200,33,33,33
led-3,542300,9,9,9
led-3,542400,8,8,8
led-3,542500,38,38,38
led-3,542600,38,38,38
led-3,542700,14,14,14
led-3,542800,0,0,0
led-3,542900,0,0,0
led-3,543000,0,0,0
led-3,543100,4,4,4
led-3,543200,7,7,7
led-3,543300,33,33,33
led-3,543400,36,36,36
led-3,543500,15,15,15
led-3,543600,14,14,14
led-3,543700,37,37,37
led-3,543800,44,44,44
led-3,543900,15,15,15
led-3,544000,8,8,8
led-3,544100,30,30,30
led-3,544200,32,32,32
led-3,544300,41,41,41
led-3,544400,41,41,41
led-3,544500,35,35,35
led-3,544600,32,32,32
led-3,544700,33,33,33
led-3,544800,32,32,32
led-3,544900,14,14,14
led-3,545000,0,0,0
led-3,545100,0,0,0
led-3,545200,0,0,0
led-3,545300,35,35,35
led-3,545400,41,41,41
led-3,545500,44,44,44
led-3,545600,39,39,39
led-3,545700,44,44,44
led-3,545800,44,44,44
led-3,545900,48,48,48
led-3,546000,41,41,41
led-3,546100,18,18,18
led-3,546200,0,0,0
led-3,546300,0,0,0
led-3,546400,0,0,0
led-3,546500,10,10,10
led-3,546600,15,15,15
led-3,546700,37,37,37
led-3,546800,46,46,46
led-3,546900,49,49,49
led-3,547000,42,42,42
led-3,547100,16,16,16
led-3,547200,0,0,0
led-3,547300,28,28,28
led-3,547400,31,31,31
led-3,547500,6,6,6
led-3,547600,1,1,1
led-3,547700,29,29,29
led-3,547800,41,41,41
led-3,547900,46,46,46
led-3,548000,40,40,40
led-3,548100,29,29,29
led-3,548200,24,24,24
led-3,548300,32,32,32
led-3,548400,30,30,30
led-3,548500,42,42,42
led-3,548600,40,40,40
led-3,548700,35,35,35
led-3,548800,22,22,22
led-3,548900,29,29,29
led-3,549000,28,28,28
led-3,549100,40,40,40
led-3,549200,48,48,48
led-3,549300,42,42,42
led-3,549400,38,38,38
led-3,549500,45,45,45
led-3,549600,46,46,46
led-3,549700,52,52,52
led-3,549800,43,43,43
led-3,549900,44,44,44
led-3,550000,27,27,27
led-3,550100,20,20,20
led-3,550200,0,0,0
led-3,550300,2,2,2
led-3,550400,2,2,2
led-3,550500,22,22,22
led-3,550600,40,40,40
led-3,550700,34,34,34
led-3,550800,1,1,1
led-3,550900,2,2,2
led-3,551000,4,4,4
led-3,551100,22,22,22
led-3,551200,42,43,43
led-3,551300,34,34,34
led-3,551400,18,18,18
led-3,551500,32,32,32
led-3,551600,43,43,43
led-3,551700,46,46,46
led-3,551800,42,43,43
led-3,551900,48,48,48
led-3,552000,50,51,50
led-3,552100,44,45,44
led-3,552200,13,15,12
led-3,552300,27,30,27
led-3,552400,52,54,52
led-3,552500,41,44,41
led-3,552600,20,23,20
led-3,552700,21,24,21
led-3,552800,35,37,34
led-3,552900,42,44,41
led-3,553000,40,42,39
led-3,553100,41,44,41
led-3,553200,50,53,50
led-3,553300,52,54,51
led-3,553400,51,53,50
led-3,553500,59,61,58
led-3,553600,58,61,58
led-3,553700,61,63,60
led-3,553800,43,46,43
led-3,553900,39,42,39
led-3,554000,40,42,39
led-3,554100,39,42,39
led-3,554200,47,51,47
led-3,554300,49,52,48
led-3,554400,54,57,53
led-3,554500,53,56,51
led-3,554600,51,54,48
led-3,554700,47,50,44
led-3,554800,57,61,56
led-3,554900,60,65,60
led-3,555000,28,36,29
led-3,555100,18,26,19
led-3,555200,37,45,38
led-3,555300,57,65,58
led-3,555400,60,68,60
led-3,555500,49,57,49
led-3,555600,33,41,32
led-3,555700,21,30,20
led-3,555800,22,30,21
led-3,555900,22,31,21
led-3,556000,42,50,41
led-3,556100,44,51,43
led-3,556200,53,58,51
led-3,556300,60,66,59
led-3,556400,43,51,42
led-3,556500,28,38,28
led-3,556600,55,64,54
led-3,556700,62,69,59
led-3,556800,70,76,67
led-3,556900,69,76,67
led-3,557000,73,81,72
led-3,557100,71,78,69
led-3,557200,80,87,77
led-3,557300,73,82,72
led-3,557400,63,74,62
led-3,557500,57,68,55
led-3,557600,57,68,55
led-3,557700,56,67,54
led-3,557800,46,57,43
led-3,557900,38,50,35
led-3,558000,40,52,36
led-3,558100,40,52,37
led-3,558200,42,53,38
led-3,558300,43,55,39
led-3,558400,44,56,41
led-3,558500,48,60,45
led-3,558600,60,73,57
led-3,558700,63,74,60
led-3,558800,78,88,75
led-3,558900,80,90,78
led-3,559000,87,97,84
led-3,559100,84,94,81
led-3,559200,84,93,81
led-3,559300,83,94,81
led-3,559400,83,94,81
led-3,559500,84,94,82
led-3,559600,87,99,86
led-3,559700,87,99,86
led-3,559800,91,104,90
led-3,559900,88,102,88
led-3,560000,95,106,91
led-3,560100,94,106,90
led-3,560200,86,99,82
led-3,560300,61,75,57
led-3,560400,71,85,67
led-3,560500,86,101,82
led-3,560600,87,101,86
led-3,560700,83,97,79
led-3,560800,77,91,73
led-3,560900,64,78,59
led-3,561000,73,85,67
led-3,561100,79,89,73
led-3,561200,77,90,73
led-3,561300,91,105,87
led-3,561400,96,108,92
led-3,561500,97,109,95
led-3,561600,99,110,96
led-3,561700,87,97,82
led-3,561800,83,93,77
led-3,561900,91,100,84
led-3,562000,87,96,81
led-3,562100,73,83,69
led-3,562200,73,81,68
led-3,562300,74,80,69
led-3,562400,75,81,69
led-3,562500,105,109,98
led-3,562600,106,110,100
led-3,562700,107,111,100
led-3,562800,104,108,97
led-3,562900,105,108,101
led-3,563000,105,106,99
led-3,563100,111,112,104
led-3,563200,108,110,104
led-3,563300,104,105,100
led-3,563400,100,100,94
led-3,563500,108,108,102
led-3,563600,108,108,103
led-3,563700,96,96,90
led-3,563800,85,80,80
led-3,563900,86,81,81
led-3,564000,86,81,81
led-3,564100,89,81,82
led-3,564200,89,82,83
led-3,564300,90,83,85
led-3,564400,92,85,86
led-3,564500,117,111,113
led-3,564600,121,114,117
led-3,564700,121,115,117
led-3,564800,121,114,116
led-3,564900,109,100,103
led-3,565000,98,88,92
led-3,565100,98,88,92
led-3,565200,98,88,93
led-3,565300,100,88,94
led-3,565400,100,88,94
led-3,565500,101,88,95
led-3,565600,101,88,95
led-3,565700,101,88,95
led-3,565800,101,88,94
led-3,565900,101,88,94
led-3,566000,101,88,94
led-3,566100,101,88,94
led-3,566200,101,88,95
led-3,566300,102,89,96
led-3,566400,102,89,96
led-3,566500,102,89,97
led-3,566600,103,89,96
led-3,566700,104,90,96
led-3,566800,105,90,97
led-3,566900,106,90,98
led-3,567000,106,91,98
led-3,567100,106,92,98
led-3,567200,107,92,98
led-3,567300,107,93,100
led-3,567400,108,92,99
led-3,567500,108,93,99
led-3,567600,107,93,99
led-3,567700,107,92,98
led-3,567800,106,91,97
led-3,567900,105,90,97
led-3,568000,103,89,94
led-3,568100,103,88,93
led-3,568200,102,88,93
led-3,568300,103,87,93
led-3,568400,103,87,91
led-3,568500,102,86,91
led-3,568600,102,85,91
led-3,568700,101,84,90
led-3,568800,101,84,90
led-3,568900,100,83,89
led-3,569000,98,81,85
led-3,569100,98,80,86
led-3,569200,98,78,85
led-3,569300,97,78,84
led-3,569400,96,77,81
led-3,569500,95,76,80
led-3,569600,95,76,80
led-3,569700,94,75,79
led-3,569800,94,74,78
led-3,569900,94,73,76
led-3,570000,93,72,75
led-3,570100,93,72,75
led-3,570200,93,72,75
led-3,570300,93,72,75
led-3,570400,93,72,74
led-3,570500,93,72,74
led-3,570600,93,72,72
led-3,570700,94,71,72
led-3,570800,94,71,72
led-3,570900,94,71,72
led-3,571000,94,72,70
led-3,571100,94,72,70
led-3,571200,94,72,70
led-3,571300,95,72,71
led-3,571400,95,72,71
led-3,571500,96,73,70
led-3,571600,96,73,71
led-3,571700,98,73,70
led-3,571800,99,74,71
led-3,571900,99,74,71
led-3,572000,105,81,77
led-3,572100,126,106,102
led-3,572200,147,131,128
led-3,572300,124,104,103
led-3,572400,105,82,77
led-3,572500,122,102,97
led-3,572600,128,110,107
led-3,572700,118,98,94
led-3,572800,104,78,71
led-3,572900,105,78,72
led-3,573000,106,79,70
led-3,573100,106,80,71
led-3,573200,106,80,71
led-3,573300,107,80,70
led-3,573400,108,81,70
led-3,573500,109,81,71
led-3,573600,109,82,72
led-3,573700,110,82,69
led-3,573800,110,83,71
led-3,573900,111,83,70
led-3,574000,112,84,70
led-3,574100,112,84,70
led-3,574200,112,84,71
led-3,574300,114,84,70
led-3,574400,114,85,70
led-3,574500,115,86,68
led-3,574600,115,86,69
led-3,574700,116,86,68
led-3,574800,118,87,69
led-3,574900,119,87,68
led-3,575000,118,88,67
led-3,575100,118,88,68
led-3,575200,119,88,68
led-3,575300,118,87,66
led-3,575400,118,87,67
led-3,575500,117,86,65
led-3,575600,125,93,80
led-3,575700,165,125,145
led-3,575800,223,157,242
led-3,575900,237,165,255
led-3,576000,228,157,235
led-3,576100,179,118,164
led-3,576200,132,93,88
led-3,576300,126,92,65
led-3,576400,128,94,67
led-3,576500,130,96,65
led-3,576600,131,96,66
led-3,576700,132,96,66
led-3,576800,132,97,65
led-3,576900,133,98,65
led-3,577000,134,98,65
led-3,577100,134,99,65
led-3,577200,135,99,64
led-3,577300,136,100,64
led-3,577400,137,100,65
led-3,577500,138,101,64
led-3,577600,138,101,65
led-3,577700,139,102,64
led-3,577800,139,102,65
led-3,577900,140,103,64
led-3,578000,141,104,63
led-3,578100,142,104,64
led-3,578200,142,104,64
led-3,578300,143,104,63
led-3,578400,143,104,63
led-3,578500,143,105,63
led-3,578600,144,105,64
led-3,578700,144,105,64
led-3,578800,144,105,64
led-3,578900,144,105,64
led-3,579000,144,105,64
led-3,579100,144,105,64
led-3,579200,144,105,64
led-3,579300,144,105,64
led-3,579400,144,105,64
led-3,579500,144,105,64
led-3,579600,143,105,63
led-3,579700,147,106,63
led-3,579800,179,128,52
led-3,579900,164,113,39
led-3,580000,0,0,0
led-3,580100,0,0,0
led-3,580200,0,0,0
led-3,580300,0,0,0
led-3,580400,0,0,0
led-3,580500,0,0,0
led-3,580600,0,0,0
led-3,580700,0,0,0
led-3,580800,0,0,0
led-3,580900,0,0,0
led-3,581000,142,224,255
led-3,581100,142,224,255
led-3,581200,142,224,255
led-3,581300,142,224,255
led-3,581400,142,224,255
led-3,581500,142,224,255
led-3,581600,142,224,255
led-3,581700,142,224,255
led-3,581800,142,224,255
led-3,581900,142,224,255
led-3,582000,142,224,255
led-3,582100,142,224,255
led-3,582200,142,224,255
led-3,582300,142,224,255
led-3,582400,142,224,255
led-3,582500,142,224,255
led-3,582600,142,224,255
led-3,582700,142,224,255
led-3,582800,142,224,255
led-3,582900,142,224,255
led-3,583000,142,224,255
led-3,583100,142,224,255
led-3,583200,142,224,255
led-3,583300,142,224,255
led-3,583400,142,224,255
led-3,583500,142,224,255
led-3,583600,142,224,255
led-3,583700,143,223,255
led-3,583800,109,94,119
led-3,583900,97,85,103
led-3,584000,99,87,91
led-3,584100,169,127,139
led-3,584200,132,103,124
led-3,584300,156,169,213
led-3,584400,155,135,184
led-3,584500,164,134,188
led-3,584600,147,199,242
led-3,584700,142,224,255
led-3,584800,142,224,255
led-3,584900,142,224,255
led-3,585000,142,224,255
led-3,585100,142,224,255
led-3,585200,142,224,255
led-3,585300,142,224,255
led-3,585400,142,224,255
led-3,585500,142,224,255
led-3,585600,142,224,255
led-3,585700,142,224,255
led-3,585800,142,224,255
led-3,585900,142,224,255
led-3,586000,142,224,255
led-3,586100,142,224,255
led-3,586200,142,224,255
led-3,586300,142,224,255
led-3,586400,142,224,255
led-3,586500,142,224,255
led-3,586600,142,224,255
led-3,586700,142,224,255
led-3,586800,142,224,255
led-3,586900,142,224,255
led-3,587000,142,224,255
led-3,587100,142,224,255
led-3,587200,142,224,255
led-3,587300,142,224,255
led-3,587400,142,224,255
led-3,587500,142,224,255
led-3,587600,142,224,255
led-3,587700,142,224,255
led-3,587800,142,224,255
led-3,587900,142,224,255
led-3,588000,142,224,255
led-3,588100,142,224,255
led-3,588200,142,224,255
led-3,588300,142,224,255
led-3,588400,142,224,255
led-3,588500,142,224,255
led-3,588600,142,224,255
led-3,588700,142,224,255
led-3,588800,142,224,255
led-3,588900,142,224,255
led-3,589000,142,224,255
led-3,589100,142,224,255
led-3,589200,142,223,255
led-3,589300,138,108,133
led-3,589400,105,82,90
led-3,589500,151,115,126
led-3,589600,67,61,74
led-3,589700,159,122,131
led-3,589800,117,152,185
led-3,589900,136,206,245
led-3,590000,142,224,255
led-3,590100,142,224,255
led-3,590200,141,224,255
led-3,590300,142,224,255
led-3,590400,142,224,255
led-3,590500,142,224,255
led-3,590600,142,224,255
led-3,590700,142,224,255
led-3,590800,142,224,255
led-3,590900,142,224,255
led-3,591000,142,224,255
led-3,591100,142,224,255
led-3,591200,142,224,255
led-3,591300,142,224,255
led-3,591400,142,224,255
led-3,591500,142,224,255
led-3,591600,142,224,255
led-3,591700,142,224,255
led-3,591800,142,224,255
led-3,591900,142,224,255
led-3,592000,142,224,255
led-3,592100,142,224,255
led-3,592200,142,224,255
led-3,592300,142,224,255
led-3,592400,142,224,255
led-3,592500,142,224,255
led-3,592600,142,224,255
led-3,592700,142,224,255
led-3,592800,142,224,255
led-3,592900,142,224,255
led-3,593000,142,224,255
led-3,593100,142,224,255
led-3,593200,142,224,255
led-3,593300,142,224,255
led-3,593400,142,224,255
led-3,593500,142,224,255
led-3,593600,142,224,255
led-3,593700,142,224,255
led-3,593800,142,224,255
led-3,593900,142,224,255
led-3,594000,142,224,255
led-3,594100,142,224,255
led-3,594200,142,224,255
led-3,594300,142,224,255
led-3,594400,142,224,255
led-3,594500,143,223,255
led-3,594600,143,223,255
led-3,594700,143,224,255
led-3,594800,142,223,255
led-3,594900,142,224,255
led-3,595000,142,224,255
led-3,595100,144,219,255
led-3,595200,142,224,255
led-3,595300,142,224,255
led-3,595400,142,224,255
led-3,595500,149,188,226
led-3,595600,142,224,255
led-3,595700,142,224,255
led-3,595800,142,224,255
led-3,595900,142,224,255
led-3,596000,142,224,255
led-3,596100,141,224,255
led-3,596200,143,223,255
led-3,596300,142,224,255
led-3,596400,142,224,255
led-4,0,0,0,0
led-4,100,0,0,0
led-4,200,4,4,4
led-4,300,8,8,8
led-4,400,15,15,15
led-4,500,23,23,23
led-4,600,30,30,30
led-4,700,37,37,37
led-4,800,51,51,51
led-4,900,61,61,59
led-4,1000,75,75,73
led-4,1100,88,86,84
led-4,1200,98,96,95
led-4,1300,116,114,112
led-4,1400,130,128,124
led-4,1500,149,148,144
led-4,1600,162,161,157
led-4,1700,175,174,168
led-4,1800,198,197,191
led-4,1900,212,211,205
led-4,2000,237,236,227
led-4,2100,253,252,243
led-4,2200,253,252,243
led-4,2300,253,252,243
led-4,2400,253,252,243
led-4,2500,254,252,242
led-4,2600,254,252,242
led-4,2700,254,252,242
led-4,2800,255,252,242
led-4,2900,255,252,241
led-4,3000,255,252,241
led-4,3100,254,252,241
led-4,3200,254,252,241
led-4,3300,255,252,241
led-4,3400,255,252,241
led-4,3500,255,252,241
led-4,3600,255,251,241
led-4,3700,255,251,241
led-4,3800,255,251,239
led-4,3900,255,251,239
led-4,4000,255,251,239
led-4,4100,255,251,239
led-4,4200,255,251,239
led-4,4300,255,251,240
led-4,4400,255,251,240
led-4,4500,255,250,238
led-4,4600,245,245,230
led-4,4700,222,240,218
led-4,4800,194,220,197
led-4,4900,173,199,178
led-4,5000,140,188,161
led-4,5100,134,192,163
led-4,5200,135,188,162
led-4,5300,133,176,151
led-4,5400,136,168,148
led-4,5500,133,165,150
led-4,5600,127,162,141
led-4,5700,129,155,132
led-4,5800,146,158,140
led-4,5900,157,167,147
led-4,6000,155,183,146
led-4,6100,143,170,134
led-4,6200,137,154,127
led-4,6300,136,147,127
led-4,6400,137,153,132
led-4,6500,136,162,135
led-4,6600,137,159,134
led-4,6700,137,157,134
led-4,6800,137,158,135
led-4,6900,136,158,135
led-4,7000,137,158,133
led-4,7100,136,156,130
led-4,7200,136,157,132
led-4,7300,136,163,137
led-4,7400,135,162,137
led-4,7500,137,164,135
led-4,7600,138,166,131
led-4,7700,137,166,127
led-4,7800,140,175,130
led-4,7900,141,176,130
led-4,8000,138,169,126
led-4,8100,138,165,126
led-4,8200,137,163,126
led-4,8300,133,159,120
led-4,8400,133,158,119
led-4,8500,133,157,117
led-4,8600,132,154,115
led-4,8700,132,152,115
led-4,8800,130,148,116
led-4,8900,129,146,117
led-4,9000,128,141,115
led-4,9100,129,140,115
led-4,9200,128,138,113
led-4,9300,128,136,110
led-4,9400,127,136,108
led-4,9500,127,136,107
led-4,9600,126,137,108
led-4,9700,126,137,107
led-4,9800,128,139,110
led-4,9900,128,138,111
led-4,10000,127,138,110
led-4,10100,127,137,110
led-4,10200,128,136,110
led-4,10300,127,136,110
led-4,10400,127,136,110
led-4,10500,128,137,111
led-4,10600,128,137,111
led-4,10700,129,137,111
led-4,10800,130,138,112
led-4,10900,128,139,113
led-4,11000,128,140,113
led-4,11100,128,140,111
led-4,11200,128,139,111
led-4,11300,128,140,111
led-4,11400,128,140,111
led-4,11500,128,140,111
led-4,11600,128,141,112
led-4,11700,128,141,112
led-4,11800,130,141,110
led-4,11900,5,3,5
led-4,12000,5,3,5
led-4,12100,5,3,5
led-4,12200,5,3,6
led-4,12300,5,3,6
led-4,12400,5,2,6
led-4,12500,4,3,6
led-4,12600,4,3,5
led-4,12700,4,3,6
led-4,12800,4,3,5
led-4,12900,4,3,5
led-4,13000,4,2,5
led-4,13100,5,2,6
led-4,13200,5,2,6
led-4,13300,4,3,6
led-4,13400,4,2,6
led-4,13500,4,2,6
led-4,13600,3,3,5
led-4,13700,4,3,5
led-4,13800,5,3,7
led-4,13900,5,3,7
led-4,14000,4,2,5
led-4,14100,4,2,6
led-4,14200,4,2,6
led-4,14300,6,2,6
led-4,14400,7,2,6
led-4,14500,6,3,6
led-4,14600,6,3,6
led-4,14700,5,3,6
led-4,14800,5,3,6
led-4,14900,5,3,6
led-4,15000,3,3,5
led-4,15100,3,3,5
led-4,15200,3,3,5
led-4,15300,3,3,5
led-4,15400,3,3,5
led-4,15500,3,2,5
led-4,15600,3,2,5
led-4,15700,3,2,5
led-4,15800,188,187,245
led-4,15900,188,188,245
led-4,16000,188,187,245
led-4,16100,188,187,245
led-4,16200,188,187,245
led-4,16300,188,187,245
led-4,16400,188,187,245
led-4,16500,188,187,245
led-4,16600,188,187,245
led-4,16700,188,188,245
led-4,16800,188,188,245
led-4,16900,188,188,245
led-4,17000,188,187,244
led-4,17100,188,187,244
led-4,17200,188,187,244
led-4,17300,188,187,244
led-4,17400,188,187,244
led-4,17500,187,187,244
led-4,17600,187,187,244
led-4,17700,187,187,244
led-4,17800,187,187,244
led-4,17900,187,187,244
led-4,18000,187,187,245
led-4,18100,188,188,244
led-4,18200,188,188,244
led-4,18300,187,188,244
led-4,18400,187,188,244
led-4,18500,187,188,244
led-4,18600,187,188,244
led-4,18700,187,188,244
led-4,18800,187,188,244
led-4,18900,187,188,244
led-4,19000,187,188,244
led-4,19100,187,188,244
led-4,19200,187,188,244
led-4,19300,187,188,244
led-4,19400,188,188,244
led-4,19500,188,188,244
led-4,19600,188,188,244
led-4,19700,188,188,244
led-4,19800,188,188,244
led-4,19900,188,188,244
led-4,20000,188,187,245
led-4,20100,188,187,244
led-4,20200,188,187,244
led-4,20300,188,187,245
led-4,20400,188,187,245
led-4,20500,187,187,245
led-4,20600,188,187,245
led-4,20700,186,186,243
led-4,20800,177,176,236
led-4,20900,188,187,244
led-4,21000,188,187,244
led-4,21100,188,187,244
led-4,21200,187,188,244
led-4,21300,188,188,244
led-4,21400,188,187,245
led-4,21500,188,187,245
led-4,21600,188,188,244
led-4,21700,188,188,244
led-4,21800,188,188,244
led-4,21900,188,188,244
led-4,22000,188,188,244
led-4,22100,188,188,244
led-4,22200,188,188,244
led-4,22300,188,188,244
led-4,22400,188,188,244
led-4,22500,187,188,244
led-4,22600,187,188,244
led-4,22700,187,188,244
led-4,22800,187,188,244
led-4,22900,187,188,244
led-4,23000,187,188,244
led-4,23100,61,73,77
led-4,23200,61,73,77
led-4,23300,61,73,78
led-4,23400,62,73,78
led-4,23500,62,74,78
led-4,23600,62,74,79
led-4,23700,63,74,78
led-4,23800,63,75,78
led-4,23900,64,74,78
led-4,24000,64,75,78
led-4,24100,65,75,79
led-4,24200,65,75,78
led-4,24300,65,76,79
led-4,24400,65,75,78
led-4,24500,65,76,78
led-4,24600,65,76,78
led-4,24700,65,76,78
led-4,24800,66,75,78
led-4,24900,66,76,78
led-4,25000,66,76,75
led-4,25100,66,75,75
led-4,25200,66,75,75
led-4,25300,66,76,75
led-4,25400,66,76,75
led-4,25500,65,75,74
led-4,25600,67,76,74
led-4,25700,66,75,73
led-4,25800,66,75,73
led-4,25900,65,75,73
led-4,26000,65,74,71
led-4,26100,65,74,71
led-4,26200,65,75,71
led-4,26300,65,75,70
led-4,26400,64,75,69
led-4,26500,65,74,68
led-4,26600,65,74,69
led-4,26700,64,74,69
led-4,26800,65,75,70
led-4,26900,65,74,69
led-4,27000,64,73,68
led-4,27100,64,74,68
led-4,27200,64,74,67
led-4,27300,65,74,67
led-4,27400,64,74,68
led-4,27500,63,74,67
led-4,27600,64,74,68
led-4,27700,64,74,68
led-4,27800,64,74,68
led-4,27900,65,75,69
led-4,28000,64,74,67
led-4,28100,64,74,69
led-4,28200,65,75,69
led-4,28300,65,75,70
led-4,28400,65,75,70
led-4,28500,66,75,70
led-4,28600,65,75,69
led-4,28700,65,75,69
led-4,28800,66,75,70
led-4,28900,65,75,70
led-4,29000,64,74,68
led-4,29100,64,74,69
led-4,29200,64,74,69
led-4,29300,65,75,69
led-4,29400,65,75,70
led-4,29500,65,75,69
led-4,29600,64,76,70
led-4,29700,64,76,70
led-4,29800,64,76,70
led-4,29900,64,76,70
led-4,30000,63,74,68
led-4,30100,62,75,68
led-4,30200,62,74,68
led-4,30300,62,74,68
led-4,30400,62,74,68
led-4,30500,62,74,68
led-4,30600,62,74,68
led-4,30700,62,73,67
led-4,30800,61,73,67
led-4,30900,60,73,66
led-4,31000,59,72,67
led-4,31100,58,72,67
led-4,31200,59,71,67
led-4,31300,58,72,67
led-4,31400,58,72,65
led-4,31500,57,72,65
led-4,31600,58,73,63
led-4,31700,57,73,62
led-4,31800,58,74,63
led-4,31900,58,75,62
led-4,32000,58,76,61
led-4,32100,58,76,61
led-4,32200,58,77,60
led-4,32300,58,78,60
led-4,32400,59,78,60
led-4,32500,58,79,57
led-4,32600,59,80,57
led-4,32700,59,81,57
led-4,32800,60,82,58
led-4,32900,61,83,59
led-4,33000,61,85,57
led-4,33100,62,86,57
led-4,33200,61,87,55
led-4,33300,62,88,56
led-4,33400,62,88,56
led-4,33500,62,91,53
led-4,33600,63,90,54
led-4,33700,63,91,54
led-4,33800,64,92,53
led-4,33900,65,92,55
led-4,34000,62,92,53
led-4,34100,63,92,53
led-4,34200,63,92,54
led-4,34300,64,91,54
led-4,34400,63,90,54
led-4,34500,62,88,53
led-4,34600,61,87,52
led-4,34700,60,87,53
led-4,34800,60,87,52
led-4,34900,60,85,51
led-4,35000,59,83,50
led-4,35100,59,83,50
led-4,35200,59,83,50
led-4,35300,58,83,50
led-4,35400,58,83,51
led-4,35500,59,82,50
led-4,35600,57,82,49
led-4,35700,58,82,48
led-4,35800,59,83,50
led-4,35900,59,84,50
led-4,36000,61,86,51
led-4,36100,61,86,50
led-4,36200,62,87,52
led-4,36300,63,88,53
led-4,36400,63,87,52
led-4,36500,64,89,54
led-4,36600,65,89,55
led-4,36700,65,89,55
led-4,36800,64,89,53
led-4,36900,63,89,54
led-4,37000,62,88,53
led-4,37100,62,87,53
led-4,37200,62,87,53
led-4,37300,61,85,53
led-4,37400,61,85,51
led-4,37500,59,83,51
led-4,37600,59,83,51
led-4,37700,59,83,51
led-4,37800,58,82,52
led-4,37900,57,81,51
led-4,38000,55,78,48
led-4,38100,52,76,46
led-4,38200,52,75,46
led-4,38300,51,74,46
led-4,38400,50,73,46
led-4,38500,49,72,45
led-4,38600,48,71,44
led-4,38700,48,70,45
led-4,38800,46,70,44
led-4,38900,45,69,43
led-4,39000,44,66,42
led-4,39100,44,66,42
led-4,39200,44,66,42
led-4,39300,43,66,43
led-4,39400,43,66,42
led-4,39500,43,66,42
led-4,39600,42,66,42
led-4,39700,41,66,42
led-4,39800,42,65,42
led-4,39900,42,66,42
led-4,40000,41,65,42
led-4,40100,41,66,41
led-4,40200,42,66,41
led-4,40300,41,66,43
led-4,40400,42,66,43
led-4,40500,43,67,42
led-4,40600,43,67,43
led-4,40700,42,67,42
led-4,40800,43,68,43
led-4,40900,43,68,44
led-4,41000,41,68,43
led-4,41100,42,69,43
led-4,41200,42,69,43
led-4,41300,43,70,44
led-4,41400,43,69,45
led-4,41500,44,69,44
led-4,41600,44,70,44
led-4,41700,44,70,45
led-4,41800,44,70,46
led-4,41900,44,71,45
led-4,42000,43,70,44
led-4,42100,43,70,45
led-4,42200,43,71,46
led-4,42300,44,71,45
led-4,42400,44,71,46
led-4,42500,44,72,46
led-4,42600,44,72,46
led-4,42700,44,72,46
led-4,42800,44,73,46
led-4,42900,44,73,46
led-4,43000,44,73,46
led-4,43100,45,72,47
led-4,43200,45,73,48
led-4,43300,45,73,49
led-4,43400,45,73,49
led-4,43500,45,74,49
led-4,43600,45,74,50
led-4,43700,45,74,49
led-4,43800,45,74,50
led-4,43900,45,74,49
led-4,44000,44,72,48
led-4,44100,44,72,48
led-4,44200,44,72,49
led-4,44300,43,73,49
led-4,44400,43,72,48
led-4,44500,44,72,49
led-4,44600,44,71,49
led-4,44700,42,71,48
led-4,44800,43,71,49
led-4,44900,43,71,49
led-4,45000,42,69,47
led-4,45100,43,69,47
led-4,45200,43,69,47
led-4,45300,43,69,47
led-4,45400,44,69,47
led-4,45500,44,69,48
led-4,45600,45,70,48
led-4,45700,45,70,47
led-4,45800,46,70,47
led-4,45900,47,71,47
led-4,46000,47,72,47
led-4,46100,49,72,47
led-4,46200,49,73,47
led-4,46300,50,73,48
led-4,46400,50,74,48
led-4,46500,50,75,50
led-4,46600,51,75,50
led-4,46700,51,75,49
led-4,46800,51,75,48
led-4,46900,51,75,49
led-4,47000,50,75,48
led-4,47100,50,75,49
led-4,47200,51,75,49
led-4,47300,50,76,49
led-4,47400,51,76,49
led-4,47500,50,76,48
led-4,47600,50,76,48
led-4,47700,50,76,48
led-4,47800,153,129,127
led-4,47900,153,129,128
led-4,48000,153,129,127
led-4,48100,154,129,128
led-4,48200,155,129,128
led-4,48300,158,131,131
led-4,48400,160,133,133
led-4,48500,164,137,137
led-4,48600,167,140,140
led-4,48700,170,143,143
led-4,48800,174,148,147
led-4,48900,175,150,149
led-4,49000,178,154,153
led-4,49100,180,157,156
led-4,49200,181,160,159
led-4,49300,183,165,164
led-4,49400,184,167,166
led-4,49500,185,170,170
led-4,49600,184,171,172
led-4,49700,180,168,175
led-4,49800,172,166,177
led-4,49900,167,163,179
led-4,50000,158,156,180
led-4,50100,153,153,181
led-4,50200,149,151,182
led-4,50300,142,145,182
led-4,50400,137,143,182
led-4,50500,133,140,183
led-4,50600,130,137,184
led-4,50700,127,137,184
led-4,50800,125,134,185
led-4,50900,123,134,185
led-4,51000,122,132,183
led-4,51100,120,132,183
led-4,51200,118,132,183
led-4,51300,119,131,183
led-4,51400,118,131,182
led-4,51500,118,131,182
led-4,51600,118,131,183
led-4,51700,118,131,183
led-4,51800,118,131,183
led-4,51900,119,131,182
led-4,52000,119,132,183
led-4,52100,119,132,183
led-4,52200,120,132,183
led-4,52300,120,132,182
led-4,52400,121,132,183
led-4,52500,121,132,182
led-4,52600,122,132,182
led-4,52700,122,132,181
led-4,52800,121,133,182
led-4,52900,122,134,180
led-4,53000,124,135,181
led-4,53100,124,135,180
led-4,53200,124,135,181
led-4,53300,124,135,180
led-4,53400,126,135,180
led-4,53500,127,136,180
led-4,53600,127,136,180
led-4,53700,128,136,180
led-4,53800,129,137,180
led-4,53900,129,137,180
led-4,54000,130,137,178
led-4,54100,131,138,177
led-4,54200,131,138,178
led-4,54300,132,138,178
led-4,54400,132,138,178
led-4,54500,134,138,178
led-4,54600,135,139,176
led-4,54700,135,140,176
led-4,54800,136,140,178
led-4,54900,137,140,177
led-4,55000,138,141,177
led-4,55100,138,141,177
led-4,55200,139,142,176
led-4,55300,140,142,175
led-4,55400,141,142,175
led-4,55500,140,147,178
led-4,55600,112,115,140
led-4,55700,102,98,116
led-4,55800,153,151,162
led-4,55900,182,176,184
led-4,56000,206,194,190
led-4,56100,168,190,229
led-4,56200,168,190,229
led-4,56300,167,189,229
led-4,56400,167,189,229
led-4,56500,167,189,229
led-4,56600,167,189,229
led-4,56700,167,189,229
led-4,56800,167,189,229
led-4,56900,167,189,229
led-4,57000,167,189,229
led-4,57100,167,189,229
led-4,57200,167,189,229
led-4,57300,167,189,229
led-4,57400,167,189,230
led-4,57500,167,189,230
led-4,57600,167,189,230
led-4,57700,167,189,230
led-4,57800,167,189,230
led-4,57900,167,189,230
led-4,58000,168,189,229
led-4,58100,168,190,229
led-4,58200,168,189,229
led-4,58300,168,189,229
led-4,58400,168,189,229
led-4,58500,168,189,229
led-4,58600,168,189,229
led-4,58700,168,189,229
led-4,58800,167,189,229
led-4,58900,167,189,229
led-4,59000,167,189,229
led-4,59100,167,189,229
led-4,59200,167,189,229
led-4,59300,167,189,229
led-4,59400,168,189,230
led-4,59500,168,189,230
led-4,59600,168,189,230
led-4,59700,168,189,230
led-4,59800,168,189,230
led-4,59900,168,189,230
led-4,60000,168,189,230
led-4,60100,168,189,230
led-4,60200,168,189,230
led-4,60300,167,189,230
led-4,60400,167,189,230
led-4,60500,167,189,230
led-4,60600,168,189,230
led-4,60700,221,228,255
led-4,60800,221,228,255
led-4,60900,221,228,255
led-4,61000,221,228,255
led-4,61100,221,228,255
led-4,61200,221,228,255
led-4,61300,221,228,255
led-4,61400,221,228,255
led-4,61500,221,228,255
led-4,61600,221,228,255
led-4,61700,221,228,255
led-4,61800,221,228,255
led-4,61900,221,228,255
led-4,62000,221,228,255
led-4,62100,221,228,255
led-4,62200,221,228,255
led-4,62300,221,228,255
led-4,62400,220,228,255
led-4,62500,220,229,255
led-4,62600,220,229,255
led-4,62700,220,229,255
led-4,62800,220,228,255
led-4,62900,220,228,255
led-4,63000,220,228,255
led-4,63100,221,228,255
led-4,63200,221,228,255
led-4,63300,221,228,255
led-4,63400,221,228,255
led-4,63500,221,228,255
led-4,63600,221,228,255
led-4,63700,221,228,255
led-4,63800,61,93,85
led-4,63900,61,93,85
led-4,64000,61,93,85
led-4,64100,61,93,85
led-4,64200,61,93,85
led-4,64300,61,93,85
led-4,64400,61,93,84
led-4,64500,61,93,84
led-4,64600,61,93,84
led-4,64700,61,93,84
led-4,64800,61,93,84
led-4,64900,61,93,84
led-4,65000,61,93,85
led-4,65100,61,93,85
led-4,65200,61,93,85
led-4,65300,64,95,86
led-4,65400,71,100,96
led-4,65500,63,94,88
led-4,65600,63,94,87
led-4,65700,63,94,87
led-4,65800,85,116,125
led-4,65900,195,193,194
led-4,66000,208,201,183
led-4,66100,211,214,198
led-4,66200,249,234,212
led-4,66300,210,210,197
led-4,66400,91,101,122
led-4,66500,108,126,150
led-4,66600,108,125,151
led-4,66700,89,105,132
led-4,66800,202,189,168
led-4,66900,182,173,160
led-4,67000,175,170,161
led-4,67100,173,168,159
led-4,67200,163,158,149
led-4,67300,64,67,81
led-4,67400,111,144,172
led-4,67500,117,148,173
led-4,67600,116,147,173
led-4,67700,116,147,172
led-4,67800,115,146,171
led-4,67900,114,145,170
led-4,68000,114,143,167
led-4,68100,112,140,165
led-4,68200,102,124,147
led-4,68300,75,85,104
led-4,68400,77,86,107
led-4,68500,86,99,122
led-4,68600,104,127,152
led-4,68700,115,146,171
led-4,68800,117,151,176
led-4,68900,117,152,177
led-4,69000,118,151,177
led-4,69100,116,150,176
led-4,69200,116,150,176
led-4,69300,117,150,177
led-4,69400,117,150,176
led-4,69500,238,229,208
led-4,69600,238,229,208
led-4,69700,238,229,208
led-4,69800,238,229,208
led-4,69900,238,229,208
led-4,70000,238,229,207
led-4,70100,238,229,207
led-4,70200,238,229,207
led-4,70300,238,229,207
led-4,70400,238,229,207
led-4,70500,238,229,207
led-4,70600,238,229,207
led-4,70700,238,228,206
led-4,70800,238,228,207
led-4,70900,238,228,207
led-4,71000,238,228,206
led-4,71100,238,229,206
led-4,71200,238,228,206
led-4,71300,103,133,90
led-4,71400,103,133,90
led-4,71500,103,133,90
led-4,71600,103,133,90
led-4,71700,104,134,91
led-4,71800,104,134,91
led-4,71900,105,134,92
led-4,72000,105,135,92
led-4,72100,105,136,93
led-4,72200,105,135,93
led-4,72300,105,136,93
led-4,72400,105,136,94
led-4,72500,105,137,94
led-4,72600,106,137,94
led-4,72700,106,137,94
led-4,72800,106,137,94
led-4,72900,106,137,94
led-4,73000,104,136,92
led-4,73100,104,136,92
led-4,73200,104,136,91
led-4,73300,104,134,92
led-4,73400,104,134,92
led-4,73500,118,153,178
led-4,73600,117,152,177
led-4,73700,117,150,176
led-4,73800,118,152,178
led-4,73900,118,153,179
led-4,74000,116,152,177
led-4,74100,115,149,176
led-4,74200,115,148,176
led-4,74300,116,149,177
led-4,74400,116,151,178
led-4,74500,118,154,180
led-4,74600,118,155,182
led-4,74700,119,156,182
led-4,74800,120,156,182
led-4,74900,120,155,182
led-4,75000,120,154,179
led-4,75100,119,152,178
led-4,75200,118,151,176
led-4,75300,118,151,176
led-4,75400,118,151,177
led-4,75500,120,153,179
led-4,75600,61,86,61
led-4,75700,61,86,61
led-4,75800,62,87,61
led-4,75900,62,87,62
led-4,76000,62,87,62
led-4,76100,62,87,62
led-4,76200,63,88,63
led-4,76300,63,88,66
led-4,76400,64,88,67
led-4,76500,63,88,68
led-4,76600,62,87,68
led-4,76700,62,86,70
led-4,76800,62,85,71
led-4,76900,60,84,71
led-4,77000,60,84,70
led-4,77100,61,85,71
led-4,77200,62,86,72
led-4,77300,64,88,74
led-4,77400,66,90,74
led-4,77500,66,91,74
led-4,77600,67,92,73
led-4,77700,66,91,73
led-4,77800,65,89,72
led-4,77900,64,88,73
led-4,78000,62,85,74
led-4,78100,62,84,75
led-4,78200,62,84,77
led-4,78300,62,85,78
led-4,78400,63,86,77
led-4,78500,64,87,78
led-4,78600,64,88,78
led-4,78700,66,88,79
led-4,78800,223,193,242
led-4,78900,226,185,239
led-4,79000,120,102,123
led-4,79100,95,100,97
led-4,79200,99,103,102
led-4,79300,222,132,225
led-4,79400,242,147,244
led-4,79500,233,183,243
led-4,79600,245,212,255
led-4,79700,233,186,245
led-4,79800,129,112,139
led-4,79900,94,102,96
led-4,80000,204,216,210
led-4,80100,184,208,197
led-4,80200,166,201,185
led-4,80300,148,192,174
led-4,80400,136,182,167
led-4,80500,130,171,164
led-4,80600,128,169,162
led-4,80700,126,169,160
led-4,80800,124,174,159
led-4,80900,118,170,156
led-4,81000,107,161,152
led-4,81100,105,157,150
led-4,81200,101,153,148
led-4,81300,95,146,145
led-4,81400,92,143,143
led-4,81500,89,140,140
led-4,81600,87,139,138
led-4,81700,87,139,136
led-4,81800,90,142,135
led-4,81900,91,144,133
led-4,82000,90,143,130
led-4,82100,88,143,128
led-4,82200,86,141,128
led-4,82300,85,141,127
led-4,82400,85,140,127
led-4,82500,84,139,126
led-4,82600,83,139,125
led-4,82700,83,139,125
led-4,82800,81,139,126
led-4,82900,82,138,125
led-4,83000,80,137,124
led-4,83100,79,137,121
led-4,83200,80,137,121
led-4,83300,80,137,122
led-4,83400,79,136,122
led-4,83500,78,136,122
led-4,83600,78,136,122
led-4,83700,78,136,122
led-4,83800,77,136,121
led-4,83900,77,136,121
led-4,84000,77,136,121
led-4,84100,77,136,121
led-4,84200,77,136,121
led-4,84300,77,136,121
led-4,84400,76,136,121
led-4,84500,77,135,121
led-4,84600,77,135,121
led-4,84700,77,135,121
led-4,84800,77,135,121
led-4,84900,77,135,121
led-4,85000,77,135,121
led-4,85100,77,135,121
led-4,85200,77,135,121
led-4,85300,77,135,121
led-4,85400,77,135,121
led-4,85500,77,135,121
led-4,85600,76,135,120
led-4,85700,77,135,120
led-4,85800,77,135,120
led-4,85900,77,135,120
led-4,86000,77,135,120
led-4,86100,77,135,120
led-4,86200,77,135,120
led-4,86300,77,135,121
led-4,86400,77,135,121
led-4,86500,77,135,121
led-4,86600,77,135,121
led-4,86700,77,135,121
led-4,86800,77,135,121
led-4,86900,77,135,121
led-4,87000,77,135,121
led-4,87100,77,135,121
led-4,87200,77,135,121
led-4,87300,77,135,121
led-4,87400,77,135,121
led-4,87500,78,136,121
led-4,87600,78,136,121
led-4,87700,78,136,121
led-4,87800,78,136,121
led-4,87900,78,136,121
led-4,88000,78,136,121
led-4,88100,78,135,121
led-4,88200,78,135,120
led-4,88300,78,135,121
led-4,88400,78,135,121
led-4,88500,77,136,121
led-4,88600,77,136,121
led-4,88700,77,136,121
led-4,88800,77,136,121
led-4,88900,77,136,121
led-4,89000,77,136,121
led-4,89100,77,136,121
led-4,89200,77,136,121
led-4,89300,77,136,121
led-4,89400,77,136,121
led-4,89500,77,135,122
led-4,89600,77,135,122
led-4,89700,77,135,121
led-4,89800,55,62,65
led-4,89900,55,62,65
led-4,90000,55,62,65
led-4,90100,55,62,65
led-4,90200,55,62,65
led-4,90300,55,62,65
led-4,90400,55,62,65
led-4,90500,55,62,65
led-4,90600,55,62,65
led-4,90700,55,62,65
led-4,90800,55,62,65
led-4,90900,55,62,65
led-4,91000,55,62,65
led-4,91100,55,62,65
led-4,91200,55,62,65
led-4,91300,55,62,65
led-4,91400,54,62,65
led-4,91500,78,135,120
led-4,91600,78,135,120
led-4,91700,78,135,120
led-4,91800,78,135,120
led-4,91900,78,135,120
led-4,92000,77,135,120
led-4,92100,77,135,120
led-4,92200,77,136,120
led-4,92300,77,135,120
led-4,92400,77,135,121
led-4,92500,76,136,120
led-4,92600,77,135,121
led-4,92700,77,135,121
led-4,92800,77,135,121
led-4,92900,77,135,121
led-4,93000,77,136,121
led-4,93100,77,136,121
led-4,93200,77,136,121
led-4,93300,77,136,121
led-4,93400,77,136,120
led-4,93500,77,136,120
led-4,93600,77,136,121
led-4,93700,77,136,121
led-4,93800,77,136,121
led-4,93900,77,136,121
led-4,94000,77,135,121
led-4,94100,76,136,121
led-4,94200,76,136,121
led-4,94300,76,136,121
led-4,94400,77,135,121
led-4,94500,77,135,121
led-4,94600,77,135,121
led-4,94700,77,136,121
led-4,94800,77,136,121
led-4,94900,77,136,121
led-4,95000,77,136,121
led-4,95100,77,136,121
led-4,95200,77,136,121
led-4,95300,77,136,121
led-4,95400,77,136,121
led-4,95500,77,136,121
led-4,95600,77,136,121
led-4,95700,77,136,121
led-4,95800,77,136,121
led-4,95900,77,136,121
led-4,96000,77,136,121
led-4,96100,77,136,121
led-4,96200,77,136,121
led-4,96300,76,136,121
led-4,96400,76,136,121
led-4,96500,77,135,121
led-4,96600,77,135,121
led-4,96700,77,135,121
led-4,96800,77,135,121
led-4,96900,77,135,121
led-4,97000,77,135,121
led-4,97100,77,135,121
led-4,97200,77,135,121
led-4,97300,77,135,121
led-4,97400,77,135,121
led-4,97500,77,136,120
led-4,97600,77,136,120
led-4,97700,77,135,121
led-4,97800,77,136,121
led-4,97900,77,136,121
led-4,98000,77,136,121
led-4,98100,77,135,121
led-4,98200,77,135,121
led-4,98300,77,135,121
led-4,98400,161,96,162
led-4,98500,153,130,183
led-4,98600,77,135,122
led-4,98700,77,135,122
led-4,98800,77,135,122
led-4,98900,77,135,122
led-4,99000,77,135,122
led-4,99100,77,136,121
led-4,99200,77,136,121
led-4,99300,77,136,121
led-4,99400,77,135,121
led-4,99500,77,135,121
led-4,99600,77,135,121
led-4,99700,77,135,121
led-4,99800,135,177,109
led-4,99900,135,177,109
led-4,100000,135,177,109
led-4,100100,135,177,109
led-4,100200,136,178,108
led-4,100300,136,178,109
led-4,100400,136,178,109
led-4,100500,136,178,109
led-4,100600,136,178,108
led-4,100700,136,178,108
led-4,100800,136,178,108
led-4,100900,136,178,109
led-4,101000,136,179,109
led-4,101100,137,179,109
led-4,101200,137,179,109
led-4,101300,136,179,109
led-4,101400,137,179,109
led-4,101500,137,179,110
led-4,101600,137,180,110
led-4,101700,137,180,110
led-4,101800,136,176,108
led-4,101900,136,176,108
led-4,102000,138,182,111
led-4,102100,138,182,111
led-4,102200,139,182,111
led-4,102300,139,182,110
led-4,102400,139,183,110
led-4,102500,139,182,111
led-4,102600,139,183,110
led-4,102700,139,183,111
led-4,102800,139,183,111
led-4,102900,139,183,110
led-4,103000,139,183,110
led-4,103100,139,183,110
led-4,103200,139,183,110
led-4,103300,140,183,110
led-4,103400,139,183,111
led-4,103500,139,183,111
led-4,103600,139,183,111
led-4,103700,139,183,111
led-4,103800,139,183,111
led-4,103900,140,183,111
led-4,104000,230,218,233
led-4,104100,230,218,233
led-4,104200,230,218,233
led-4,104300,230,218,233
led-4,104400,230,218,235
led-4,104500,230,218,234
led-4,104600,229,218,235
led-4,104700,230,218,235
led-4,104800,230,218,235
led-4,104900,230,218,234
led-4,105000,230,218,235
led-4,105100,230,218,234
led-4,105200,229,219,233
led-4,105300,229,219,233
led-4,105400,229,219,233
led-4,105500,229,219,233
led-4,105600,229,219,233
led-4,105700,229,219,233
led-4,105800,229,219,234
led-4,105900,228,217,233
led-4,106000,230,218,234
led-4,106100,149,132,183
led-4,106200,230,218,234
led-4,106300,136,105,162
led-4,106400,117,83,134
led-4,106500,181,131,202
led-4,106600,216,204,227
led-4,106700,224,211,229
led-4,106800,229,218,234
led-4,106900,229,218,234
led-4,107000,230,218,234
led-4,107100,230,218,234
led-4,107200,230,218,234
led-4,107300,230,218,234
led-4,107400,230,218,234
led-4,107500,230,218,234
led-4,107600,230,218,234
led-4,107700,230,218,234
led-4,107800,230,218,234
led-4,107900,230,218,234
led-4,108000,230,218,234
led-4,108100,230,218,233
led-4,108200,230,218,233
led-4,108300,230,218,233
led-4,108400,230,218,233
led-4,108500,230,218,233
led-4,108600,230,218,233
led-4,108700,230,218,233
led-4,108800,230,218,233
led-4,108900,230,218,233
led-4,109000,230,218,233
led-4,109100,230,218,233
led-4,109200,230,218,233
led-4,109300,230,218,233
led-4,109400,230,218,234
led-4,109500,230,218,234
led-4,109600,230,218,234
led-4,109700,230,218,234
led-4,109800,230,218,234
led-4,109900,230,218,234
led-4,110000,230,218,234
led-4,110100,230,218,235
led-4,110200,230,218,235
led-4,110300,230,218,235
led-4,110400,230,218,234
led-4,110500,230,218,234
led-4,110600,230,218,234
led-4,110700,230,218,234
led-4,110800,230,218,234
led-4,110900,230,218,234
led-4,111000,230,218,234
led-4,111100,230,218,234
led-4,111200,230,218,234
led-4,111300,230,218,234
led-4,111400,230,218,234
led-4,111500,230,218,234
led-4,111600,230,218,234
led-4,111700,230,218,234
led-4,111800,230,218,234
led-4,111900,230,218,234
led-4,112000,230,218,234
led-4,112100,230,218,234
led-4,112200,230,218,234
led-4,112300,230,218,234
led-4,112400,230,218,234
led-4,112500,230,218,233
led-4,112600,230,218,234
led-4,112700,177,164,155
led-4,112800,185,177,167
led-4,112900,173,175,169
led-4,113000,180,188,186
led-4,113100,177,188,184
led-4,113200,172,179,178
led-4,113300,140,171,114
led-4,113400,140,171,114
led-4,113500,140,170,114
led-4,113600,140,170,114
led-4,113700,140,170,114
led-4,113800,141,170,114
led-4,113900,141,170,114
led-4,114000,141,170,114
led-4,114100,141,170,114
led-4,114200,141,170,114
led-4,114300,141,170,114
led-4,114400,140,170,113
led-4,114500,140,170,113
led-4,114600,140,170,113
led-4,114700,140,170,113
led-4,114800,141,170,113
led-4,114900,140,170,113
led-4,115000,140,171,113
led-4,115100,140,171,113
led-4,115200,140,170,113
led-4,115300,140,170,113
led-4,115400,140,170,113
led-4,115500,140,170,113
led-4,115600,140,170,114
led-4,115700,140,170,114
led-4,115800,136,156,113
led-4,115900,136,145,115
led-4,116000,137,118,120
led-4,116100,154,123,131
led-4,116200,183,150,152
led-4,116300,144,117,133
led-4,116400,131,109,126
led-4,116500,116,99,119
led-4,116600,113,94,113
led-4,116700,126,107,124
led-4,116800,121,106,125
led-4,116900,126,112,134
led-4,117000,119,107,129
led-4,117100,120,106,127
led-4,117200,123,107,130
led-4,117300,133,115,135
led-4,117400,137,119,138
led-4,117500,137,121,140
led-4,117600,137,122,140
led-4,117700,138,121,140
led-4,117800,136,120,137
led-4,117900,135,119,138
led-4,118000,150,187,88
led-4,118100,151,188,88
led-4,118200,150,187,87
led-4,118300,151,187,87
led-4,118400,151,187,88
led-4,118500,149,186,91
led-4,118600,148,186,92
led-4,118700,144,183,93
led-4,118800,139,177,94
led-4,118900,135,176,97
led-4,119000,129,171,98
led-4,119100,126,171,99
led-4,119200,123,170,99
led-4,119300,128,179,94
led-4,119400,145,197,95
led-4,119500,168,219,93
led-4,119600,175,225,95
led-4,119700,174,223,96
led-4,119800,162,208,96
led-4,119900,154,199,96
led-4,120000,145,192,95
led-4,120100,143,191,93
led-4,120200,143,190,93
led-4,120300,142,191,94
led-4,120400,142,192,95
led-4,120500,142,192,95
led-4,120600,141,192,94
led-4,120700,141,191,94
led-4,120800,141,192,95
led-4,120900,156,171,229
led-4,121000,155,171,229
led-4,121100,169,180,223
led-4,121200,157,167,212
led-4,121300,96,78,91
led-4,121400,157,170,227
led-4,121500,161,145,153
led-4,121600,156,142,140
led-4,121700,156,172,220
led-4,121800,156,170,228
led-4,121900,155,171,229
led-4,122000,156,171,229
led-4,122100,156,171,229
led-4,122200,156,171,229
led-4,122300,156,171,229
led-4,122400,156,171,229
led-4,122500,156,171,229
led-4,122600,156,171,229
led-4,122700,156,171,229
led-4,122800,156,171,229
led-4,122900,156,171,229
led-4,123000,156,171,229
led-4,123100,156,170,229
led-4,123200,156,170,229
led-4,123300,157,170,229
led-4,123400,156,170,229
led-4,123500,151,162,83
led-4,123600,151,162,83
led-4,123700,151,162,83
led-4,123800,151,162,83
led-4,123900,151,162,83
led-4,124000,151,162,83
led-4,124100,151,162,84
led-4,124200,151,162,84
led-4,124300,151,162,84
led-4,124400,151,162,84
led-4,124500,151,162,84
led-4,124600,150,161,83
led-4,124700,148,159,81
led-4,124800,148,160,81
led-4,124900,148,160,81
led-4,125000,148,160,81
led-4,125100,148,160,81
led-4,125200,148,160,82
led-4,125300,148,160,82
led-4,125400,147,160,82
led-4,125500,127,128,76
led-4,125600,148,160,81
led-4,125700,147,160,81
led-4,125800,148,160,81
led-4,125900,148,160,82
led-4,126000,148,160,82
led-4,126100,148,160,82
led-4,126200,148,160,82
led-4,126300,148,160,82
led-4,126400,148,160,82
led-4,126500,148,160,82
led-4,126600,148,160,82
led-4,126700,148,160,82
led-4,126800,148,161,82
led-4,126900,171,182,228
led-4,127000,170,183,228
led-4,127100,170,183,228
led-4,127200,170,183,228
led-4,127300,170,183,228
led-4,127400,170,183,228
led-4,127500,170,183,228
led-4,127600,170,183,228
led-4,127700,170,183,228
led-4,127800,170,183,228
led-4,127900,170,183,228
led-4,128000,170,183,228
led-4,128100,171,183,228
led-4,128200,171,183,228
led-4,128300,171,183,228
led-4,128400,171,183,228
led-4,128500,171,183,228
led-4,128600,171,183,228
led-4,128700,171,183,228
led-4,128800,171,183,228
led-4,128900,171,183,228
led-4,129000,170,183,228
led-4,129100,170,183,229
led-4,129200,170,183,229
led-4,129300,170,183,229
led-4,129400,170,183,229
led-4,129500,170,183,229
led-4,129600,170,183,229
led-4,129700,170,183,229
led-4,129800,170,183,229
led-4,129900,170,183,229
led-4,130000,170,183,229
led-4,130100,170,183,228
led-4,130200,170,183,228
led-4,130300,170,183,228
led-4,130400,170,183,228
led-4,130500,170,183,228
led-4,130600,170,183,228
led-4,130700,170,183,229
led-4,130800,170,183,229
led-4,130900,170,183,228
led-4,131000,170,183,228
led-4,131100,170,183,228
led-4,131200,170,183,228
led-4,131300,170,183,228
led-4,131400,170,183,228
led-4,131500,169,183,228
led-4,131600,169,183,228
led-4,131700,169,183,228
led-4,131800,169,183,228
led-4,131900,170,183,229
led-4,132000,170,183,229
led-4,132100,170,183,229
led-4,132200,170,183,228
led-4,132300,170,183,228
led-4,132400,170,183,228
led-4,132500,170,182,228
led-4,132600,170,182,228
led-4,132700,170,183,228
led-4,132800,171,182,228
led-4,132900,170,183,227
led-4,133000,170,182,228
led-4,133100,171,182,229
led-4,133200,171,182,229
led-4,133300,171,182,229
led-4,133400,171,182,229
led-4,133500,171,182,229
led-4,133600,171,182,229
led-4,133700,171,182,229
led-4,133800,171,182,229
led-4,133900,171,182,229
led-4,134000,171,182,228
led-4,134100,171,182,228
led-4,134200,171,182,228
led-4,134300,171,182,227
led-4,134400,171,182,228
led-4,134500,171,182,228
led-4,134600,171,182,228
led-4,134700,171,182,228
led-4,134800,171,182,228
led-4,134900,171,182,228
led-4,135000,170,183,228
led-4,135100,170,183,228
led-4,135200,170,183,228
led-4,135300,170,183,228
led-4,135400,170,183,228
led-4,135500,170,183,228
led-4,135600,170,183,228
led-4,135700,170,183,228
led-4,135800,170,183,228
led-4,135900,170,183,228
led-4,136000,170,183,228
led-4,136100,170,183,228
led-4,136200,170,183,228
led-4,136300,170,183,228
led-4,136400,170,183,228
led-4,136500,170,183,228
led-4,136600,170,183,228
led-4,136700,170,183,228
led-4,136800,170,183,228
led-4,136900,170,183,228
led-4,137000,170,183,228
led-4,137100,170,183,228
led-4,137200,170,183,229
led-4,137300,170,183,228
led-4,137400,170,183,228
led-4,137500,170,183,229
led-4,137600,170,183,228
led-4,137700,170,183,228
led-4,137800,170,183,228
led-4,137900,170,183,228
led-4,138000,170,183,229
led-4,138100,170,183,228
led-4,138200,169,183,228
led-4,138300,169,183,228
led-4,138400,169,183,228
led-4,138500,169,183,228
led-4,138600,169,183,228
led-4,138700,169,183,228
led-4,138800,169,183,227
led-4,138900,169,183,227
led-4,139000,169,183,227
led-4,139100,169,183,228
led-4,139200,169,183,228
led-4,139300,169,183,228
led-4,139400,170,183,228
led-4,139500,170,183,228
led-4,139600,170,183,227
led-4,139700,170,183,227
led-4,139800,170,183,227
led-4,139900,170,183,227
led-4,140000,170,183,228
led-4,140100,170,183,228
led-4,140200,170,183,228
led-4,140300,170,183,228
led-4,140400,170,183,228
led-4,140500,170,183,227
led-4,140600,170,183,227
led-4,140700,170,183,228
led-4,140800,170,183,228
led-4,140900,170,183,228
led-4,141000,170,183,227
led-4,141100,170,183,228
led-4,141200,170,183,228
led-4,141300,170,183,228
led-4,141400,170,183,228
led-4,141500,170,183,228
led-4,141600,170,183,228
led-4,141700,170,183,228
led-4,141800,170,183,228
led-4,141900,170,183,228
led-4,142000,170,183,229
led-4,142100,170,183,229
led-4,142200,170,183,229
led-4,142300,170,183,229
led-4,142400,170,183,229
led-4,142500,170,183,229
led-4,142600,170,183,229
led-4,142700,170,183,229
led-4,142800,170,183,229
led-4,142900,170,183,229
led-4,143000,169,183,229
led-4,143100,170,183,229
led-4,143200,190,182,197
led-4,143300,115,108,110
led-4,143400,90,82,85
led-4,143500,130,124,127
led-4,143600,157,150,152
led-4,143700,114,109,113
led-4,143800,153,146,149
led-4,143900,170,183,229
led-4,144000,170,183,228
led-4,144100,169,183,228
led-4,144200,170,183,228
led-4,144300,170,183,228
led-4,144400,170,183,228
led-4,144500,170,183,228
led-4,144600,169,183,227
led-4,144700,170,183,228
led-4,144800,170,183,228
led-4,144900,170,183,228
led-4,145000,170,183,228
led-4,145100,169,183,229
led-4,145200,169,182,229
led-4,145300,169,183,229
led-4,145400,169,183,229
led-4,145500,169,182,229
led-4,145600,170,182,230
led-4,145700,170,182,229
led-4,145800,170,182,229
led-4,145900,170,182,230
led-4,146000,169,183,229
led-4,146100,169,183,229
led-4,146200,169,183,228
led-4,146300,170,183,228
led-4,146400,141,162,59
led-4,146500,141,162,59
led-4,146600,141,162,59
led-4,146700,141,162,59
led-4,146800,141,162,59
led-4,146900,141,162,59
led-4,147000,141,162,59
led-4,147100,140,163,59
led-4,147200,140,163,59
led-4,147300,140,163,59
led-4,147400,140,163,59
led-4,147500,140,163,59
led-4,147600,140,163,59
led-4,147700,140,163,60
led-4,147800,140,163,59
led-4,147900,140,163,59
led-4,148000,140,162,59
led-4,148100,140,162,59
led-4,148200,140,162,59
led-4,148300,141,162,59
led-4,148400,141,162,59
led-4,148500,141,162,59
led-4,148600,141,162,59
led-4,148700,141,162,59
led-4,148800,141,162,59
led-4,148900,141,162,59
led-4,149000,140,163,59
led-4,149100,177,201,86
led-4,149200,177,201,86
led-4,149300,177,201,86
led-4,149400,177,201,86
led-4,149500,177,201,86
led-4,149600,177,201,86
led-4,149700,177,201,86
led-4,149800,177,201,86
led-4,149900,177,201,86
led-4,150000,176,202,86
led-4,150100,176,202,86
led-4,150200,176,202,86
led-4,150300,176,202,86
led-4,150400,176,202,86
led-4,150500,176,202,86
led-4,150600,176,202,86
led-4,150700,176,202,86
led-4,150800,176,202,86
led-4,150900,176,202,86
led-4,151000,176,202,86
led-4,151100,176,202,86
led-4,151200,176,202,86
led-4,151300,176,202,86
led-4,151400,176,202,87
led-4,151500,176,202,87
led-4,151600,176,202,87
led-4,151700,176,202,87
led-4,151800,176,202,87
led-4,151900,176,202,87
led-4,152000,176,202,87
led-4,152100,176,202,87
led-4,152200,176,202,87
led-4,152300,176,201,87
led-4,152400,176,201,87
led-4,152500,176,201,87
led-4,152600,176,201,87
led-4,152700,176,201,87
led-4,152800,176,201,87
led-4,152900,176,201,87
led-4,153000,176,202,87
led-4,153100,176,202,87
led-4,153200,176,202,87
led-4,153300,188,165,92
led-4,153400,176,202,87
led-4,153500,176,202,87
led-4,153600,176,202,87
led-4,153700,176,202,87
led-4,153800,176,202,87
led-4,153900,176,201,86
led-4,154000,176,201,86
led-4,154100,176,201,86
led-4,154200,176,201,87
led-4,154300,176,201,87
led-4,154400,177,201,87
led-4,154500,177,201,86
led-4,154600,177,201,86
led-4,154700,177,201,86
led-4,154800,177,201,86
led-4,154900,177,201,86
led-4,155000,177,202,86
led-4,155100,177,202,86
led-4,155200,177,202,86
led-4,155300,177,202,86
led-4,155400,177,202,86
led-4,155500,177,202,86
led-4,155600,177,201,87
led-4,155700,177,201,87
led-4,155800,176,201,87
led-4,155900,176,201,87
led-4,156000,115,134,71
led-4,156100,115,134,71
led-4,156200,115,134,71
led-4,156300,115,134,71
led-4,156400,115,134,71
led-4,156500,115,134,71
led-4,156600,115,134,71
led-4,156700,115,134,71
led-4,156800,115,134,71
led-4,156900,115,134,71
led-4,157000,115,134,71
led-4,157100,115,134,71
led-4,157200,115,135,71
led-4,157300,115,135,72
led-4,157400,115,135,72
led-4,157500,115,135,71
led-4,157600,115,135,71
led-4,157700,116,135,71
led-4,157800,116,135,71
led-4,157900,116,135,71
led-4,158000,116,135,72
led-4,158100,116,135,71
led-4,158200,116,135,71
led-4,158300,116,135,71
led-4,158400,116,135,71
led-4,158500,116,135,71
led-4,158600,116,135,71
led-4,158700,116,135,71
led-4,158800,116,135,71
led-4,158900,116,135,71
led-4,159000,116,135,71
led-4,159100,116,135,71
led-4,159200,116,135,71
led-4,159300,116,135,71
led-4,159400,116,135,71
led-4,159500,116,135,71
led-4,159600,116,134,72
led-4,159700,116,134,72
led-4,159800,116,134,72
led-4,159900,116,134,72
led-4,160000,116,135,71
led-4,160100,116,135,71
led-4,160200,116,135,71
led-4,160300,116,135,71
led-4,160400,116,135,71
led-4,160500,116,135,71
led-4,160600,116,135,70
led-4,160700,116,135,70
led-4,160800,116,135,71
led-4,160900,174,199,84
led-4,161000,174,199,84
led-4,161100,174,199,83
led-4,161200,174,199,83
led-4,161300,174,199,83
led-4,161400,174,199,83
led-4,161500,174,199,83
led-4,161600,174,199,83
led-4,161700,174,199,83
led-4,161800,174,199,83
led-4,161900,174,199,83
led-4,162000,174,199,84
led-4,162100,174,199,84
led-4,162200,174,199,84
led-4,162300,255,238,215
led-4,162400,255,238,215
led-4,162500,255,237,213
led-4,162600,255,238,215
led-4,162700,255,238,215
led-4,162800,255,238,215
led-4,162900,255,238,215
led-4,163000,255,239,214
led-4,163100,255,239,214
led-4,163200,255,239,214
led-4,163300,169,194,87
led-4,163400,169,194,87
led-4,163500,169,194,87
led-4,163600,169,194,87
led-4,163700,169,194,87
led-4,163800,169,194,87
led-4,163900,169,194,87
led-4,164000,169,194,87
led-4,164100,169,194,87
led-4,164200,169,194,87
led-4,164300,169,194,87
led-4,164400,169,194,86
led-4,164500,169,194,86
led-4,164600,169,194,86
led-4,164700,169,194,86
led-4,164800,169,194,87
led-4,164900,169,194,87
led-4,165000,170,193,87
led-4,165100,170,193,87
led-4,165200,170,193,87
led-4,165300,170,193,87
led-4,165400,170,193,87
led-4,165500,170,193,87
led-4,165600,170,193,87
led-4,165700,171,193,87
led-4,165800,171,193,87
led-4,165900,171,193,87
led-4,166000,170,193,87
led-4,166100,171,193,87
led-4,166200,170,193,87
led-4,166300,255,238,214
led-4,166400,255,238,214
led-4,166500,255,238,214
led-4,166600,255,238,214
led-4,166700,255,238,214
led-4,166800,255,238,214
led-4,166900,255,238,214
led-4,167000,255,239,214
led-4,167100,255,239,214
led-4,167200,255,239,214
led-4,167300,255,239,214
led-4,167400,255,239,214
led-4,167500,255,239,214
led-4,167600,255,239,214
led-4,167700,255,239,214
led-4,167800,255,239,214
led-4,167900,255,239,214
led-4,168000,168,191,87
led-4,168100,168,191,87
led-4,168200,168,191,87
led-4,168300,168,191,87
led-4,168400,168,191,87
led-4,168500,168,191,87
led-4,168600,168,191,87
led-4,168700,168,191,87
led-4,168800,168,191,87
led-4,168900,168,191,87
led-4,169000,168,191,87
led-4,169100,168,191,87
led-4,169200,168,191,87
led-4,169300,168,191,87
led-4,169400,169,191,87
led-4,169500,169,191,87
led-4,169600,255,239,214
led-4,169700,255,239,214
led-4,169800,255,239,214
led-4,169900,255,239,214
led-4,170000,255,238,215
led-4,170100,255,238,215
led-4,170200,255,238,215
led-4,170300,255,238,215
led-4,170400,255,238,215
led-4,170500,255,238,214
led-4,170600,255,239,214
led-4,170700,255,239,214
led-4,170800,255,239,214
led-4,170900,255,239,214
led-4,171000,255,239,214
led-4,171100,255,239,214
led-4,171200,255,239,214
led-4,171300,255,239,214
led-4,171400,255,239,214
led-4,171500,255,239,214
led-4,171600,255,239,214
led-4,171700,255,239,214
led-4,171800,255,239,214
led-4,171900,255,239,214
led-4,172000,255,239,214
led-4,172100,255,239,214
led-4,172200,255,239,214
led-4,172300,255,239,214
led-4,172400,255,239,214
led-4,172500,255,238,214
led-4,172600,255,238,214
led-4,172700,255,238,214
led-4,172800,255,238,214
led-4,172900,255,238,214
led-4,173000,255,239,214
led-4,173100,255,239,214
led-4,173200,255,239,214
led-4,173300,255,239,214
led-4,173400,255,239,214
led-4,173500,255,239,214
led-4,173600,255,239,214
led-4,173700,255,239,214
led-4,173800,255,239,214
led-4,173900,255,239,214
led-4,174000,255,239,214
led-4,174100,255,239,214
led-4,174200,255,239,214
led-4,174300,255,239,214
led-4,174400,255,239,214
led-4,174500,255,239,214
led-4,174600,255,239,214
led-4,174700,255,239,214
led-4,174800,255,239,214
led-4,174900,255,239,214
led-4,175000,255,239,215
led-4,175100,255,239,215
led-4,175200,255,239,215
led-4,175300,255,239,215
led-4,175400,255,239,215
led-4,175500,255,239,215
led-4,175600,255,239,215
led-4,175700,255,239,215
led-4,175800,255,239,215
led-4,175900,255,239,215
led-4,176000,255,238,215
led-4,176100,255,238,215
led-4,176200,167,191,85
led-4,176300,167,191,85
led-4,176400,167,191,85
led-4,176500,167,191,85
led-4,176600,167,191,85
led-4,176700,167,191,85
led-4,176800,167,191,85
led-4,176900,168,191,85
led-4,177000,168,191,85
led-4,177100,168,191,86
led-4,177200,168,191,86
led-4,177300,168,191,86
led-4,177400,168,191,86
led-4,177500,167,191,85
led-4,177600,167,192,85
led-4,177700,167,192,85
led-4,177800,228,210,182
led-4,177900,228,210,182
led-4,178000,229,210,182
led-4,178100,229,210,183
led-4,178200,229,210,183
led-4,178300,229,210,183
led-4,178400,229,210,183
led-4,178500,229,210,182
led-4,178600,229,210,182
led-4,178700,229,210,182
led-4,178800,229,210,182
led-4,178900,229,210,182
led-4,179000,229,210,183
led-4,179100,229,210,182
led-4,179200,229,210,182
led-4,179300,229,210,182
led-4,179400,227,208,181
led-4,179500,228,210,182
led-4,179600,228,210,182
led-4,179700,228,210,182
led-4,179800,228,210,182
led-4,179900,228,210,182
led-4,180000,228,210,182
led-4,180100,228,210,182
led-4,180200,229,210,182
led-4,180300,229,210,182
led-4,180400,229,210,182
led-4,180500,167,191,87
led-4,180600,167,191,87
led-4,180700,167,191,87
led-4,180800,167,191,87
led-4,180900,167,191,87
led-4,181000,168,191,85
led-4,181100,168,191,85
led-4,181200,168,191,85
led-4,181300,168,191,85
led-4,181400,168,191,85
led-4,181500,168,191,85
led-4,181600,168,191,85
led-4,181700,168,191,85
led-4,181800,168,191,85
led-4,181900,168,191,85
led-4,182000,168,191,86
led-4,182100,168,191,86
led-4,182200,168,191,86
led-4,182300,168,191,86
led-4,182400,168,191,86
led-4,182500,168,191,86
led-4,182600,168,191,86
led-4,182700,168,191,86
led-4,182800,168,191,86
led-4,182900,168,191,86
led-4,183000,168,191,86
led-4,183100,168,191,86
led-4,183200,168,191,86
led-4,183300,168,191,86
led-4,183400,168,191,87
led-4,183500,168,191,87
led-4,183600,168,191,87
led-4,183700,168,191,87
led-4,183800,168,191,87
led-4,183900,168,191,87
led-4,184000,168,191,87
led-4,184100,168,191,87
led-4,184200,168,191,87
led-4,184300,168,191,87
led-4,184400,168,191,87
led-4,184500,168,191,87
led-4,184600,168,191,87
led-4,184700,168,191,87
led-4,184800,168,191,87
led-4,184900,168,191,87
led-4,185000,168,191,87
led-4,185100,167,191,87
led-4,185200,167,191,87
led-4,185300,167,191,86
led-4,185400,167,191,86
led-4,185500,167,191,86
led-4,185600,167,191,85
led-4,185700,167,191,85
led-4,185800,167,191,85
led-4,185900,167,191,85
led-4,186000,204,214,253
led-4,186100,227,160,245
led-4,186200,205,214,253
led-4,186300,207,211,252
led-4,186400,209,203,249
led-4,186500,205,214,252
led-4,186600,215,164,235
led-4,186700,205,212,252
led-4,186800,204,214,252
led-4,186900,205,213,252
led-4,187000,204,213,252
led-4,187100,205,211,249
led-4,187200,204,176,236
led-4,187300,245,136,245
led-4,187400,242,123,240
led-4,187500,240,118,238
led-4,187600,238,117,237
led-4,187700,242,121,243
led-4,187800,210,197,247
led-4,187900,210,203,248
led-4,188000,209,209,250
led-4,188100,208,209,250
led-4,188200,209,209,250
led-4,188300,209,208,249
led-4,188400,209,204,249
led-4,188500,206,195,244
led-4,188600,202,190,240
led-4,188700,199,185,237
led-4,188800,196,179,233
led-4,188900,195,176,231
led-4,189000,195,179,232
led-4,189100,200,187,238
led-4,189200,205,190,243
led-4,189300,209,177,241
led-4,189400,225,215,224
led-4,189500,225,215,224
led-4,189600,225,215,224
led-4,189700,225,215,224
led-4,189800,225,215,224
led-4,189900,225,215,224
led-4,190000,225,216,222
led-4,190100,225,216,222
led-4,190200,225,216,222
led-4,190300,225,216,222
led-4,190400,225,216,222
led-4,190500,225,216,222
led-4,190600,225,216,222
led-4,190700,225,216,222
led-4,190800,225,216,222
led-4,190900,225,216,222
led-4,191000,226,215,223
led-4,191100,226,215,223
led-4,191200,226,215,223
led-4,191300,226,215,224
led-4,191400,226,215,224
led-4,191500,226,215,224
led-4,191600,226,215,224
led-4,191700,226,215,224
led-4,191800,226,215,224
led-4,191900,226,215,223
led-4,192000,226,216,222
led-4,192100,226,216,222
led-4,192200,233,120,234
led-4,192300,220,102,214
led-4,192400,199,166,241
led-4,192500,205,213,254
led-4,192600,210,204,249
led-4,192700,207,206,251
led-4,192800,205,213,252
led-4,192900,224,141,243
led-4,193000,204,88,213
led-4,193100,201,154,241
led-4,193200,209,210,252
led-4,193300,235,136,233
led-4,193400,255,156,253
led-4,193500,255,140,253
led-4,193600,255,140,255
led-4,193700,255,143,255
led-4,193800,255,145,255
led-4,193900,255,146,255
led-4,194000,255,146,255
led-4,194100,255,145,254
led-4,194200,255,144,253
led-4,194300,255,141,252
led-4,194400,255,137,252
led-4,194500,255,135,253
led-4,194600,255,136,255
led-4,194700,254,220,210
led-4,194800,255,221,211
led-4,194900,255,221,211
led-4,195000,255,223,210
led-4,195100,255,225,211
led-4,195200,255,227,211
led-4,195300,255,227,211
led-4,195400,255,226,211
led-4,195500,255,226,211
led-4,195600,255,226,209
led-4,195700,255,226,209
led-4,195800,178,199,255
led-4,195900,159,139,203
led-4,196000,88,65,55
led-4,196100,86,60,51
led-4,196200,196,145,121
led-4,196300,255,210,164
led-4,196400,255,215,170
led-4,196500,253,251,249
led-4,196600,255,255,255
led-4,196700,255,255,255
led-4,196800,255,255,255
led-4,196900,255,255,255
led-4,197000,255,226,209
led-4,197100,255,226,209
led-4,197200,255,226,209
led-4,197300,255,226,209
led-4,197400,255,226,209
led-4,197500,255,226,209
led-4,197600,255,226,209
led-4,197700,255,226,209
led-4,197800,255,226,209
led-4,197900,255,226,209
led-4,198000,255,226,209
led-4,198100,255,226,209
led-4,198200,255,226,209
led-4,198300,255,226,209
led-4,198400,255,226,209
led-4,198500,255,226,209
led-4,198600,255,226,209
led-4,198700,255,226,209
led-4,198800,255,226,209
led-4,198900,255,226,209
led-4,199000,255,226,209
led-4,199100,255,226,209
led-4,199200,255,226,209
led-4,199300,255,226,209
led-4,199400,255,226,209
led-4,199500,255,226,209
led-4,199600,255,226,209
led-4,199700,255,226,209
led-4,199800,255,226,209
led-4,199900,97,60,45
led-4,200000,110,69,54
led-4,200100,81,56,44
led-4,200200,111,81,61
led-4,200300,122,95,73
led-4,200400,117,90,69
led-4,200500,116,88,67
led-4,200600,116,87,66
led-4,200700,115,87,66
led-4,200800,115,87,66
led-4,200900,115,87,65
led-4,201000,115,87,65
led-4,201100,114,86,64
led-4,201200,68,41,31
led-4,201300,188,185,197
led-4,201400,90,56,37
led-4,201500,185,181,193
led-4,201600,200,206,222
led-4,201700,200,206,221
led-4,201800,201,206,221
led-4,201900,200,206,222
led-4,202000,200,206,221
led-4,202100,199,205,221
led-4,202200,199,205,221
led-4,202300,200,205,221
led-4,202400,200,205,221
led-4,202500,200,204,220
led-4,202600,199,204,220
led-4,202700,199,204,220
led-4,202800,199,204,220
led-4,202900,199,204,220
led-4,203000,199,203,219
led-4,203100,198,204,219
led-4,203200,199,204,219
led-4,203300,199,204,220
led-4,203400,199,203,220
led-4,203500,199,204,220
led-4,203600,199,203,220
led-4,203700,199,204,220
led-4,203800,199,203,219
led-4,203900,199,203,219
led-4,204000,198,203,218
led-4,204100,198,203,218
led-4,204200,228,217,224
led-4,204300,228,217,224
led-4,204400,228,217,224
led-4,204500,227,217,224
led-4,204600,227,217,224
led-4,204700,227,217,224
led-4,204800,228,217,224
led-4,204900,228,217,224
led-4,205000,228,218,223
led-4,205100,228,218,223
led-4,205200,228,218,223
led-4,205300,228,218,223
led-4,205400,228,218,223
led-4,205500,228,218,223
led-4,205600,227,217,223
led-4,205700,227,217,223
led-4,205800,227,217,223
led-4,205900,227,217,223
led-4,206000,129,90,69
led-4,206100,127,89,68
led-4,206200,125,87,65
led-4,206300,119,83,62
led-4,206400,117,82,61
led-4,206500,114,81,60
led-4,206600,114,80,60
led-4,206700,114,81,59
led-4,206800,115,81,60
led-4,206900,116,82,61
led-4,207000,117,82,60
led-4,207100,117,83,61
led-4,207200,116,82,61
led-4,207300,114,80,61
led-4,207400,112,78,60
led-4,207500,227,218,224
led-4,207600,227,218,223
led-4,207700,227,218,223
led-4,207800,227,218,223
led-4,207900,227,218,223
led-4,208000,227,217,224
led-4,208100,227,217,224
led-4,208200,227,217,224
led-4,208300,227,217,224
led-4,208400,227,217,224
led-4,208500,227,217,224
led-4,208600,227,217,224
led-4,208700,227,217,224
led-4,208800,227,217,224
led-4,208900,101,68,56
led-4,209000,90,58,49
led-4,209100,85,55,45
led-4,209200,96,64,53
led-4,209300,118,82,66
led-4,209400,129,89,69
led-4,209500,125,87,66
led-4,209600,122,85,65
led-4,209700,119,83,64
led-4,209800,123,87,65
led-4,209900,123,87,66
led-4,210000,120,84,64
led-4,210100,121,85,65
led-4,210200,124,86,67
led-4,210300,123,85,66
led-4,210400,121,84,65
led-4,210500,127,87,67
led-4,210600,117,81,63
led-4,210700,79,52,42
led-4,210800,71,42,38
led-4,210900,83,51,47
led-4,211000,97,61,50
led-4,211100,159,110,85
led-4,211200,118,82,56
led-4,211300,104,74,54
led-4,211400,85,57,43
led-4,211500,93,66,50
led-4,211600,93,65,51
led-4,211700,152,188,196
led-4,211800,153,188,198
led-4,211900,154,163,165
led-4,212000,130,72,69
led-4,212100,123,84,84
led-4,212200,149,80,84
led-4,212300,152,187,195
led-4,212400,152,187,196
led-4,212500,153,188,198
led-4,212600,153,188,202
led-4,212700,153,189,206
led-4,212800,154,190,210
led-4,212900,154,191,211
led-4,213000,156,192,210
led-4,213100,155,192,210
led-4,213200,156,192,210
led-4,213300,156,193,211
led-4,213400,156,192,211
led-4,213500,156,192,211
led-4,213600,156,193,210
led-4,213700,156,193,210
led-4,213800,133,88,73
led-4,213900,130,86,71
led-4,214000,124,81,67
led-4,214100,123,79,66
led-4,214200,121,77,65
led-4,214300,119,75,66
led-4,214400,118,74,64
led-4,214500,116,73,62
led-4,214600,115,71,61
led-4,214700,113,69,60
led-4,214800,109,66,57
led-4,214900,107,63,56
led-4,215000,104,59,53
led-4,215100,101,58,51
led-4,215200,99,56,50
led-4,215300,99,54,50
led-4,215400,98,53,48
led-4,215500,127,75,72
led-4,215600,148,90,85
led-4,215700,214,206,233
led-4,215800,92,62,52
led-4,215900,87,61,53
led-4,216000,86,59,50
led-4,216100,85,59,49
led-4,216200,85,59,50
led-4,216300,85,59,49
led-4,216400,86,58,49
led-4,216500,86,58,49
led-4,216600,86,59,50
led-4,216700,86,60,50
led-4,216800,85,60,50
led-4,216900,86,60,49
led-4,217000,87,60,50
led-4,217100,87,60,50
led-4,217200,88,60,50
led-4,217300,88,60,51
led-4,217400,89,61,51
led-4,217500,89,61,51
led-4,217600,89,61,51
led-4,217700,88,61,50
led-4,217800,91,60,50
led-4,217900,110,70,53
led-4,218000,108,68,53
led-4,218100,107,69,52
led-4,218200,108,69,52
led-4,218300,108,69,53
led-4,218400,108,69,53
led-4,218500,108,69,53
led-4,218600,108,70,52
led-4,218700,108,70,52
led-4,218800,108,69,52
led-4,218900,108,69,52
led-4,219000,107,69,53
led-4,219100,107,69,53
led-4,219200,108,69,53
led-4,219300,109,69,53
led-4,219400,107,69,53
led-4,219500,107,70,53
led-4,219600,108,70,53
led-4,219700,107,70,52
led-4,219800,107,69,52
led-4,219900,107,70,52
led-4,220000,107,69,53
led-4,220100,107,69,53
led-4,220200,107,68,53
led-4,220300,107,69,54
led-4,220400,108,69,54
led-4,220500,228,218,222
led-4,220600,228,218,222
led-4,220700,228,218,222
led-4,220800,228,218,222
led-4,220900,228,218,222
led-4,221000,228,218,222
led-4,221100,228,218,222
led-4,221200,225,215,223
led-4,221300,225,215,223
led-4,221400,225,215,223
led-4,221500,225,215,223
led-4,221600,225,215,223
led-4,221700,225,215,223
led-4,221800,225,215,223
led-4,221900,225,215,223
led-4,222000,225,215,223
led-4,222100,225,215,223
led-4,222200,225,215,223
led-4,222300,225,215,223
led-4,222400,225,215,223
led-4,222500,226,215,224
led-4,222600,226,215,224
led-4,222700,226,215,224
led-4,222800,226,215,224
led-4,222900,226,215,224
led-4,223000,226,216,222
led-4,223100,226,216,222
led-4,223200,226,216,222
led-4,223300,226,216,222
led-4,223400,226,216,222
led-4,223500,226,216,222
led-4,223600,226,216,222
led-4,223700,226,216,222
led-4,223800,131,166,225
led-4,223900,131,166,225
led-4,224000,132,165,226
led-4,224100,131,166,226
led-4,224200,131,166,226
led-4,224300,131,166,226
led-4,224400,132,165,227
led-4,224500,132,165,227
led-4,224600,132,165,227
led-4,224700,132,165,227
led-4,224800,132,165,227
led-4,224900,132,165,227
led-4,225000,132,165,227
led-4,225100,132,166,226
led-4,225200,132,166,226
led-4,225300,132,166,226
led-4,225400,132,166,226
led-4,225500,131,166,226
led-4,225600,131,166,226
led-4,225700,131,166,226
led-4,225800,131,166,226
led-4,225900,131,166,226
led-4,226000,131,166,226
led-4,226100,128,116,130
led-4,226200,130,166,225
led-4,226300,242,223,244
led-4,226400,242,223,243
led-4,226500,117,97,125
led-4,226600,99,88,111
led-4,226700,95,86,114
led-4,226800,213,187,183
led-4,226900,160,139,166
led-4,227000,154,134,164
led-4,227100,117,98,134
led-4,227200,89,78,118
led-4,227300,85,78,113
led-4,227400,87,80,112
led-4,227500,241,222,242
led-4,227600,242,223,244
led-4,227700,242,223,244
led-4,227800,242,223,244
led-4,227900,242,223,244
led-4,228000,242,223,244
led-4,228100,242,223,243
led-4,228200,242,223,244
led-4,228300,242,223,244
led-4,228400,242,223,244
led-4,228500,242,223,244
led-4,228600,242,223,244
led-4,228700,242,223,244
led-4,228800,242,223,244
led-4,228900,242,223,244
led-4,229000,242,223,243
led-4,229100,242,223,243
led-4,229200,242,223,243
led-4,229300,242,223,243
led-4,229400,242,223,243
led-4,229500,242,223,243
led-4,229600,242,223,243
led-4,229700,242,223,243
led-4,229800,242,223,243
led-4,229900,242,223,243
led-4,230000,173,184,75
led-4,230100,173,184,75
led-4,230200,173,184,76
led-4,230300,173,184,75
led-4,230400,173,184,75
led-4,230500,173,184,75
led-4,230600,173,184,75
led-4,230700,173,184,75
led-4,230800,173,184,76
led-4,230900,174,184,76
led-4,231000,173,184,75
led-4,231100,173,184,75
led-4,231200,173,184,75
led-4,231300,173,184,75
led-4,231400,173,184,75
led-4,231500,173,184,75
led-4,231600,173,184,75
led-4,231700,173,184,75
led-4,231800,173,184,75
led-4,231900,173,184,75
led-4,232000,173,184,75
led-4,232100,173,184,75
led-4,232200,173,184,75
led-4,232300,174,184,75
led-4,232400,173,184,75
led-4,232500,188,141,143
led-4,232600,188,141,143
led-4,232700,188,141,143
led-4,232800,188,141,143
led-4,232900,188,141,143
led-4,233000,188,141,143
led-4,233100,188,141,143
led-4,233200,188,141,143
led-4,233300,188,142,143
led-4,233400,188,142,143
led-4,233500,188,142,143
led-4,233600,188,141,143
led-4,233700,188,141,143
led-4,233800,188,141,143
led-4,233900,188,141,143
led-4,234000,188,141,143
led-4,234100,188,141,143
led-4,234200,188,142,143
led-4,234300,188,142,143
led-4,234400,188,142,143
led-4,234500,188,142,143
led-4,234600,188,142,143
led-4,234700,188,142,143
led-4,234800,189,142,142
led-4,234900,188,142,143
led-4,235000,188,142,142
led-4,235100,188,142,142
led-4,235200,189,142,142
led-4,235300,188,142,142
led-4,235400,188,142,142
led-4,235500,188,141,142
led-4,235600,188,141,141
led-4,235700,188,141,141
led-4,235800,187,140,141
led-4,235900,187,140,141
led-4,236000,187,138,140
led-4,236100,187,138,139
led-4,236200,186,137,138
led-4,236300,186,136,138
led-4,236400,185,136,137
led-4,236500,184,135,136
led-4,236600,183,135,136
led-4,236700,182,134,134
led-4,236800,181,133,134
led-4,236900,181,133,133
led-4,237000,180,131,132
led-4,237100,179,130,132
led-4,237200,179,129,129
led-4,237300,179,128,130
led-4,237400,178,128,129
led-4,237500,176,127,129
led-4,237600,176,127,129
led-4,237700,175,126,128
led-4,237800,175,126,127
led-4,237900,174,126,127
led-4,238000,172,125,126
led-4,238100,172,125,125
led-4,238200,172,125,125
led-4,238300,172,124,125
led-4,238400,172,124,125
led-4,238500,171,124,125
led-4,238600,170,124,125
led-4,238700,170,124,125
led-4,238800,169,123,125
led-4,238900,169,123,125
led-4,239000,168,123,124
led-4,239100,168,123,124
led-4,239200,167,123,124
led-4,239300,166,123,124
led-4,239400,167,123,124
led-4,239500,167,122,123
led-4,239600,166,122,123
led-4,239700,166,122,123
led-4,239800,166,122,125
led-4,239900,166,122,124
led-4,240000,164,122,123
led-4,240100,164,122,123
led-4,240200,164,122,124
led-4,240300,164,122,123
led-4,240400,164,122,124
led-4,240500,164,121,123
led-4,240600,163,122,122
led-4,240700,163,122,122
led-4,240800,163,121,122
led-4,240900,163,121,122
led-4,241000,163,121,122
led-4,241100,163,121,122
led-4,241200,162,121,122
led-4,241300,163,121,122
led-4,241400,84,78,102
led-4,241500,162,120,122
led-4,241600,162,120,122
led-4,241700,162,120,122
led-4,241800,162,121,121
led-4,241900,163,121,122
led-4,242000,163,120,122
led-4,242100,81,143,125
led-4,242200,81,143,125
led-4,242300,81,143,125
led-4,242400,82,143,125
led-4,242500,82,144,124
led-4,242600,82,143,125
led-4,242700,82,144,125
led-4,242800,83,145,126
led-4,242900,84,145,127
led-4,243000,83,144,126
led-4,243100,83,143,126
led-4,243200,83,143,126
led-4,243300,82,142,125
led-4,243400,81,141,125
led-4,243500,84,144,52
led-4,243600,84,144,52
led-4,243700,85,145,51
led-4,243800,85,145,51
led-4,243900,86,145,52
led-4,244000,86,146,52
led-4,244100,87,145,52
led-4,244200,87,145,52
led-4,244300,87,145,53
led-4,244400,87,145,52
led-4,244500,87,145,52
led-4,244600,87,145,52
led-4,244700,88,146,53
led-4,244800,88,145,53
led-4,244900,89,146,55
led-4,245000,89,145,56
led-4,245100,89,145,55
led-4,245200,87,145,52
led-4,245300,87,146,52
led-4,245400,88,146,53
led-4,245500,88,146,53
led-4,245600,87,146,52
led-4,245700,88,146,53
led-4,245800,88,146,52
led-4,245900,88,147,52
led-4,246000,88,146,52
led-4,246100,88,146,53
led-4,246200,88,146,53
led-4,246300,88,146,53
led-4,246400,88,146,53
led-4,246500,88,146,53
led-4,246600,88,146,53
led-4,246700,88,146,53
led-4,246800,89,147,54
led-4,246900,88,147,54
led-4,247000,88,146,53
led-4,247100,88,146,52
led-4,247200,88,146,53
led-4,247300,88,146,53
led-4,247400,88,146,52
led-4,247500,88,146,52
led-4,247600,88,146,52
led-4,247700,88,146,52
led-4,247800,89,146,53
led-4,247900,89,146,53
led-4,248000,89,146,53
led-4,248100,89,146,53
led-4,248200,119,164,84
led-4,248300,99,138,95
led-4,248400,97,144,73
led-4,248500,96,147,63
led-4,248600,98,148,64
led-4,248700,98,149,65
led-4,248800,99,149,65
led-4,248900,98,149,65
led-4,249000,98,149,65
led-4,249100,99,150,65
led-4,249200,99,150,64
led-4,249300,97,149,60
led-4,249400,92,147,56
led-4,249500,114,140,121
led-4,249600,161,171,172
led-4,249700,163,171,173
led-4,249800,159,168,171
led-4,249900,156,166,169
led-4,250000,153,164,168
led-4,250100,151,163,168
led-4,250200,151,162,166
led-4,250300,151,162,165
led-4,250400,153,163,167
led-4,250500,158,167,170
led-4,250600,162,171,170
led-4,250700,165,173,174
led-4,250800,83,98,94
led-4,250900,83,97,94
led-4,251000,81,95,93
led-4,251100,80,94,92
led-4,251200,79,93,91
led-4,251300,78,92,90
led-4,251400,77,91,89
led-4,251500,76,90,88
led-4,251600,76,90,88
led-4,251700,76,90,87
led-4,251800,76,90,87
led-4,251900,76,90,87
led-4,252000,118,138,108
led-4,252100,119,138,108
led-4,252200,123,144,117
led-4,252300,121,141,113
led-4,252400,120,139,110
led-4,252500,120,140,111
led-4,252600,123,144,114
led-4,252700,121,140,113
led-4,252800,122,141,113
led-4,252900,124,144,115
led-4,253000,123,142,113
led-4,253100,127,147,119
led-4,253200,129,149,121
led-4,253300,129,149,122
led-4,253400,130,150,123
led-4,253500,130,150,123
led-4,253600,126,146,118
led-4,253700,39,54,55
led-4,253800,39,54,55
led-4,253900,38,54,55
led-4,254000,38,54,53
led-4,254100,38,54,53
led-4,254200,38,54,54
led-4,254300,38,54,54
led-4,254400,38,55,53
led-4,254500,38,55,53
led-4,254600,37,55,53
led-4,254700,37,55,53
led-4,254800,37,55,53
led-4,254900,37,55,53
led-4,255000,37,54,54
led-4,255100,37,54,54
led-4,255200,37,54,53
led-4,255300,37,55,54
led-4,255400,49,64,62
led-4,255500,49,64,62
led-4,255600,49,64,62
led-4,255700,50,63,63
led-4,255800,49,63,63
led-4,255900,49,62,63
led-4,256000,49,62,63
led-4,256100,49,62,63
led-4,256200,49,62,63
led-4,256300,49,61,62
led-4,256400,49,61,63
led-4,256500,49,61,63
led-4,256600,49,61,63
led-4,256700,48,61,63
led-4,256800,48,60,63
led-4,256900,49,60,63
led-4,257000,67,92,95
led-4,257100,67,92,95
led-4,257200,67,92,95
led-4,257300,67,91,95
led-4,257400,67,91,95
led-4,257500,67,91,95
led-4,257600,67,90,94
led-4,257700,67,91,94
led-4,257800,67,90,94
led-4,257900,67,90,94
led-4,258000,67,90,94
led-4,258100,67,90,94
led-4,258200,67,90,94
led-4,258300,66,90,94
led-4,258400,66,90,94
led-4,258500,66,90,94
led-4,258600,66,90,94
led-4,258700,65,78,83
led-4,258800,65,78,83
led-4,258900,66,79,84
led-4,259000,73,88,93
led-4,259100,82,96,103
led-4,259200,76,89,96
led-4,259300,73,86,93
led-4,259400,73,86,93
led-4,259500,77,125,134
led-4,259600,77,125,135
led-4,259700,77,125,136
led-4,259800,78,124,135
led-4,259900,78,125,135
led-4,260000,78,124,135
led-4,260100,78,124,135
led-4,260200,78,124,135
led-4,260300,78,124,135
led-4,260400,78,124,135
led-4,260500,78,124,135
led-4,260600,78,124,135
led-4,260700,78,124,135
led-4,260800,78,124,135
led-4,260900,78,124,135
led-4,261000,78,124,135
led-4,261100,78,124,135
led-4,261200,108,135,146
led-4,261300,108,135,146
led-4,261400,108,135,146
led-4,261500,108,135,146
led-4,261600,107,135,145
led-4,261700,108,136,145
led-4,261800,108,136,145
led-4,261900,108,136,145
led-4,262000,108,137,145
led-4,262100,108,137,145
led-4,262200,108,137,145
led-4,262300,108,137,145
led-4,262400,108,137,145
led-4,262500,109,137,146
led-4,262600,109,137,146
led-4,262700,109,137,146
led-4,262800,109,137,146
led-4,262900,83,135,102
led-4,263000,82,135,102
led-4,263100,82,135,102
led-4,263200,83,131,97
led-4,263300,82,135,102
led-4,263400,82,135,102
led-4,263500,82,135,103
led-4,263600,82,135,103
led-4,263700,81,135,102
led-4,263800,82,135,102
led-4,263900,82,135,102
led-4,264000,82,135,102
led-4,264100,82,135,102
led-4,264200,82,135,102
led-4,264300,82,135,103
led-4,264400,82,135,103
led-4,264500,62,79,92
led-4,264600,62,79,92
led-4,264700,62,79,92
led-4,264800,62,79,92
led-4,264900,62,79,92
led-4,265000,61,80,91
led-4,265100,63,81,93
led-4,265200,63,81,93
led-4,265300,63,81,93
led-4,265400,64,81,94
led-4,265500,86,104,124
led-4,265600,97,123,151
led-4,265700,57,71,76
led-4,265800,61,79,91
led-4,265900,61,80,92
led-4,266000,61,80,91
led-4,266100,61,80,91
led-4,266200,62,98,49
led-4,266300,62,98,49
led-4,266400,62,98,49
led-4,266500,62,98,49
led-4,266600,62,98,49
led-4,266700,62,98,49
led-4,266800,62,98,49
led-4,266900,62,98,49
led-4,267000,62,97,49
led-4,267100,62,97,49
led-4,267200,61,96,48
led-4,267300,61,96,48
led-4,267400,62,95,48
led-4,267500,61,95,47
led-4,267600,62,95,47
led-4,267700,62,94,47
led-4,267800,62,94,47
led-4,267900,62,94,47
led-4,268000,62,93,47
led-4,268100,62,93,47
led-4,268200,63,93,47
led-4,268300,64,92,47
led-4,268400,65,91,46
led-4,268500,65,91,45
led-4,268600,66,91,45
led-4,268700,66,91,45
led-4,268800,66,91,45
led-4,268900,67,90,44
led-4,269000,70,90,43
led-4,269100,70,89,43
led-4,269200,72,89,43
led-4,269300,72,89,42
led-4,269400,73,89,42
led-4,269500,74,89,42
led-4,269600,75,88,42
led-4,269700,74,88,41
led-4,269800,76,88,41
led-4,269900,76,88,41
led-4,270000,75,87,40
led-4,270100,75,86,40
led-4,270200,75,86,41
led-4,270300,75,86,41
led-4,270400,47,38,20
led-4,270500,47,38,20
led-4,270600,47,38,20
led-4,270700,47,38,20
led-4,270800,47,38,20
led-4,270900,47,38,20
led-4,271000,47,38,20
led-4,271100,47,38,20
led-4,271200,47,38,20
led-4,271300,47,38,20
led-4,271400,47,38,20
led-4,271500,47,38,20
led-4,271600,47,38,20
led-4,271700,47,38,20
led-4,271800,47,38,20
led-4,271900,47,38,20
led-4,272000,47,38,20
led-4,272100,47,38,20
led-4,272200,47,38,20
led-4,272300,47,38,20
led-4,272400,47,38,20
led-4,272500,47,39,20
led-4,272600,47,39,20
led-4,272700,47,39,20
led-4,272800,47,39,20
led-4,272900,47,38,20
led-4,273000,48,37,19
led-4,273100,50,37,19
led-4,273200,50,37,19
led-4,273300,50,37,19
led-4,273400,50,37,19
led-4,273500,50,37,19
led-4,273600,49,37,19
led-4,273700,49,37,19
led-4,273800,49,37,19
led-4,273900,49,37,19
led-4,274000,49,37,20
led-4,274100,49,37,20
led-4,274200,49,37,21
led-4,274300,48,37,20
led-4,274400,48,37,21
led-4,274500,48,37,21
led-4,274600,48,37,21
led-4,274700,48,37,21
led-4,274800,48,37,21
led-4,274900,48,37,21
led-4,275000,48,37,21
led-4,275100,48,37,21
led-4,275200,48,37,21
led-4,275300,48,37,20
led-4,275400,47,37,21
led-4,275500,47,37,21
led-4,275600,47,37,21
led-4,275700,47,37,22
led-4,275800,47,37,21
led-4,275900,47,37,21
led-4,276000,70,83,54
led-4,276100,70,83,54
led-4,276200,70,83,55
led-4,276300,90,106,106
led-4,276400,58,71,67
led-4,276500,69,82,54
led-4,276600,69,82,54
led-4,276700,69,82,54
led-4,276800,69,82,54
led-4,276900,70,82,54
led-4,277000,69,82,54
led-4,277100,96,111,113
led-4,277200,125,137,145
led-4,277300,51,63,57
led-4,277400,69,82,54
led-4,277500,69,82,54
led-4,277600,69,82,54
led-4,277700,69,82,54
led-4,277800,69,82,54
led-4,277900,69,82,54
led-4,278000,81,97,56
led-4,278100,92,107,67
led-4,278200,127,139,100
led-4,278300,223,215,195
led-4,278400,226,211,196
led-4,278500,208,197,183
led-4,278600,202,191,177
led-4,278700,210,197,183
led-4,278800,220,204,192
led-4,278900,218,202,190
led-4,279000,209,195,180
led-4,279100,204,191,176
led-4,279200,202,189,173
led-4,279300,210,195,180
led-4,279400,216,200,185
led-4,279500,203,189,172
led-4,279600,185,179,160
led-4,279700,167,170,149
led-4,279800,64,55,48
led-4,279900,64,55,48
led-4,280000,63,56,48
led-4,280100,63,56,49
led-4,280200,63,56,49
led-4,280300,63,56,49
led-4,280400,63,56,49
led-4,280500,63,56,49
led-4,280600,63,56,49
led-4,280700,63,56,49
led-4,280800,63,56,49
led-4,280900,63,56,49
led-4,281000,63,56,49
led-4,281100,62,56,50
led-4,281200,62,56,49
led-4,281300,62,56,49
led-4,281400,95,134,70
led-4,281500,95,134,69
led-4,281600,95,134,69
led-4,281700,96,133,70
led-4,281800,96,132,72
led-4,281900,96,131,73
led-4,282000,96,129,74
led-4,282100,95,129,76
led-4,282200,97,126,82
led-4,282300,102,124,97
led-4,282400,104,125,99
led-4,282500,106,129,99
led-4,282600,107,131,99
led-4,282700,107,133,97
led-4,282800,107,134,94
led-4,282900,106,135,92
led-4,283000,106,134,90
led-4,283100,106,135,90
led-4,283200,104,134,88
led-4,283300,102,134,85
led-4,283400,101,131,83
led-4,283500,90,121,70
led-4,283600,90,125,67
led-4,283700,92,128,64
led-4,283800,92,132,61
led-4,283900,96,134,65
led-4,284000,119,121,119
led-4,284100,119,122,120
led-4,284200,120,123,121
led-4,284300,141,137,125
led-4,284400,93,132,62
led-4,284500,94,132,67
led-4,284600,95,132,69
led-4,284700,95,132,70
led-4,284800,72,68,68
led-4,284900,72,68,68
led-4,285000,72,68,68
led-4,285100,72,68,68
led-4,285200,72,68,68
led-4,285300,72,68,68
led-4,285400,72,68,68
led-4,285500,72,68,68
led-4,285600,73,68,68
led-4,285700,73,67,68
led-4,285800,73,67,68
led-4,285900,73,67,68
led-4,286000,73,67,68
led-4,286100,73,67,68
led-4,286200,73,67,68
led-4,286300,73,67,68
led-4,286400,73,67,68
led-4,286500,73,67,68
led-4,286600,73,67,68
led-4,286700,73,67,68
led-4,286800,73,67,68
led-4,286900,73,67,68
led-4,287000,73,67,68
led-4,287100,73,67,68
led-4,287200,73,67,68
led-4,287300,73,67,68
led-4,287400,73,67,68
led-4,287500,73,67,68
led-4,287600,73,67,68
led-4,287700,73,67,68
led-4,287800,73,67,68
led-4,287900,73,67,68
led-4,288000,73,67,68
led-4,288100,73,67,69
led-4,288200,73,67,69
led-4,288300,73,67,69
led-4,288400,73,67,69
led-4,288500,73,67,69
led-4,288600,73,67,69
led-4,288700,73,67,69
led-4,288800,73,67,69
led-4,288900,73,67,69
led-4,289000,73,67,68
led-4,289100,73,67,68
led-4,289200,73,67,68
led-4,289300,73,67,68
led-4,289400,73,67,68
led-4,289500,73,67,68
led-4,289600,73,67,68
led-4,289700,73,67,68
led-4,289800,73,67,68
led-4,289900,73,67,68
led-4,290000,73,67,68
led-4,290100,73,67,68
led-4,290200,73,67,68
led-4,290300,73,67,68
led-4,290400,73,67,68
led-4,290500,73,67,68
led-4,290600,73,67,68
led-4,290700,73,67,68
led-4,290800,73,67,68
led-4,290900,73,67,68
led-4,291000,73,67,68
led-4,291100,73,67,68
led-4,291200,73,67,68
led-4,291300,73,67,68
led-4,291400,73,67,68
led-4,291500,73,67,68
led-4,291600,73,67,68
led-4,291700,73,67,68
led-4,291800,73,67,68
led-4,291900,73,67,68
led-4,292000,72,67,68
led-4,292100,72,67,68
led-4,292200,72,67,68
led-4,292300,26,26,14
led-4,292400,26,26,14
led-4,292500,26,26,14
led-4,292600,26,26,14
led-4,292700,26,26,14
led-4,292800,26,26,14
led-4,292900,26,26,14
led-4,293000,26,26,14
led-4,293100,26,25,15
led-4,293200,26,25,14
led-4,293300,26,25,14
led-4,293400,26,25,14
led-4,293500,26,25,14
led-4,293600,26,25,14
led-4,293700,26,25,14
led-4,293800,26,25,14
led-4,293900,26,26,14
led-4,294000,88,85,50
led-4,294100,70,68,50
led-4,294200,81,91,79
led-4,294300,83,96,93
led-4,294400,62,69,63
led-4,294500,24,26,14
led-4,294600,24,26,14
led-4,294700,24,26,14
led-4,294800,25,26,14
led-4,294900,25,26,14
led-4,295000,25,25,14
led-4,295100,25,25,14
led-4,295200,25,25,14
led-4,295300,25,25,14
led-4,295400,25,25,14
led-4,295500,25,25,15
led-4,295600,83,90,89
led-4,295700,83,90,89
led-4,295800,83,90,89
led-4,295900,83,90,89
led-4,296000,83,90,89
led-4,296100,83,90,88
led-4,296200,83,90,88
led-4,296300,83,90,88
led-4,296400,83,90,88
led-4,296500,83,90,88
led-4,296600,83,90,88
led-4,296700,83,90,88
led-4,296800,83,90,89
led-4,296900,83,90,89
led-4,297000,83,90,89
led-4,297100,83,90,89
led-4,297200,30,28,15
led-4,297300,30,28,15
led-4,297400,30,28,15
led-4,297500,30,28,15
led-4,297600,30,28,15
led-4,297700,30,28,15
led-4,297800,30,28,15
led-4,297900,30,28,15
led-4,298000,30,29,15
led-4,298100,30,29,15
led-4,298200,30,29,15
led-4,298300,30,29,15
led-4,298400,30,29,15
led-4,298500,30,29,15
led-4,298600,26,25,13
led-4,298700,21,21,10
led-4,298800,15,15,9
led-4,298900,11,11,6
led-4,299000,6,7,4
led-4,299100,4,4,4
led-4,299200,1,1,1
led-4,299300,0,0,0
led-4,299400,0,0,0
led-4,299500,0,0,0
led-4,299600,0,0,0
led-4,299700,0,0,0
led-4,299800,0,0,0
led-4,299900,0,0,0
led-4,300000,0,0,0
led-4,300100,0,0,0
led-4,300200,0,0,0
led-4,300300,3,3,3
led-4,300400,8,8,9
led-4,300500,18,17,19
led-4,300600,24,25,27
led-4,300700,33,33,34
led-4,300800,51,49,52
led-4,300900,63,60,66
led-4,301000,79,78,82
led-4,301100,79,78,83
led-4,301200,80,79,84
led-4,301300,79,80,84
led-4,301400,79,80,85
led-4,301500,79,79,85
led-4,301600,79,80,85
led-4,301700,79,79,85
led-4,301800,78,79,84
led-4,301900,78,79,84
led-4,302000,78,79,83
led-4,302100,78,79,82
led-4,302200,78,79,82
led-4,302300,78,79,82
led-4,302400,78,79,82
led-4,302500,78,79,82
led-4,302600,78,79,82
led-4,302700,78,79,82
led-4,302800,78,78,82
led-4,302900,78,78,82
led-4,303000,78,78,82
led-4,303100,78,78,81
led-4,303200,78,78,81
led-4,303300,78,78,81
led-4,303400,78,78,81
led-4,303500,78,78,81
led-4,303600,77,78,81
led-4,303700,77,78,81
led-4,303800,77,78,81
led-4,303900,77,78,81
led-4,304000,77,78,81
led-4,304100,77,78,81
led-4,304200,77,78,81
led-4,304300,77,78,81
led-4,304400,78,77,81
led-4,304500,78,77,81
led-4,304600,78,77,81
led-4,304700,78,77,83
led-4,304800,78,77,83
led-4,304900,78,77,83
led-4,305000,77,76,82
led-4,305100,77,76,81
led-4,305200,77,76,81
led-4,305300,129,174,197
led-4,305400,129,174,197
led-4,305500,129,174,197
led-4,305600,129,174,197
led-4,305700,129,174,197
led-4,305800,129,174,197
led-4,305900,129,174,197
led-4,306000,129,174,197
led-4,306100,129,174,197
led-4,306200,129,174,197
led-4,306300,129,174,197
led-4,306400,129,174,197
led-4,306500,129,174,197
led-4,306600,129,174,197
led-4,306700,129,174,197
led-4,306800,129,174,197
led-4,306900,129,174,197
led-4,307000,129,174,197
led-4,307100,129,174,197
led-4,307200,129,174,197
led-4,307300,129,174,197
led-4,307400,129,174,197
led-4,307500,129,174,197
led-4,307600,129,174,197
led-4,307700,129,174,197
led-4,307800,128,174,199
led-4,307900,128,174,199
led-4,308000,128,174,199
led-4,308100,128,174,199
led-4,308200,93,61,66
led-4,308300,122,125,121
led-4,308400,77,98,55
led-4,308500,77,98,56
led-4,308600,78,97,56
led-4,308700,77,98,55
led-4,308800,77,98,55
led-4,308900,77,98,55
led-4,309000,78,98,55
led-4,309100,78,98,55
led-4,309200,77,98,55
led-4,309300,77,98,55
led-4,309400,77,97,57
led-4,309500,77,98,57
led-4,309600,77,98,57
led-4,309700,77,98,56
led-4,309800,77,98,56
led-4,309900,77,98,56
led-4,310000,77,98,56
led-4,310100,77,98,55
led-4,310200,77,97,55
led-4,310300,77,97,55
led-4,310400,77,97,55
led-4,310500,77,97,55
led-4,310600,77,97,55
led-4,310700,77,97,55
led-4,310800,77,97,55
led-4,310900,77,97,55
led-4,311000,108,127,96
led-4,311100,206,209,189
led-4,311200,180,181,173
led-4,311300,127,127,119
led-4,311400,198,198,170
led-4,311500,127,130,121
led-4,311600,62,71,75
led-4,311700,56,64,67
led-4,311800,53,61,64
led-4,311900,47,55,59
led-4,312000,43,51,55
led-4,312100,43,51,55
led-4,312200,43,51,55
led-4,312300,43,51,55
led-4,312400,43,51,55
led-4,312500,89,122,54
led-4,312600,89,122,54
led-4,312700,89,122,54
led-4,312800,89,122,54
led-4,312900,89,122,54
led-4,313000,89,122,54
led-4,313100,89,122,54
led-4,313200,89,122,54
led-4,313300,89,122,54
led-4,313400,89,122,54
led-4,313500,90,123,54
led-4,313600,90,123,54
led-4,313700,90,123,54
led-4,313800,90,123,54
led-4,313900,90,123,54
led-4,314000,90,123,54
led-4,314100,90,123,54
led-4,314200,90,123,54
led-4,314300,90,123,54
led-4,314400,89,122,54
led-4,314500,99,108,85
led-4,314600,101,112,89
led-4,314700,99,111,88
led-4,314800,84,97,75
led-4,314900,81,92,70
led-4,315000,81,87,66
led-4,315100,78,83,63
led-4,315200,79,82,63
led-4,315300,76,81,63
led-4,315400,215,217,189
led-4,315500,206,211,183
led-4,315600,201,207,177
led-4,315700,206,210,179
led-4,315800,213,215,188
led-4,315900,215,217,192
led-4,316000,185,194,168
led-4,316100,135,153,127
led-4,316200,85,114,88
led-4,316300,45,82,58
led-4,316400,35,74,50
led-4,316500,29,63,41
led-4,316600,30,57,37
led-4,316700,29,54,36
led-4,316800,29,54,38
led-4,316900,27,55,37
led-4,317000,26,56,37
led-4,317100,26,56,37
led-4,317200,26,56,38
led-4,317300,208,181,129
led-4,317400,208,181,129
led-4,317500,209,182,129
led-4,317600,209,182,129
led-4,317700,209,182,129
led-4,317800,209,182,129
led-4,317900,209,182,129
led-4,318000,209,182,129
led-4,318100,209,182,130
led-4,318200,209,182,129
led-4,318300,209,182,129
led-4,318400,209,182,129
led-4,318500,209,182,130
led-4,318600,209,182,129
led-4,318700,209,182,130
led-4,318800,209,182,130
led-4,318900,209,182,130
led-4,319000,209,182,130
led-4,319100,209,182,130
led-4,319200,209,182,130
led-4,319300,88,88,66
led-4,319400,88,88,66
led-4,319500,88,88,65
led-4,319600,88,88,65
led-4,319700,89,88,66
led-4,319800,90,89,66
led-4,319900,89,89,66
led-4,320000,89,88,67
led-4,320100,87,88,65
led-4,320200,92,92,68
led-4,320300,75,104,34
led-4,320400,93,98,85
led-4,320500,128,132,107
led-4,320600,164,187,61
led-4,320700,233,220,159
led-4,320800,191,186,127
led-4,320900,67,82,43
led-4,321000,49,66,42
led-4,321100,47,50,46
led-4,321200,49,49,48
led-4,321300,53,53,51
led-4,321400,53,53,52
led-4,321500,63,63,59
led-4,321600,76,81,72
led-4,321700,73,74,67
led-4,321800,107,114,95
led-4,321900,56,66,44
led-4,322000,79,91,55
led-4,322100,79,83,65
led-4,322200,89,113,84
led-4,322300,86,112,85
led-4,322400,84,110,82
led-4,322500,83,108,83
led-4,322600,82,107,81
led-4,322700,81,107,80
led-4,322800,82,106,79
led-4,322900,81,106,79
led-4,323000,80,106,78
led-4,323100,80,106,79
led-4,323200,81,106,79
led-4,323300,81,106,80
led-4,323400,81,105,80
led-4,323500,79,105,79
led-4,323600,79,104,78
led-4,323700,77,102,76
led-4,323800,125,188,64
led-4,323900,125,188,64
led-4,324000,125,188,65
led-4,324100,125,188,65
led-4,324200,125,188,65
led-4,324300,125,188,65
led-4,324400,125,189,64
led-4,324500,125,189,64
led-4,324600,125,189,64
led-4,324700,125,189,64
led-4,324800,125,189,64
led-4,324900,125,189,64
led-4,325000,155,84,72
led-4,325100,70,35,33
led-4,325200,64,34,31
led-4,325300,63,34,31
led-4,325400,65,35,31
led-4,325500,67,35,32
led-4,325600,68,36,32
led-4,325700,69,36,34
led-4,325800,71,37,34
led-4,325900,73,38,34
led-4,326000,73,38,34
led-4,326100,75,38,35
led-4,326200,74,39,35
led-4,326300,74,40,35
led-4,326400,76,39,36
led-4,326500,77,39,36
led-4,326600,76,39,35
led-4,326700,73,38,35
led-4,326800,74,38,35
led-4,326900,73,38,36
led-4,327000,73,38,36
led-4,327100,72,38,35
led-4,327200,74,38,35
led-4,327300,62,40,39
led-4,327400,121,171,61
led-4,327500,77,77,72
led-4,327600,74,73,71
led-4,327700,62,47,47
led-4,327800,82,50,47
led-4,327900,74,46,45
led-4,328000,81,48,47
led-4,328100,78,49,47
led-4,328200,116,74,65
led-4,328300,114,73,69
led-4,328400,119,76,73
led-4,328500,107,79,74
led-4,328600,100,79,70
led-4,328700,104,83,72
led-4,328800,111,83,73
led-4,328900,117,86,75
led-4,329000,127,90,76
led-4,329100,129,91,78
led-4,329200,135,91,78
led-4,329300,141,92,80
led-4,329400,144,93,81
led-4,329500,146,96,85
led-4,329600,102,73,73
led-4,329700,148,90,77
led-4,329800,144,86,75
led-4,329900,126,77,74
led-4,330000,108,67,69
led-4,330100,94,56,60
led-4,330200,104,64,65
led-4,330300,112,67,67
led-4,330400,115,68,68
led-4,330500,117,70,68
led-4,330600,118,71,69
led-4,330700,119,71,70
led-4,330800,122,71,71
led-4,330900,123,72,71
led-4,331000,125,73,71
led-4,331100,126,75,70
led-4,331200,130,76,71
led-4,331300,134,79,72
led-4,331400,71,56,56
led-4,331500,82,79,68
led-4,331600,75,104,70
led-4,331700,75,105,70
led-4,331800,75,104,70
led-4,331900,75,104,70
led-4,332000,76,105,69
led-4,332100,76,105,69
led-4,332200,76,105,70
led-4,332300,76,106,70
led-4,332400,77,106,70
led-4,332500,76,105,71
led-4,332600,75,105,69
led-4,332700,126,120,93
led-4,332800,214,192,160
led-4,332900,123,139,104
led-4,333000,78,105,70
led-4,333100,77,104,70
led-4,333200,76,105,70
led-4,333300,77,105,70
led-4,333400,77,105,70
led-4,333500,77,105,70
led-4,333600,77,104,69
led-4,333700,82,83,63
led-4,333800,95,108,75
led-4,333900,87,107,73
led-4,334000,88,108,74
led-4,334100,90,108,73
led-4,334200,91,109,74
led-4,334300,93,110,75
led-4,334400,133,118,107
led-4,334500,131,119,105
led-4,334600,131,118,105
led-4,334700,131,118,106
led-4,334800,130,117,105
led-4,334900,130,117,105
led-4,335000,129,116,104
led-4,335100,128,116,104
led-4,335200,128,116,104
led-4,335300,128,115,104
led-4,335400,127,114,102
led-4,335500,126,114,102
led-4,335600,126,114,103
led-4,335700,126,113,103
led-4,335800,125,113,103
led-4,335900,123,113,103
led-4,336000,123,112,103
led-4,336100,122,112,102
led-4,336200,121,112,102
led-4,336300,118,110,99
led-4,336400,92,95,89
led-4,336500,64,78,73
led-4,336600,64,78,73
led-4,336700,64,78,73
led-4,336800,64,78,73
led-4,336900,150,150,115
led-4,337000,71,44,39
led-4,337100,85,43,38
led-4,337200,56,71,60
led-4,337300,73,84,70
led-4,337400,57,71,60
led-4,337500,57,71,60
led-4,337600,57,71,60
led-4,337700,56,70,59
led-4,337800,55,71,59
led-4,337900,56,71,59
led-4,338000,55,71,59
led-4,338100,55,71,59
led-4,338200,55,71,59
led-4,338300,55,71,59
led-4,338400,55,71,58
led-4,338500,55,71,59
led-4,338600,55,71,59
led-4,338700,55,71,59
led-4,338800,55,70,59
led-4,338900,55,70,59
led-4,339000,55,71,59
led-4,339100,55,71,59
led-4,339200,55,71,59
led-4,339300,55,71,59
led-4,339400,55,71,59
led-4,339500,55,70,59
led-4,339600,55,70,59
led-4,339700,55,70,59
led-4,339800,81,96,88
led-4,339900,80,95,87
led-4,340000,76,92,84
led-4,340100,76,91,83
led-4,340200,76,90,82
led-4,340300,74,89,82
led-4,340400,74,89,81
led-4,340500,74,88,81
led-4,340600,75,88,81
led-4,340700,74,88,81
led-4,340800,75,88,81
led-4,340900,75,88,81
led-4,341000,75,89,82
led-4,341100,76,89,82
led-4,341200,76,90,82
led-4,341300,76,90,83
led-4,341400,76,91,83
led-4,341500,76,91,84
led-4,341600,76,90,84
led-4,341700,76,90,84
led-4,341800,76,90,84
led-4,341900,75,90,83
led-4,342000,75,90,82
led-4,342100,75,90,82
led-4,342200,75,89,81
led-4,342300,74,89,81
led-4,342400,74,88,81
led-4,342500,73,88,80
led-4,342600,74,87,81
led-4,342700,73,87,80
led-4,342800,74,88,81
led-4,342900,75,88,82
led-4,343000,75,89,80
led-4,343100,75,89,80
led-4,343200,74,87,78
led-4,343300,71,83,76
led-4,343400,68,80,72
led-4,343500,65,78,70
led-4,343600,65,77,68
led-4,343700,64,76,66
led-4,343800,63,74,63
led-4,343900,64,76,61
led-4,344000,68,82,57
led-4,344100,67,83,56
led-4,344200,78,102,60
led-4,344300,90,121,63
led-4,344400,79,103,60
led-4,344500,73,95,54
led-4,344600,67,84,57
led-4,344700,63,81,54
led-4,344800,78,105,54
led-4,344900,78,97,54
led-4,345000,72,87,48
led-4,345100,74,88,50
led-4,345200,73,83,50
led-4,345300,64,72,55
led-4,345400,64,74,64
led-4,345500,73,85,78
led-4,345600,68,82,67
led-4,345700,53,66,34
led-4,345800,96,87,67
led-4,345900,115,95,68
led-4,346000,115,95,69
led-4,346100,101,85,61
led-4,346200,94,79,60
led-4,346300,90,76,58
led-4,346400,52,64,29
led-4,346500,28,31,26
led-4,346600,25,27,25
led-4,346700,40,43,42
led-4,346800,48,52,52
led-4,346900,59,63,61
led-4,347000,53,58,57
led-4,347100,47,52,52
led-4,347200,41,47,48
led-4,347300,49,62,31
led-4,347400,71,94,35
led-4,347500,57,65,57
led-4,347600,66,76,70
led-4,347700,71,82,75
led-4,347800,75,86,78
led-4,347900,81,92,83
led-4,348000,71,81,77
led-4,348100,64,74,71
led-4,348200,61,72,69
led-4,348300,62,72,69
led-4,348400,68,79,74
led-4,348500,73,87,80
led-4,348600,75,87,80
led-4,348700,75,88,79
led-4,348800,73,87,79
led-4,348900,73,86,79
led-4,349000,72,84,77
led-4,349100,69,82,76
led-4,349200,69,83,76
led-4,349300,79,92,84
led-4,349400,80,93,86
led-4,349500,88,101,91
led-4,349600,87,101,90
led-4,349700,90,105,92
led-4,349800,71,82,69
led-4,349900,61,77,47
led-4,350000,91,108,91
led-4,350100,87,100,86
led-4,350200,60,69,48
led-4,350300,47,57,27
led-4,350400,45,53,29
led-4,350500,45,50,34
led-4,350600,41,46,32
led-4,350700,42,46,30
led-4,350800,42,46,30
led-4,350900,42,47,31
led-4,351000,40,51,30
led-4,351100,43,53,30
led-4,351200,49,63,31
led-4,351300,52,72,31
led-4,351400,46,65,29
led-4,351500,44,62,26
led-4,351600,47,64,31
led-4,351700,46,62,29
led-4,351800,46,62,30
led-4,351900,46,63,29
led-4,352000,45,63,29
led-4,352100,45,63,29
led-4,352200,45,63,29
led-4,352300,45,63,29
led-4,352400,45,63,29
led-4,352500,45,63,29
led-4,352600,46,63,29
led-4,352700,46,62,29
led-4,352800,46,62,29
led-4,352900,46,63,29
led-4,353000,46,63,30
led-4,353100,47,64,30
led-4,353200,47,64,30
led-4,353300,47,64,30
led-4,353400,48,65,31
led-4,353500,48,65,31
led-4,353600,48,65,31
led-4,353700,47,65,31
led-4,353800,46,65,31
led-4,353900,46,65,29
led-4,354000,46,65,30
led-4,354100,46,65,30
led-4,354200,46,65,30
led-4,354300,46,65,30
led-4,354400,46,65,30
led-4,354500,46,65,30
led-4,354600,47,65,29
led-4,354700,47,65,29
led-4,354800,47,65,29
led-4,354900,47,65,29
led-4,355000,47,66,30
led-4,355100,43,58,28
led-4,355200,45,59,30
led-4,355300,49,43,38
led-4,355400,93,89,65
led-4,355500,121,126,70
led-4,355600,172,167,77
led-4,355700,118,124,65
led-4,355800,120,124,69
led-4,355900,120,124,69
led-4,356000,119,125,68
led-4,356100,120,125,68
led-4,356200,120,125,68
led-4,356300,120,124,68
led-4,356400,120,124,68
led-4,356500,120,124,68
led-4,356600,120,124,68
led-4,356700,120,124,68
led-4,356800,125,126,72
led-4,356900,131,128,77
led-4,357000,154,142,89
led-4,357100,173,156,98
led-4,357200,189,169,105
led-4,357300,198,176,108
led-4,357400,180,161,100
led-4,357500,142,155,64
led-4,357600,128,153,55
led-4,357700,139,137,83
led-4,357800,188,173,110
led-4,357900,196,178,113
led-4,358000,203,184,114
led-4,358100,201,184,112
led-4,358200,185,169,105
led-4,358300,147,137,91
led-4,358400,154,142,92
led-4,358500,158,156,106
led-4,358600,157,162,116
led-4,358700,132,139,102
led-4,358800,98,104,80
led-4,358900,106,113,87
led-4,359000,149,157,111
led-4,359100,148,166,96
led-4,359200,126,165,54
led-4,359300,103,145,49
led-4,359400,102,142,45
led-4,359500,117,166,52
led-4,359600,108,155,51
led-4,359700,93,141,45
led-4,359800,95,139,47
led-4,359900,92,132,45
led-4,360000,69,104,38
led-4,360100,82,117,42
led-4,360200,89,120,47
led-4,360300,105,144,52
led-4,360400,58,88,37
led-4,360500,84,118,45
led-4,360600,77,106,42
led-4,360700,63,87,38
led-4,360800,52,74,32
led-4,360900,60,84,34
led-4,361000,49,67,34
led-4,361100,45,62,31
led-4,361200,45,62,31
led-4,361300,45,62,30
led-4,361400,45,62,30
led-4,361500,45,62,30
led-4,361600,45,61,31
led-4,361700,45,61,30
led-4,361800,45,61,29
led-4,361900,45,62,29
led-4,362000,45,61,30
led-4,362100,45,61,30
led-4,362200,45,61,30
led-4,362300,44,61,30
led-4,362400,45,61,30
led-4,362500,45,61,30
led-4,362600,45,61,30
led-4,362700,45,61,31
led-4,362800,45,61,31
led-4,362900,44,62,31
led-4,363000,44,62,30
led-4,363100,44,62,30
led-4,363200,44,62,30
led-4,363300,44,62,29
led-4,363400,45,62,29
led-4,363500,45,62,29
led-4,363600,45,62,29
led-4,363700,45,62,29
led-4,363800,45,62,29
led-4,363900,45,62,29
led-4,364000,45,62,30
led-4,364100,45,62,30
led-4,364200,45,62,30
led-4,364300,45,62,30
led-4,364400,45,62,30
led-4,364500,44,62,30
led-4,364600,44,62,30
led-4,364700,44,61,30
led-4,364800,44,61,30
led-4,364900,44,60,30
led-4,365000,44,59,29
led-4,365100,44,59,28
led-4,365200,45,60,30
led-4,365300,46,61,31
led-4,365400,46,62,30
led-4,365500,46,64,32
led-4,365600,47,65,31
led-4,365700,48,65,30
led-4,365800,49,66,32
led-4,365900,50,67,33
led-4,366000,52,68,32
led-4,366100,52,71,31
led-4,366200,53,73,33
led-4,366300,58,76,34
led-4,366400,60,78,35
led-4,366500,60,78,36
led-4,366600,60,75,35
led-4,366700,58,74,35
led-4,366800,54,71,34
led-4,366900,52,69,33
led-4,367000,51,69,33
led-4,367100,50,68,31
led-4,367200,50,68,32
led-4,367300,51,67,31
led-4,367400,51,68,31
led-4,367500,52,69,32
led-4,367600,53,70,32
led-4,367700,53,70,33
led-4,367800,51,67,33
led-4,367900,51,66,33
led-4,368000,47,62,29
led-4,368100,45,59,26
led-4,368200,42,57,26
led-4,368300,40,53,26
led-4,368400,38,51,26
led-4,368500,37,49,24
led-4,368600,35,46,23
led-4,368700,34,44,22
led-4,368800,34,43,23
led-4,368900,34,43,23
led-4,369000,34,44,23
led-4,369100,34,45,21
led-4,369200,35,45,22
led-4,369300,36,45,23
led-4,369400,36,45,23
led-4,369500,36,45,23
led-4,369600,36,46,24
led-4,369700,36,46,24
led-4,369800,35,46,21
led-4,369900,35,46,21
led-4,370000,35,46,21
led-4,370100,35,46,21
led-4,370200,35,46,21
led-4,370300,34,47,22
led-4,370400,35,47,22
led-4,370500,35,47,22
led-4,370600,34,47,22
led-4,370700,34,46,22
led-4,370800,35,46,22
led-4,370900,34,47,22
led-4,371000,35,47,22
led-4,371100,35,46,22
led-4,371200,193,192,155
led-4,371300,92,116,97
led-4,371400,91,116,97
led-4,371500,90,117,97
led-4,371600,90,117,97
led-4,371700,90,117,97
led-4,371800,91,117,98
led-4,371900,92,118,98
led-4,372000,93,119,99
led-4,372100,95,121,100
led-4,372200,100,124,103
led-4,372300,143,152,124
led-4,372400,127,144,116
led-4,372500,115,138,111
led-4,372600,113,138,110
led-4,372700,114,138,110
led-4,372800,82,122,196
led-4,372900,82,122,196
led-4,373000,82,122,196
led-4,373100,82,122,196
led-4,373200,82,122,197
led-4,373300,81,122,197
led-4,373400,81,122,197
led-4,373500,82,122,197
led-4,373600,82,122,197
led-4,373700,82,122,197
led-4,373800,82,122,198
led-4,373900,82,122,198
led-4,374000,82,122,198
led-4,374100,82,122,198
led-4,374200,82,122,198
led-4,374300,82,122,198
led-4,374400,82,122,198
led-4,374500,82,122,198
led-4,374600,82,122,198
led-4,374700,82,122,198
led-4,374800,82,122,198
led-4,374900,82,122,198
led-4,375000,82,122,198
led-4,375100,82,122,198
led-4,375200,82,122,198
led-4,375300,83,122,197
led-4,375400,120,144,118
led-4,375500,119,144,117
led-4,375600,119,144,117
led-4,375700,119,144,117
led-4,375800,119,144,117
led-4,375900,119,144,117
led-4,376000,120,144,117
led-4,376100,120,144,117
led-4,376200,120,144,117
led-4,376300,121,144,117
led-4,376400,121,144,117
led-4,376500,120,144,116
led-4,376600,120,145,117
led-4,376700,121,144,116
led-4,376800,122,144,117
led-4,376900,121,145,117
led-4,377000,121,144,117
led-4,377100,121,144,116
led-4,377200,121,145,116
led-4,377300,121,145,116
led-4,377400,132,152,122
led-4,377500,197,191,158
led-4,377600,195,204,184
led-4,377700,132,155,129
led-4,377800,105,134,113
led-4,377900,101,129,109
led-4,378000,99,126,107
led-4,378100,98,125,106
led-4,378200,97,125,106
led-4,378300,97,124,105
led-4,378400,67,77,57
led-4,378500,67,77,57
led-4,378600,67,77,57
led-4,378700,67,77,57
led-4,378800,67,77,57
led-4,378900,67,77,57
led-4,379000,66,77,57
led-4,379100,66,77,57
led-4,379200,66,77,57
led-4,379300,66,77,57
led-4,379400,66,77,57
led-4,379500,66,77,58
led-4,379600,66,77,57
led-4,379700,66,77,57
led-4,379800,66,77,57
led-4,379900,66,77,57
led-4,380000,67,77,57
led-4,380100,67,77,57
led-4,380200,67,77,58
led-4,380300,67,76,58
led-4,380400,67,76,58
led-4,380500,66,77,57
led-4,380600,66,77,58
led-4,380700,66,77,58
led-4,380800,66,77,58
led-4,380900,66,77,58
led-4,381000,66,77,57
led-4,381100,66,77,57
led-4,381200,202,254,255
led-4,381300,202,254,255
led-4,381400,202,254,255
led-4,381500,202,254,255
led-4,381600,202,254,255
led-4,381700,202,254,255
led-4,381800,202,254,255
led-4,381900,202,254,255
led-4,382000,202,254,255
led-4,382100,199,248,254
led-4,382200,184,203,220
led-4,382300,176,169,191
led-4,382400,174,163,184
led-4,382500,174,160,182
led-4,382600,174,161,182
led-4,382700,174,161,181
led-4,382800,174,160,181
led-4,382900,174,160,181
led-4,383000,174,160,181
led-4,383100,173,160,180
led-4,383200,174,159,180
led-4,383300,173,160,180
led-4,383400,174,160,180
led-4,383500,174,160,181
led-4,383600,174,160,181
led-4,383700,174,161,181
led-4,383800,175,161,183
led-4,383900,175,161,183
led-4,384000,173,162,183
led-4,384100,174,162,183
led-4,384200,174,162,183
led-4,384300,174,162,183
led-4,384400,174,162,183
led-4,384500,173,161,182
led-4,384600,174,160,182
led-4,384700,173,159,180
led-4,384800,173,159,180
led-4,384900,173,158,180
led-4,385000,172,158,179
led-4,385100,172,158,179
led-4,385200,172,158,179
led-4,385300,172,158,179
led-4,385400,173,159,180
led-4,385500,177,173,193
led-4,385600,181,191,209
led-4,385700,184,207,222
led-4,385800,191,227,238
led-4,385900,194,233,244
led-4,386000,196,239,248
led-4,386100,196,240,249
led-4,386200,196,240,249
led-4,386300,196,240,249
led-4,386400,196,240,249
led-4,386500,196,239,249
led-4,386600,196,240,248
led-4,386700,196,239,248
led-4,386800,199,246,255
led-4,386900,202,252,255
led-4,387000,201,254,255
led-4,387100,202,254,255
led-4,387200,202,254,255
led-4,387300,202,254,255
led-4,387400,202,254,255
led-4,387500,202,254,255
led-4,387600,202,253,255
led-4,387700,198,245,252
led-4,387800,191,230,242
led-4,387900,201,250,255
led-4,388000,202,254,255
led-4,388100,202,254,255
led-4,388200,202,254,255
led-4,388300,202,254,255
led-4,388400,202,254,255
led-4,388500,202,254,255
led-4,388600,202,254,255
led-4,388700,202,254,255
led-4,388800,195,168,160
led-4,388900,150,122,127
led-4,389000,140,110,120
led-4,389100,139,109,120
led-4,389200,138,110,119
led-4,389300,139,109,119
led-4,389400,138,107,117
led-4,389500,133,102,112
led-4,389600,133,101,109
led-4,389700,137,103,110
led-4,389800,159,120,134
led-4,389900,164,123,149
led-4,390000,163,132,159
led-4,390100,184,210,215
led-4,390200,202,254,255
led-4,390300,202,254,255
led-4,390400,202,254,255
led-4,390500,202,254,255
led-4,390600,202,254,255
led-4,390700,202,254,255
led-4,390800,202,253,222
led-4,390900,202,253,222
led-4,391000,202,253,222
led-4,391100,202,253,222
led-4,391200,201,237,208
led-4,391300,175,123,116
led-4,391400,167,97,82
led-4,391500,172,105,85
led-4,391600,169,103,80
led-4,391700,161,98,77
led-4,391800,149,90,71
led-4,391900,171,126,104
led-4,392000,175,147,127
led-4,392100,154,146,124
led-4,392200,145,143,125
led-4,392300,141,142,126
led-4,392400,141,140,124
led-4,392500,36,72,62
led-4,392600,36,72,62
led-4,392700,36,72,62
led-4,392800,36,72,62
led-4,392900,36,72,62
led-4,393000,36,72,62
led-4,393100,35,72,62
led-4,393200,35,72,62
led-4,393300,35,72,62
led-4,393400,35,72,62
led-4,393500,35,72,62
led-4,393600,35,72,62
led-4,393700,35,72,62
led-4,393800,35,72,62
led-4,393900,35,72,62
led-4,394000,35,72,62
led-4,394100,35,72,62
led-4,394200,35,72,62
led-4,394300,35,72,62
led-4,394400,35,72,62
led-4,394500,135,222,255
led-4,394600,135,222,255
led-4,394700,135,222,255
led-4,394800,135,222,255
led-4,394900,135,222,255
led-4,395000,135,222,255
led-4,395100,135,222,255
led-4,395200,135,222,255
led-4,395300,135,222,255
led-4,395400,135,222,255
led-4,395500,135,222,255
led-4,395600,135,222,255
led-4,395700,135,222,255
led-4,395800,135,222,255
led-4,395900,135,222,255
led-4,396000,135,222,255
led-4,396100,135,222,255
led-4,396200,200,241,254
led-4,396300,200,241,254
led-4,396400,200,241,254
led-4,396500,200,241,254
led-4,396600,200,241,254
led-4,396700,200,241,254
led-4,396800,200,241,254
led-4,396900,200,241,254
led-4,397000,200,241,255
led-4,397100,200,241,255
led-4,397200,200,241,255
led-4,397300,200,241,255
led-4,397400,200,241,255
led-4,397500,200,241,255
led-4,397600,200,241,255
led-4,397700,200,241,255
led-4,397800,200,241,255
led-4,397900,200,241,255
led-4,398000,200,241,254
led-4,398100,200,241,254
led-4,398200,200,241,254
led-4,398300,200,241,254
led-4,398400,200,241,254
led-4,398500,200,241,254
led-4,398600,200,241,254
led-4,398700,200,241,254
led-4,398800,200,241,254
led-4,398900,200,241,254
led-4,399000,90,139,112
led-4,399100,89,139,112
led-4,399200,90,139,110
led-4,399300,89,139,110
led-4,399400,197,237,253
led-4,399500,197,237,253
led-4,399600,197,237,253
led-4,399700,197,237,253
led-4,399800,142,233,255
led-4,399900,142,233,255
led-4,400000,142,233,255
led-4,400100,142,233,255
led-4,400200,142,233,255
led-4,400300,142,233,255
led-4,400400,142,233,255
led-4,400500,142,233,255
led-4,400600,142,233,255
led-4,400700,142,233,255
led-4,400800,143,234,255
led-4,400900,143,234,255
led-4,401000,143,234,255
led-4,401100,143,234,255
led-4,401200,143,234,255
led-4,401300,143,234,255
led-4,401400,143,234,255
led-4,401500,143,234,255
led-4,401600,143,234,255
led-4,401700,143,233,255
led-4,401800,143,234,255
led-4,401900,143,234,255
led-4,402000,143,234,255
led-4,402100,143,234,255
led-4,402200,143,234,255
led-4,402300,143,234,255
led-4,402400,143,234,255
led-4,402500,143,234,255
led-4,402600,143,234,255
led-4,402700,143,234,255
led-4,402800,143,234,255
led-4,402900,143,234,255
led-4,403000,143,234,255
led-4,403100,143,234,255
led-4,403200,143,234,255
led-4,403300,143,234,255
led-4,403400,143,234,255
led-4,403500,143,234,255
led-4,403600,143,234,255
led-4,403700,143,234,255
led-4,403800,145,234,255
led-4,403900,145,234,255
led-4,404000,145,234,255
led-4,404100,145,234,255
led-4,404200,145,234,255
led-4,404300,143,234,255
led-4,404400,132,229,255
led-4,404500,75,209,255
led-4,404600,62,205,255
led-4,404700,64,206,255
led-4,404800,76,209,255
led-4,404900,75,208,255
led-4,405000,84,128,143
led-4,405100,84,128,143
led-4,405200,84,128,143
led-4,405300,84,128,143
led-4,405400,84,128,143
led-4,405500,84,128,143
led-4,405600,84,128,143
led-4,405700,84,128,143
led-4,405800,83,128,143
led-4,405900,83,128,143
led-4,406000,83,128,143
led-4,406100,83,128,143
led-4,406200,83,128,142
led-4,406300,83,128,142
led-4,406400,83,128,142
led-4,406500,83,129,142
led-4,406600,83,129,142
led-4,406700,83,129,142
led-4,406800,83,128,142
led-4,406900,83,128,142
led-4,407000,83,128,142
led-4,407100,83,128,142
led-4,407200,83,128,142
led-4,407300,83,128,142
led-4,407400,83,128,142
led-4,407500,83,128,142
led-4,407600,83,129,142
led-4,407700,83,128,142
led-4,407800,83,128,142
led-4,407900,83,128,142
led-4,408000,83,128,142
led-4,408100,83,128,142
led-4,408200,234,249,249
led-4,408300,204,243,255
led-4,408400,173,236,255
led-4,408500,139,226,255
led-4,408600,133,223,255
led-4,408700,131,222,255
led-4,408800,130,221,255
led-4,408900,130,221,255
led-4,409000,129,220,255
led-4,409100,129,220,255
led-4,409200,129,220,255
led-4,409300,129,220,255
led-4,409400,129,220,255
led-4,409500,129,220,255
led-4,409600,130,221,255
led-4,409700,136,221,255
led-4,409800,177,222,240
led-4,409900,208,198,185
led-4,410000,160,112,95
led-4,410100,124,116,122
led-4,410200,150,163,173
led-4,410300,225,231,231
led-4,410400,239,246,243
led-4,410500,171,249,255
led-4,410600,171,249,255
led-4,410700,171,249,255
led-4,410800,171,249,255
led-4,410900,171,249,255
led-4,411000,171,249,255
led-4,411100,171,249,255
led-4,411200,171,249,255
led-4,411300,171,249,255
led-4,411400,171,249,255
led-4,411500,171,249,255
led-4,411600,171,249,255
led-4,411700,171,249,255
led-4,411800,171,249,255
led-4,411900,171,249,255
led-4,412000,171,249,255
led-4,412100,171,249,255
led-4,412200,74,83,94
led-4,412300,74,83,94
led-4,412400,73,83,94
led-4,412500,74,82,94
led-4,412600,74,82,93
led-4,412700,74,82,93
led-4,412800,74,82,93
led-4,412900,74,82,93
led-4,413000,73,82,93
led-4,413100,74,82,94
led-4,413200,74,83,94
led-4,413300,74,83,94
led-4,413400,74,83,94
led-4,413500,74,83,94
led-4,413600,74,83,94
led-4,413700,74,83,94
led-4,413800,74,83,94
led-4,413900,74,83,94
led-4,414000,74,83,93
led-4,414100,74,83,93
led-4,414200,75,83,93
led-4,414300,75,83,93
led-4,414400,75,83,93
led-4,414500,75,84,93
led-4,414600,75,83,93
led-4,414700,76,84,94
led-4,414800,75,84,93
led-4,414900,76,84,93
led-4,415000,74,84,93
led-4,415100,75,84,92
led-4,415200,75,84,93
led-4,415300,76,84,93
led-4,415400,76,84,93
led-4,415500,76,85,92
led-4,415600,76,85,91
led-4,415700,75,85,91
led-4,415800,74,85,89
led-4,415900,74,85,89
led-4,416000,73,84,87
led-4,416100,72,84,86
led-4,416200,120,117,121
led-4,416300,120,117,120
led-4,416400,119,118,120
led-4,416500,119,118,120
led-4,416600,120,117,121
led-4,416700,119,118,120
led-4,416800,119,118,120
led-4,416900,119,118,120
led-4,417000,130,113,116
led-4,417100,119,117,118
led-4,417200,119,118,120
led-4,417300,118,118,120
led-4,417400,159,184,154
led-4,417500,159,184,154
led-4,417600,159,184,154
led-4,417700,159,184,154
led-4,417800,159,184,154
led-4,417900,159,184,154
led-4,418000,159,184,154
led-4,418100,159,184,155
led-4,418200,159,184,155
led-4,418300,159,184,155
led-4,418400,159,184,155
led-4,418500,159,184,155
led-4,418600,159,184,155
led-4,418700,159,184,155
led-4,418800,159,184,155
led-4,418900,159,184,155
led-4,419000,160,183,155
led-4,419100,160,183,155
led-4,419200,160,183,155
led-4,419300,160,184,154
led-4,419400,160,184,154
led-4,419500,160,184,154
led-4,419600,160,184,154
led-4,419700,160,184,154
led-4,419800,160,184,154
led-4,419900,160,183,153
led-4,420000,160,183,153
led-4,420100,239,202,160
led-4,420200,239,202,160
led-4,420300,239,202,160
led-4,420400,233,200,154
led-4,420500,160,213,99
led-4,420600,177,171,119
led-4,420700,250,247,197
led-4,420800,150,177,166
led-4,420900,141,205,225
led-4,421000,143,234,255
led-4,421100,144,234,255
led-4,421200,146,234,255
led-4,421300,143,231,255
led-4,421400,144,232,255
led-4,421500,144,233,255
led-4,421600,144,233,255
led-4,421700,143,233,255
led-4,421800,144,233,255
led-4,421900,46,86,84
led-4,422000,49,88,86
led-4,422100,51,89,88
led-4,422200,53,91,89
led-4,422300,57,95,93
led-4,422400,58,98,95
led-4,422500,61,103,99
led-4,422600,63,107,103
led-4,422700,66,111,106
led-4,422800,70,119,112
led-4,422900,72,123,115
led-4,423000,77,129,119
led-4,423100,76,133,120
led-4,423200,76,135,121
led-4,423300,75,138,122
led-4,423400,74,139,122
led-4,423500,72,140,123
led-4,423600,72,139,122
led-4,423700,71,140,121
led-4,423800,71,139,120
led-4,423900,70,138,119
led-4,424000,68,133,118
led-4,424100,67,131,116
led-4,424200,67,129,115
led-4,424300,68,125,114
led-4,424400,180,247,162
led-4,424500,242,249,251
led-4,424600,242,249,251
led-4,424700,242,249,251
led-4,424800,242,249,251
led-4,424900,242,249,251
led-4,425000,242,249,251
led-4,425100,242,249,251
led-4,425200,242,249,251
led-4,425300,243,249,251
led-4,425400,244,249,251
led-4,425500,246,250,251
led-4,425600,247,250,251
led-4,425700,248,250,252
led-4,425800,248,251,252
led-4,425900,248,251,252
led-4,426000,249,251,252
led-4,426100,249,251,253
led-4,426200,248,251,253
led-4,426300,248,251,252
led-4,426400,247,250,252
led-4,426500,87,134,70
led-4,426600,86,134,67
led-4,426700,87,138,63
led-4,426800,81,131,70
led-4,426900,74,123,68
led-4,427000,81,133,67
led-4,427100,90,143,67
led-4,427200,105,156,72
led-4,427300,109,156,66
led-4,427400,99,148,68
led-4,427500,59,103,56
led-4,427600,59,106,56
led-4,427700,61,107,57
led-4,427800,62,110,58
led-4,427900,62,112,58
led-4,428000,64,114,59
led-4,428100,65,116,60
led-4,428200,67,118,62
led-4,428300,69,121,64
led-4,428400,70,123,65
led-4,428500,72,125,67
led-4,428600,73,127,71
led-4,428700,75,129,73
led-4,428800,78,131,77
led-4,428900,80,132,80
led-4,429000,82,133,82
led-4,429100,83,132,85
led-4,429200,84,132,87
led-4,429300,75,206,255
led-4,429400,72,205,255
led-4,429500,68,204,255
led-4,429600,65,203,255
led-4,429700,64,202,255
led-4,429800,63,201,255
led-4,429900,63,201,255
led-4,430000,61,201,255
led-4,430100,64,201,255
led-4,430200,64,202,255
led-4,430300,65,203,255
led-4,430400,67,203,255
led-4,430500,71,204,255
led-4,430600,73,204,255
led-4,430700,183,255,254
led-4,430800,56,132,118
led-4,430900,61,137,125
led-4,431000,61,127,128
led-4,431100,61,127,129
led-4,431200,54,107,101
led-4,431300,52,100,65
led-4,431400,55,98,55
led-4,431500,62,97,66
led-4,431600,74,97,76
led-4,431700,61,78,74
led-4,431800,58,84,72
led-4,431900,54,68,70
led-4,432000,61,76,69
led-4,432100,65,83,70
led-4,432200,66,76,77
led-4,432300,82,99,85
led-4,432400,77,86,85
led-4,432500,59,77,64
led-4,432600,53,85,52
led-4,432700,43,64,50
led-4,432800,44,63,52
led-4,432900,37,50,47
led-4,433000,52,68,52
led-4,433100,64,86,69
led-4,433200,50,67,63
led-4,433300,45,69,60
led-4,433400,32,63,48
led-4,433500,40,60,50
led-4,433600,33,47,46
led-4,433700,41,59,55
led-4,433800,71,204,255
led-4,433900,74,204,255
led-4,434000,80,206,255
led-4,434100,82,207,255
led-4,434200,83,208,255
led-4,434300,86,209,255
led-4,434400,83,208,255
led-4,434500,80,206,255
led-4,434600,80,206,255
led-4,434700,80,206,255
led-4,434800,80,206,255
led-4,434900,79,207,255
led-4,435000,84,208,255
led-4,435100,82,208,255
led-4,435200,78,206,255
led-4,435300,78,206,255
led-4,435400,80,207,255
led-4,435500,78,206,255
led-4,435600,170,245,255
led-4,435700,170,242,255
led-4,435800,170,240,251
led-4,435900,170,244,255
led-4,436000,89,102,111
led-4,436100,155,219,233
led-4,436200,124,217,255
led-4,436300,124,217,255
led-4,436400,124,217,255
led-4,436500,124,217,255
led-4,436600,124,217,255
led-4,436700,124,217,255
led-4,436800,124,217,255
led-4,436900,124,217,255
led-4,437000,124,217,255
led-4,437100,124,217,255
led-4,437200,124,217,255
led-4,437300,124,217,255
led-4,437400,124,217,255
led-4,437500,124,217,255
led-4,437600,124,217,255
led-4,437700,124,217,255
led-4,437800,124,217,255
led-4,437900,124,217,255
led-4,438000,124,217,255
led-4,438100,124,217,255
led-4,438200,124,217,255
led-4,438300,124,217,255
led-4,438400,124,217,255
led-4,438500,124,217,255
led-4,438600,124,217,255
led-4,438700,124,217,255
led-4,438800,124,217,255
led-4,438900,124,217,255
led-4,439000,124,217,255
led-4,439100,124,217,255
led-4,439200,124,217,255
led-4,439300,124,217,255
led-4,439400,124,217,255
led-4,439500,124,217,255
led-4,439600,124,217,255
led-4,439700,124,217,255
led-4,439800,124,217,255
led-4,439900,124,217,255
led-4,440000,124,217,255
led-4,440100,124,217,255
led-4,440200,124,217,255
led-4,440300,124,217,255
led-4,440400,124,217,255
led-4,440500,124,217,255
led-4,440600,93,194,232
led-4,440700,94,194,232
led-4,440800,94,194,232
led-4,440900,95,194,232
led-4,441000,95,194,231
led-4,441100,95,193,231
led-4,441200,95,193,231
led-4,441300,96,193,231
led-4,441400,97,194,230
led-4,441500,98,193,229
led-4,441600,98,194,229
led-4,441700,98,194,229
led-4,441800,99,195,229
led-4,441900,100,195,229
led-4,442000,101,195,228
led-4,442100,101,195,228
led-4,442200,254,253,247
led-4,442300,193,187,127
led-4,442400,183,160,120
led-4,442500,165,114,102
led-4,442600,176,162,102
led-4,442700,165,155,107
led-4,442800,150,198,108
led-4,442900,143,185,105
led-4,443000,148,145,103
led-4,443100,162,134,106
led-4,443200,193,143,122
led-4,443300,156,238,255
led-4,443400,152,236,255
led-4,443500,148,235,255
led-4,443600,147,234,255
led-4,443700,145,234,255
led-4,443800,145,234,255
led-4,443900,145,234,255
led-4,444000,145,234,255
led-4,444100,145,234,255
led-4,444200,145,234,255
led-4,444300,144,233,255
led-4,444400,144,233,255
led-4,444500,144,233,255
led-4,444600,119,167,97
led-4,444700,88,118,65
led-4,444800,94,170,91
led-4,444900,92,96,89
led-4,445000,82,87,72
led-4,445100,84,93,70
led-4,445200,87,95,74
led-4,445300,94,93,85
led-4,445400,98,92,89
led-4,445500,100,93,93
led-4,445600,102,94,96
led-4,445700,104,95,98
led-4,445800,106,96,100
led-4,445900,106,97,101
led-4,446000,107,97,101
led-4,446100,107,96,101
led-4,446200,107,97,101
led-4,446300,108,97,100
led-4,446400,107,97,99
led-4,446500,108,97,100
led-4,446600,108,97,100
led-4,446700,108,97,100
led-4,446800,108,97,100
led-4,446900,108,97,100
led-4,447000,107,97,100
led-4,447100,107,97,100
led-4,447200,107,97,100
led-4,447300,107,97,101
led-4,447400,107,97,101
led-4,447500,107,97,101
led-4,447600,107,97,101
led-4,447700,107,97,101
led-4,447800,107,97,101
led-4,447900,107,97,101
led-4,448000,108,96,102
led-4,448100,107,97,102
led-4,448200,107,96,102
led-4,448300,107,96,102
led-4,448400,107,96,102
led-4,448500,107,96,101
led-4,448600,107,96,101
led-4,448700,107,96,101
led-4,448800,107,96,101
led-4,448900,108,96,102
led-4,449000,107,96,101
led-4,449100,107,96,101
led-4,449200,107,96,101
led-4,449300,107,96,101
led-4,449400,108,96,102
led-4,449500,108,96,102
led-4,449600,108,96,102
led-4,449700,108,96,102
led-4,449800,108,96,101
led-4,449900,108,96,101
led-4,450000,107,97,100
led-4,450100,107,97,100
led-4,450200,107,97,100
led-4,450300,107,97,100
led-4,450400,107,97,100
led-4,450500,107,97,100
led-4,450600,107,97,100
led-4,450700,107,97,100
led-4,450800,107,97,100
led-4,450900,107,97,100
led-4,451000,107,97,100
led-4,451100,107,97,100
led-4,451200,107,97,100
led-4,451300,107,97,100
led-4,451400,107,97,100
led-4,451500,107,97,100
led-4,451600,107,97,100
led-4,451700,107,97,100
led-4,451800,80,134,115
led-4,451900,80,134,115
led-4,452000,80,133,115
led-4,452100,80,133,115
led-4,452200,80,133,115
led-4,452300,80,133,115
led-4,452400,80,133,115
led-4,452500,82,138,119
led-4,452600,81,133,116
led-4,452700,40,60,55
led-4,452800,52,96,66
led-4,452900,39,65,42
led-4,453000,176,175,157
led-4,453100,199,195,170
led-4,453200,198,190,165
led-4,453300,203,194,169
led-4,453400,195,191,166
led-4,453500,195,191,166
led-4,453600,195,191,166
led-4,453700,195,191,166
led-4,453800,196,190,166
led-4,453900,195,190,165
led-4,454000,196,190,166
led-4,454100,196,190,166
led-4,454200,196,190,166
led-4,454300,195,191,167
led-4,454400,196,191,166
led-4,454500,195,191,166
led-4,454600,196,191,166
led-4,454700,196,191,167
led-4,454800,195,191,166
led-4,454900,196,191,167
led-4,455000,195,191,166
led-4,455100,196,191,167
led-4,455200,195,191,166
led-4,455300,195,190,166
led-4,455400,195,190,166
led-4,455500,195,190,166
led-4,455600,193,191,166
led-4,455700,193,190,167
led-4,455800,193,190,166
led-4,455900,193,190,166
led-4,456000,192,189,166
led-4,456100,192,189,166
led-4,456200,192,189,166
led-4,456300,193,189,166
led-4,456400,193,189,166
led-4,456500,193,188,166
led-4,456600,193,188,166
led-4,456700,189,187,164
led-4,456800,195,190,165
led-4,456900,216,207,179
led-4,457000,199,194,169
led-4,457100,198,193,168
led-4,457200,199,192,168
led-4,457300,197,191,167
led-4,457400,198,192,167
led-4,457500,200,194,167
led-4,457600,201,195,168
led-4,457700,201,195,169
led-4,457800,202,196,170
led-4,457900,202,196,170
led-4,458000,203,195,170
led-4,458100,203,195,170
led-4,458200,202,195,169
led-4,458300,215,205,177
led-4,458400,216,205,177
led-4,458500,216,206,177
led-4,458600,217,206,177
led-4,458700,219,208,178
led-4,458800,220,210,179
led-4,458900,221,211,181
led-4,459000,223,211,181
led-4,459100,224,212,182
led-4,459200,224,213,182
led-4,459300,224,212,182
led-4,459400,221,210,181
led-4,459500,212,202,174
led-4,459600,205,196,169
led-4,459700,198,190,166
led-4,459800,191,184,162
led-4,459900,187,180,159
led-4,460000,179,177,157
led-4,460100,177,175,155
led-4,460200,175,173,153
led-4,460300,173,173,153
led-4,460400,173,172,152
led-4,460500,173,171,153
led-4,460600,119,117,108
led-4,460700,74,73,67
led-4,460800,23,23,21
led-4,460900,3,3,3
led-4,461000,0,0,0
led-4,461100,0,0,0
led-4,461200,0,0,0
led-4,461300,0,0,0
led-4,461400,0,0,0
led-4,461500,0,0,0
led-4,461600,0,0,0
led-4,461700,0,0,0
led-4,461800,0,0,0
led-4,461900,5,5,6
led-4,462000,13,15,18
led-4,462100,21,25,29
led-4,462200,29,37,42
led-4,462300,45,58,67
led-4,462400,58,73,86
led-4,462500,78,101,120
led-4,462600,92,119,146
led-4,462700,96,122,152
led-4,462800,109,132,167
led-4,462900,122,143,181
led-4,463000,142,163,200
led-4,463100,158,177,215
led-4,463200,175,192,231
led-4,463300,188,204,244
led-4,463400,192,207,246
led-4,463500,196,210,251
led-4,463600,196,210,251
led-4,463700,196,210,251
led-4,463800,196,210,251
led-4,463900,196,210,251
led-4,464000,197,210,251
led-4,464100,197,210,251
led-4,464200,196,210,251
led-4,464300,196,210,251
led-4,464400,196,210,251
led-4,464500,196,211,251
led-4,464600,195,211,251
led-4,464700,195,211,251
led-4,464800,195,211,251
led-4,464900,195,211,251
led-4,465000,194,211,251
led-4,465100,194,211,251
led-4,465200,194,211,251
led-4,465300,194,211,251
led-4,465400,194,211,251
led-4,465500,194,211,251
led-4,465600,194,211,253
led-4,465700,194,211,253
led-4,465800,194,211,253
led-4,465900,194,211,253
led-4,466000,177,190,224
led-4,466100,161,171,198
led-4,466200,148,155,176
led-4,466300,137,139,155
led-4,466400,129,131,143
led-4,466500,130,135,148
led-4,466600,136,142,153
led-4,466700,137,141,154
led-4,466800,146,142,154
led-4,466900,161,164,149
led-4,467000,199,220,140
led-4,467100,182,211,118
led-4,467200,163,205,102
led-4,467300,111,143,80
led-4,467400,92,117,69
led-4,467500,122,148,89
led-4,467600,175,197,121
led-4,467700,181,198,121
led-4,467800,177,190,116
led-4,467900,183,199,122
led-4,468000,183,204,125
led-4,468100,178,200,122
led-4,468200,131,149,86
led-4,468300,111,133,73
led-4,468400,148,183,95
led-4,468500,159,208,103
led-4,468600,160,212,106
led-4,468700,165,218,109
led-4,468800,176,219,116
led-4,468900,192,226,129
led-4,469000,167,194,108
led-4,469100,139,171,84
led-4,469200,136,169,84
led-4,469300,144,170,89
led-4,469400,157,180,97
led-4,469500,190,211,126
led-4,469600,205,224,139
led-4,469700,207,226,141
led-4,469800,206,226,141
led-4,469900,206,225,140
led-4,470000,201,223,136
led-4,470100,201,224,136
led-4,470200,203,225,137
led-4,470300,207,227,141
led-4,470400,210,227,143
led-4,470500,212,228,144
led-4,470600,212,228,145
led-4,470700,213,228,146
led-4,470800,213,228,146
led-4,470900,213,228,146
led-4,471000,213,228,146
led-4,471100,213,227,146
led-4,471200,213,227,145
led-4,471300,213,227,144
led-4,471400,253,255,244
led-4,471500,253,255,245
led-4,471600,253,255,245
led-4,471700,254,255,245
led-4,471800,254,255,245
led-4,471900,254,255,245
led-4,472000,254,255,244
led-4,472100,254,255,244
led-4,472200,254,255,244
led-4,472300,254,255,244
led-4,472400,254,255,244
led-4,472500,255,255,244
led-4,472600,255,255,244
led-4,472700,255,255,244
led-4,472800,255,255,243
led-4,472900,103,114,104
led-4,473000,103,114,104
led-4,473100,103,114,104
led-4,473200,103,114,104
led-4,473300,103,114,104
led-4,473400,103,114,104
led-4,473500,103,114,104
led-4,473600,103,114,104
led-4,473700,103,114,104
led-4,473800,103,114,104
led-4,473900,103,114,104
led-4,474000,102,114,104
led-4,474100,102,114,104
led-4,474200,102,114,104
led-4,474300,102,114,104
led-4,474400,102,114,104
led-4,474500,102,114,103
led-4,474600,102,114,103
led-4,474700,102,114,103
led-4,474800,102,114,103
led-4,474900,102,114,104
led-4,475000,102,114,104
led-4,475100,102,114,104
led-4,475200,102,114,104
led-4,475300,102,114,104
led-4,475400,103,114,104
led-4,475500,103,114,104
led-4,475600,103,114,104
led-4,475700,103,114,104
led-4,475800,104,114,106
led-4,475900,222,127,207
led-4,476000,106,114,107
led-4,476100,221,131,199
led-4,476200,255,242,255
led-4,476300,225,153,221
led-4,476400,228,208,224
led-4,476500,103,115,104
led-4,476600,103,115,104
led-4,476700,104,114,104
led-4,476800,104,114,104
led-4,476900,103,114,104
led-4,477000,103,114,104
led-4,477100,103,114,103
led-4,477200,103,114,103
led-4,477300,103,114,103
led-4,477400,103,114,103
led-4,477500,103,114,104
led-4,477600,103,114,104
led-4,477700,103,114,105
led-4,477800,104,115,106
led-4,477900,104,116,105
led-4,478000,105,115,106
led-4,478100,105,116,106
led-4,478200,106,117,106
led-4,478300,107,119,108
led-4,478400,108,122,108
led-4,478500,109,127,108
led-4,478600,111,130,110
led-4,478700,111,133,109
led-4,478800,112,135,108
led-4,478900,113,138,109
led-4,479000,114,143,112
led-4,479100,115,146,117
led-4,479200,115,146,122
led-4,479300,118,153,132
led-4,479400,129,166,143
led-4,479500,143,186,157
led-4,479600,152,197,164
led-4,479700,159,206,171
led-4,479800,168,216,176
led-4,479900,170,220,179
led-4,480000,172,222,181
led-4,480100,172,222,181
led-4,480200,188,162,168
led-4,480300,188,162,168
led-4,480400,188,162,167
led-4,480500,189,163,168
led-4,480600,188,163,167
led-4,480700,188,163,167
led-4,480800,188,163,167
led-4,480900,188,163,167
led-4,481000,189,162,168
led-4,481100,188,162,168
led-4,481200,189,163,168
led-4,481300,188,163,168
led-4,481400,189,163,168
led-4,481500,188,163,168
led-4,481600,188,163,168
led-4,481700,148,227,255
led-4,481800,148,227,255
led-4,481900,148,227,255
led-4,482000,148,227,255
led-4,482100,148,227,255
led-4,482200,148,227,255
led-4,482300,148,227,255
led-4,482400,148,227,255
led-4,482500,148,227,255
led-4,482600,148,227,255
led-4,482700,148,227,255
led-4,482800,148,227,255
led-4,482900,148,227,255
led-4,483000,148,227,255
led-4,483100,148,227,255
led-4,483200,148,227,255
led-4,483300,148,227,255
led-4,483400,148,227,255
led-4,483500,148,227,255
led-4,483600,148,227,255
led-4,483700,148,227,255
led-4,483800,148,227,255
led-4,483900,200,226,251
led-4,484000,200,226,251
led-4,484100,200,226,251
led-4,484200,200,226,251
led-4,484300,200,226,251
led-4,484400,200,227,251
led-4,484500,200,227,251
led-4,484600,200,227,251
led-4,484700,200,227,251
led-4,484800,200,227,251
led-4,484900,200,227,251
led-4,485000,200,227,251
led-4,485100,200,227,251
led-4,485200,200,227,251
led-4,485300,200,227,251
led-4,485400,200,227,251
led-4,485500,200,227,251
led-4,485600,200,227,251
led-4,485700,200,227,251
led-4,485800,201,227,252
led-4,485900,201,227,252
led-4,486000,201,227,252
led-4,486100,201,227,252
led-4,486200,201,227,252
led-4,486300,173,222,182
led-4,486400,173,222,182
led-4,486500,173,222,182
led-4,486600,173,222,182
led-4,486700,173,222,182
led-4,486800,173,222,182
led-4,486900,173,222,182
led-4,487000,173,222,182
led-4,487100,173,222,181
led-4,487200,173,222,181
led-4,487300,173,222,181
led-4,487400,173,222,181
led-4,487500,173,222,181
led-4,487600,173,222,181
led-4,487700,173,222,181
led-4,487800,173,222,181
led-4,487900,173,222,181
led-4,488000,172,222,181
led-4,488100,172,223,180
led-4,488200,172,223,180
led-4,488300,172,223,180
led-4,488400,172,223,180
led-4,488500,172,223,180
led-4,488600,172,223,180
led-4,488700,0,0,0
led-4,488800,0,0,0
led-4,488900,0,0,0
led-4,489000,0,0,0
led-4,489100,0,0,0
led-4,489200,0,0,0
led-4,489300,0,0,0
led-4,489400,0,0,0
led-4,489500,0,0,0
led-4,489600,0,0,0
led-4,489700,0,0,0
led-4,489800,0,0,0
led-4,489900,0,0,0
led-4,490000,0,0,0
led-4,490100,0,0,0
led-4,490200,3,4,6
led-4,490300,6,11,11
led-4,490400,10,14,17
led-4,490500,12,20,24
led-4,490600,14,25,30
led-4,490700,16,29,34
led-4,490800,20,35,41
led-4,490900,22,39,47
led-4,491000,24,46,54
led-4,491100,26,50,60
led-4,491200,28,53,64
led-4,491300,32,58,72
led-4,491400,32,62,75
led-4,491500,34,67,81
led-4,491600,35,70,85
led-4,491700,36,72,89
led-4,491800,39,77,94
led-4,491900,40,79,98
led-4,492000,41,82,101
led-4,492100,40,84,103
led-4,492200,41,86,105
led-4,492300,42,88,108
led-4,492400,43,89,109
led-4,492500,43,90,111
led-4,492600,43,90,111
led-4,492700,43,90,111
led-4,492800,43,90,111
led-4,492900,43,90,111
led-4,493000,43,91,111
led-4,493100,43,91,111
led-4,493200,43,91,111
led-4,493300,43,90,111
led-4,493400,43,90,111
led-4,493500,43,90,111
led-4,493600,43,90,111
led-4,493700,43,90,111
led-4,493800,42,90,110
led-4,493900,42,90,110
led-4,494000,41,89,110
led-4,494100,41,89,110
led-4,494200,41,89,110
led-4,494300,41,89,110
led-4,494400,41,89,110
led-4,494500,41,89,109
led-4,494600,41,89,109
led-4,494700,41,89,109
led-4,494800,41,89,109
led-4,494900,40,88,109
led-4,495000,40,87,109
led-4,495100,40,87,109
led-4,495200,40,87,109
led-4,495300,40,87,109
led-4,495400,39,87,109
led-4,495500,40,86,109
led-4,495600,40,86,108
led-4,495700,40,86,108
led-4,495800,39,86,108
led-4,495900,39,85,108
led-4,496000,39,85,108
led-4,496100,39,85,108
led-4,496200,39,85,108
led-4,496300,39,85,108
led-4,496400,39,85,108
led-4,496500,39,85,108
led-4,496600,39,86,108
led-4,496700,39,85,108
led-4,496800,40,85,108
led-4,496900,40,85,108
led-4,497000,40,86,108
led-4,497100,40,86,108
led-4,497200,40,86,109
led-4,497300,41,86,108
led-4,497400,41,86,109
led-4,497500,41,86,108
led-4,497600,41,86,108
led-4,497700,42,86,109
led-4,497800,42,87,109
led-4,497900,43,87,110
led-4,498000,44,88,109
led-4,498100,44,87,109
led-4,498200,44,88,110
led-4,498300,45,88,110
led-4,498400,45,89,110
led-4,498500,46,89,111
led-4,498600,47,89,111
led-4,498700,48,89,112
led-4,498800,49,90,112
led-4,498900,49,90,113
led-4,499000,50,91,114
led-4,499100,51,92,114
led-4,499200,51,92,115
led-4,499300,51,92,115
led-4,499400,51,92,115
led-4,499500,51,91,114
led-4,499600,51,91,114
led-4,499700,52,92,115
led-4,499800,53,92,115
led-4,499900,53,92,116
led-4,500000,53,93,114
led-4,500100,53,93,114
led-4,500200,54,94,115
led-4,500300,55,95,116
led-4,500400,55,95,116
led-4,500500,56,96,117
led-4,500600,57,96,117
led-4,500700,57,96,117
led-4,500800,57,96,117
led-4,500900,57,96,117
led-4,501000,57,96,116
led-4,501100,57,96,117
led-4,501200,57,96,116
led-4,501300,57,96,116
led-4,501400,56,96,116
led-4,501500,56,95,116
led-4,501600,55,95,116
led-4,501700,55,95,116
led-4,501800,55,95,116
led-4,501900,56,95,116
led-4,502000,55,95,116
led-4,502100,56,95,116
led-4,502200,56,95,116
led-4,502300,56,95,116
led-4,502400,56,95,116
led-4,502500,55,94,115
led-4,502600,55,94,115
led-4,502700,54,93,115
led-4,502800,53,92,114
led-4,502900,51,92,113
led-4,503000,51,92,112
led-4,503100,51,92,112
led-4,503200,50,92,112
led-4,503300,50,91,113
led-4,503400,50,91,112
led-4,503500,50,91,113
led-4,503600,50,91,113
led-4,503700,50,91,113
led-4,503800,51,91,113
led-4,503900,51,91,113
led-4,504000,52,92,113
led-4,504100,52,92,113
led-4,504200,51,92,113
led-4,504300,51,91,113
led-4,504400,50,91,113
led-4,504500,51,92,112
led-4,504600,52,92,112
led-4,504700,52,92,113
led-4,504800,52,92,113
led-4,504900,52,92,113
led-4,505000,52,92,114
led-4,505100,53,93,114
led-4,505200,53,93,114
led-4,505300,54,94,115
led-4,505400,54,94,115
led-4,505500,55,95,116
led-4,505600,55,96,116
led-4,505700,56,95,117
led-4,505800,56,95,116
led-4,505900,56,95,115
led-4,506000,56,95,115
led-4,506100,55,94,115
led-4,506200,55,94,115
led-4,506300,55,94,115
led-4,506400,55,94,115
led-4,506500,55,94,114
led-4,506600,55,94,114
led-4,506700,55,94,114
led-4,506800,56,95,115
led-4,506900,56,95,115
led-4,507000,57,95,114
led-4,507100,57,95,115
led-4,507200,57,95,115
led-4,507300,58,96,114
led-4,507400,59,96,114
led-4,507500,63,98,112
led-4,507600,65,100,110
led-4,507700,68,101,108
led-4,507800,72,104,107
led-4,507900,75,107,105
led-4,508000,81,110,102
led-4,508100,84,111,99
led-4,508200,86,113,96
led-4,508300,89,115,95
led-4,508400,92,116,95
led-4,508500,95,118,92
led-4,508600,96,120,90
led-4,508700,98,121,89
led-4,508800,100,122,89
led-4,508900,100,123,88
led-4,509000,102,123,87
led-4,509100,102,124,87
led-4,509200,103,124,86
led-4,509300,103,124,85
led-4,509400,104,124,85
led-4,509500,104,124,85
led-4,509600,104,124,84
led-4,509700,104,124,83
led-4,509800,104,124,82
led-4,509900,104,125,82
led-4,510000,105,125,81
led-4,510100,106,126,81
led-4,510200,107,127,81
led-4,510300,107,127,81
led-4,510400,107,127,80
led-4,510500,107,127,79
led-4,510600,108,127,78
led-4,510700,108,127,78
led-4,510800,108,128,78
led-4,510900,108,128,78
led-4,511000,109,128,78
led-4,511100,109,129,78
led-4,511200,110,129,77
led-4,511300,110,130,76
led-4,511400,111,130,76
led-4,511500,111,130,77
led-4,511600,112,130,77
led-4,511700,111,130,77
led-4,511800,112,131,76
led-4,511900,112,131,75
led-4,512000,112,131,74
led-4,512100,112,131,73
led-4,512200,113,131,73
led-4,512300,113,131,72
led-4,512400,113,132,73
led-4,512500,113,132,72
led-4,512600,113,132,72
led-4,512700,114,133,73
led-4,512800,114,133,73
led-4,512900,115,134,73
led-4,513000,115,134,73
led-4,513100,115,134,73
led-4,513200,116,135,74
led-4,513300,116,135,74
led-4,513400,117,136,74
led-4,513500,117,136,74
led-4,513600,117,136,75
led-4,513700,117,137,75
led-4,513800,118,137,75
led-4,513900,118,138,75
led-4,514000,117,138,75
led-4,514100,118,138,75
led-4,514200,119,139,74
led-4,514300,118,138,76
led-4,514400,117,138,73
led-4,514500,116,138,75
led-4,514600,117,138,75
led-4,514700,117,138,75
led-4,514800,117,138,75
led-4,514900,117,139,76
led-4,515000,116,138,76
led-4,515100,116,138,75
led-4,515200,116,139,76
led-4,515300,114,137,76
led-4,515400,114,138,76
led-4,515500,114,137,76
led-4,515600,111,134,75
led-4,515700,134,122,106
led-4,515800,111,136,77
led-4,515900,111,135,77
led-4,516000,109,135,77
led-4,516100,110,135,78
led-4,516200,108,134,79
led-4,516300,107,134,81
led-4,516400,106,133,82
led-4,516500,107,132,82
led-4,516600,106,132,82
led-4,516700,106,132,83
led-4,516800,103,130,84
led-4,516900,103,130,84
led-4,517000,102,130,85
led-4,517100,102,130,86
led-4,517200,176,127,125
led-4,517300,99,128,87
led-4,517400,99,128,89
led-4,517500,97,126,88
led-4,517600,97,125,89
led-4,517700,96,125,89
led-4,517800,94,124,90
led-4,517900,93,124,91
led-4,518000,91,122,90
led-4,518100,92,122,89
led-4,518200,91,121,89
led-4,518300,89,119,89
led-4,518400,88,119,90
led-4,518500,88,118,90
led-4,518600,87,117,89
led-4,518700,87,117,90
led-4,518800,85,116,90
led-4,518900,85,115,90
led-4,519000,83,114,89
led-4,519100,83,115,89
led-4,519200,82,114,89
led-4,519300,82,113,90
led-4,519400,81,112,89
led-4,519500,81,112,90
led-4,519600,81,111,90
led-4,519700,81,112,90
led-4,519800,80,111,91
led-4,519900,80,111,90
led-4,520000,79,110,90
led-4,520100,80,110,90
led-4,520200,80,111,91
led-4,520300,118,115,147
led-4,520400,119,96,120
led-4,520500,78,108,90
led-4,520600,79,109,91
led-4,520700,79,110,92
led-4,520800,80,110,93
led-4,520900,80,110,93
led-4,521000,80,109,93
led-4,521100,81,110,93
led-4,521200,82,110,94
led-4,521300,82,111,95
led-4,521400,82,111,96
led-4,521500,82,111,95
led-4,521600,82,111,96
led-4,521700,82,111,96
led-4,521800,83,111,97
led-4,521900,82,111,96
led-4,522000,81,110,95
led-4,522100,81,110,95
led-4,522200,81,110,96
led-4,522300,82,110,96
led-4,522400,82,110,96
led-4,522500,82,110,96
led-4,522600,82,110,96
led-4,522700,82,110,96
led-4,522800,82,109,96
led-4,522900,82,109,95
led-4,523000,81,109,95
led-4,523100,81,108,94
led-4,523200,81,108,94
led-4,523300,81,107,94
led-4,523400,83,106,92
led-4,523500,87,100,88
led-4,523600,89,96,85
led-4,523700,94,93,82
led-4,523800,104,91,78
led-4,523900,111,92,76
led-4,524000,121,96,73
led-4,524100,125,98,71
led-4,524200,127,100,70
led-4,524300,129,101,71
led-4,524400,129,101,70
led-4,524500,129,102,71
led-4,524600,129,102,70
led-4,524700,130,101,71
led-4,524800,128,100,71
led-4,524900,127,100,72
led-4,525000,126,99,71
led-4,525100,126,99,73
led-4,525200,124,98,73
led-4,525300,121,96,73
led-4,525400,120,96,74
led-4,525500,117,93,73
led-4,525600,114,92,73
led-4,525700,112,91,74
led-4,525800,110,88,75
led-4,525900,108,87,76
led-4,526000,105,85,76
led-4,526100,104,85,77
led-4,526200,102,84,78
led-4,526300,99,82,78
led-4,526400,98,82,79
led-4,526500,96,80,80
led-4,526600,95,80,80
led-4,526700,94,79,81
led-4,526800,93,77,80
led-4,526900,90,76,80
led-4,527000,89,75,79
led-4,527100,89,74,79
led-4,527200,87,74,78
led-4,527300,86,74,78
led-4,527400,86,73,78
led-4,527500,85,73,77
led-4,527600,85,73,77
led-4,527700,83,73,76
led-4,527800,82,73,77
led-4,527900,81,73,76
led-4,528000,81,73,76
led-4,528100,81,73,75
led-4,528200,79,74,75
led-4,528300,80,75,76
led-4,528400,78,76,76
led-4,528500,79,76,75
led-4,528600,79,77,75
led-4,528700,77,77,75
led-4,528800,77,77,75
led-4,528900,75,78,75
led-4,529000,73,76,73
led-4,529100,72,76,72
led-4,529200,70,76,69
led-4,529300,69,75,69
led-4,529400,68,75,68
led-4,529500,67,75,68
led-4,529600,66,75,66
led-4,529700,66,74,65
led-4,529800,65,74,64
led-4,529900,64,74,64
led-4,530000,63,74,63
led-4,530100,63,74,63
led-4,530200,63,74,61
led-4,530300,62,73,60
led-4,530400,62,73,58
led-4,530500,61,72,58
led-4,530600,60,71,57
led-4,530700,60,71,57
led-4,530800,58,70,55
led-4,530900,58,69,54
led-4,531000,56,68,52
led-4,531100,56,68,52
led-4,531200,55,66,51
led-4,531300,53,65,48
led-4,531400,52,63,47
led-4,531500,51,62,45
led-4,531600,50,62,44
led-4,531700,49,61,43
led-4,531800,49,59,43
led-4,531900,49,58,42
led-4,532000,47,56,43
led-4,532100,47,56,42
led-4,532200,47,55,41
led-4,532300,45,54,40
led-4,532400,44,53,38
led-4,532500,43,53,38
led-4,532600,43,52,38
led-4,532700,42,51,37
led-4,532800,40,49,34
led-4,532900,39,48,34
led-4,533000,37,47,32
led-4,533100,37,46,32
led-4,533200,36,45,31
led-4,533300,35,43,29
led-4,533400,35,42,30
led-4,533500,34,40,29
led-4,533600,34,40,29
led-4,533700,33,40,28
led-4,533800,32,38,27
led-4,533900,31,37,26
led-4,534000,29,35,24
led-4,534100,29,35,24
led-4,534200,28,35,24
led-4,534300,27,33,24
led-4,534400,26,32,23
led-4,534500,25,30,22
led-4,534600,25,29,21
led-4,534700,25,28,20
led-4,534800,24,28,20
led-4,534900,24,28,20
led-4,535000,22,26,18
led-4,535100,21,25,17
led-4,535200,21,24,16
led-4,535300,19,23,16
led-4,535400,19,22,15
led-4,535500,17,20,15
led-4,535600,17,20,15
led-4,535700,17,20,15
led-4,535800,15,19,13
led-4,535900,15,19,13
led-4,536000,14,17,12
led-4,536100,13,17,11
led-4,536200,12,16,10
led-4,536300,13,16,10
led-4,536400,13,16,10
led-4,536500,46,49,42
led-4,536600,55,58,51
led-4,536700,54,58,50
led-4,536800,50,52,49
led-4,536900,38,40,37
led-4,537000,20,22,21
led-4,537100,18,20,19
led-4,537200,15,18,15
led-4,537300,32,35,31
led-4,537400,46,49,45
led-4,537500,49,49,47
led-4,537600,52,53,50
led-4,537700,58,59,56
led-4,537800,44,44,42
led-4,537900,36,37,35
led-4,538000,4,4,4
led-4,538100,3,3,3
led-4,538200,4,4,4
led-4,538300,27,27,26
led-4,538400,46,47,45
led-4,538500,45,45,43
led-4,538600,40,41,38
led-4,538700,43,43,41
led-4,538800,46,46,44
led-4,538900,37,37,36
led-4,539000,0,0,0
led-4,539100,0,0,0
led-4,539200,0,0,0
led-4,539300,11,11,11
led-4,539400,23,23,22
led-4,539500,28,28,26
led-4,539600,34,34,32
led-4,539700,42,42,39
led-4,539800,35,36,33
led-4,539900,36,37,34
led-4,540000,51,51,51
led-4,540100,43,43,43
led-4,540200,8,8,8
led-4,540300,0,0,0
led-4,540400,0,0,0
led-4,540500,7,7,7
led-4,540600,17,17,17
led-4,540700,23,23,23
led-4,540800,35,35,35
led-4,540900,32,32,32
led-4,541000,11,11,11
led-4,541100,16,16,16
led-4,541200,44,44,44
led-4,541300,51,51,51
led-4,541400,51,51,51
led-4,541500,47,47,47
led-4,541600,43,43,43
led-4,541700,42,42,42
led-4,541800,58,58,58
led-4,541900,51,51,51
led-4,542000,5,5,5
led-4,542100,0,0,0
led-4,542200,0,0,0
led-4,542300,6,6,6
led-4,542400,38,38,38
led-4,542500,42,42,42
led-4,542600,24,24,24
led-4,542700,17,17,17
led-4,542800,31,31,31
led-4,542900,32,32,32
led-4,543000,34,34,34
led-4,543100,30,30,30
led-4,543200,14,14,14
led-4,543300,0,0,0
led-4,543400,9,9,9
led-4,543500,11,11,11
led-4,543600,5,5,5
led-4,543700,4,4,4
led-4,543800,41,41,41
led-4,543900,46,46,46
led-4,544000,51,51,51
led-4,544100,48,48,48
led-4,544200,25,25,25
led-4,544300,0,0,0
led-4,544400,0,0,0
led-4,544500,0,0,0
led-4,544600,13,13,13
led-4,544700,18,18,18
led-4,544800,12,12,12
led-4,544900,8,8,8
led-4,545000,17,17,17
led-4,545100,18,18,18
led-4,545200,28,28,28
led-4,545300,41,41,41
led-4,545400,24,24,24
led-4,545500,0,0,0
led-4,545600,0,0,0
led-4,545700,0,0,0
led-4,545800,12,12,12
led-4,545900,13,13,13
led-4,546000,29,29,29
led-4,546100,30,30,30
led-4,546200,16,16,16
led-4,546300,0,0,0
led-4,546400,0,0,0
led-4,546500,0,0,0
led-4,546600,0,0,0
led-4,546700,0,0,0
led-4,546800,0,0,0
led-4,546900,0,0,0
led-4,547000,40,40,40
led-4,547100,44,44,44
led-4,547200,49,49,49
led-4,547300,44,44,44
led-4,547400,45,45,45
led-4,547500,47,47,47
led-4,547600,48,48,48
led-4,547700,40,40,40
led-4,547800,45,45,45
led-4,547900,42,42,42
led-4,548000,45,45,45
led-4,548100,39,39,39
led-4,548200,33,33,33
led-4,548300,23,23,23
led-4,548400,31,31,31
led-4,548500,41,41,41
led-4,548600,47,47,47
led-4,548700,41,41,41
led-4,548800,40,40,40
led-4,548900,39,39,39
led-4,549000,39,39,39
led-4,549100,39,39,39
led-4,549200,35,35,35
led-4,549300,0,0,0
led-4,549400,0,0,0
led-4,549500,0,0,0
led-4,549600,15,15,15
led-4,549700,42,42,42
led-4,549800,54,54,54
led-4,549900,50,50,50
led-4,550000,30,30,30
led-4,550100,3,3,3
led-4,550200,1,1,1
led-4,550300,2,2,2
led-4,550400,15,15,15
led-4,550500,47,47,47
led-4,550600,48,48,48
led-4,550700,42,42,42
led-4,550800,36,36,36
led-4,550900,5,5,5
led-4,551000,19,19,19
led-4,551100,42,42,42
led-4,551200,41,41,41
led-4,551300,3,3,3
led-4,551400,4,4,4
led-4,551500,4,4,4
led-4,551600,9,9,9
led-4,551700,14,14,14
led-4,551800,23,23,23
led-4,551900,46,46,46
led-4,552000,54,54,54
led-4,552100,47,47,47
led-4,552200,49,49,49
led-4,552300,51,51,51
led-4,552400,52,52,52
led-4,552500,43,45,42
led-4,552600,47,49,46
led-4,552700,42,45,42
led-4,552800,34,37,34
led-4,552900,38,41,37
led-4,553000,42,45,42
led-4,553100,49,52,49
led-4,553200,48,51,48
led-4,553300,30,33,29
led-4,553400,23,26,23
led-4,553500,11,14,11
led-4,553600,168,114,117
led-4,553700,12,14,11
led-4,553800,12,15,12
led-4,553900,21,24,21
led-4,554000,27,30,26
led-4,554100,45,47,44
led-4,554200,51,54,50
led-4,554300,27,31,27
led-4,554400,14,19,13
led-4,554500,65,61,58
led-4,554600,53,55,51
led-4,554700,56,57,54
led-4,554800,60,62,58
led-4,554900,47,51,46
led-4,555000,16,21,15
led-4,555100,16,22,15
led-4,555200,17,22,16
led-4,555300,37,43,37
led-4,555400,41,47,40
led-4,555500,23,29,22
led-4,555600,19,25,18
led-4,555700,19,25,18
led-4,555800,20,26,18
led-4,555900,44,50,43
led-4,556000,59,64,58
led-4,556100,39,45,38
led-4,556200,23,29,22
led-4,556300,46,51,44
led-4,556400,60,65,58
led-4,556500,71,74,68
led-4,556600,65,68,62
led-4,556700,72,75,69
led-4,556800,63,67,61
led-4,556900,57,62,55
led-4,557000,49,54,46
led-4,557100,39,45,36
led-4,557200,28,34,25
led-4,557300,28,36,26
led-4,557400,28,37,27
led-4,557500,29,38,28
led-4,557600,30,39,29
led-4,557700,30,39,29
led-4,557800,31,39,29
led-4,557900,48,57,46
led-4,558000,59,67,57
led-4,558100,59,67,57
led-4,558200,54,63,53
led-4,558300,59,67,57
led-4,558400,61,70,60
led-4,558500,68,77,67
led-4,558600,67,76,66
led-4,558700,69,78,68
led-4,558800,62,70,61
led-4,558900,67,75,66
led-4,559000,73,80,70
led-4,559100,77,83,75
led-4,559200,75,81,71
led-4,559300,63,70,59
led-4,559400,43,52,40
led-4,559500,43,52,40
led-4,559600,44,53,41
led-4,559700,45,54,41
led-4,559800,48,56,44
led-4,559900,56,62,52
led-4,560000,81,90,78
led-4,560100,79,88,76
led-4,560200,59,67,55
led-4,560300,65,74,62
led-4,560400,77,86,74
led-4,560500,76,85,73
led-4,560600,63,72,59
led-4,560700,66,75,61
led-4,560800,65,74,60
led-4,560900,67,76,64
led-4,561000,73,82,71
led-4,561100,73,82,70
led-4,561200,81,90,78
led-4,561300,80,89,76
led-4,561400,61,70,58
led-4,561500,55,62,51
led-4,561600,56,63,52
led-4,561700,57,63,52
led-4,561800,78,86,75
led-4,561900,81,88,80
led-4,562000,76,84,74
led-4,562100,75,83,73
led-4,562200,81,85,76
led-4,562300,76,79,72
led-4,562400,65,68,61
led-4,562500,61,65,57
led-4,562600,75,79,71
led-4,562700,81,84,76
led-4,562800,83,87,80
led-4,562900,84,87,80
led-4,563000,68,69,64
led-4,563100,61,62,57
led-4,563200,61,62,58
led-4,563300,63,62,60
led-4,563400,63,61,61
led-4,563500,64,62,61
led-4,563600,64,63,62
led-4,563700,65,63,62
led-4,563800,68,65,65
led-4,563900,68,66,67
led-4,564000,68,65,65
led-4,564100,68,65,65
led-4,564200,68,64,65
led-4,564300,68,63,65
led-4,564400,69,63,65
led-4,564500,70,63,67
led-4,564600,70,63,67
led-4,564700,71,63,68
led-4,564800,71,64,69
led-4,564900,71,64,69
led-4,565000,72,65,69
led-4,565100,73,65,70
led-4,565200,73,66,71
led-4,565300,74,67,71
led-4,565400,75,67,73
led-4,565500,75,67,74
led-4,565600,75,67,74
led-4,565700,75,66,74
led-4,565800,76,67,74
led-4,565900,77,66,74
led-4,566000,76,66,74
led-4,566100,76,67,74
led-4,566200,76,67,75
led-4,566300,77,67,75
led-4,566400,77,67,75
led-4,566500,78,68,76
led-4,566600,78,68,76
led-4,566700,79,69,77
led-4,566800,80,69,77
led-4,566900,80,70,78
led-4,567000,80,70,78
led-4,567100,81,71,78
led-4,567200,81,71,79
led-4,567300,82,71,79
led-4,567400,82,71,79
led-4,567500,82,72,80
led-4,567600,82,71,79
led-4,567700,81,71,79
led-4,567800,81,71,78
led-4,567900,81,71,79
led-4,568000,80,69,77
led-4,568100,79,69,76
led-4,568200,80,68,76
led-4,568300,79,68,74
led-4,568400,79,67,75
led-4,568500,79,66,73
led-4,568600,78,65,72
led-4,568700,77,65,71
led-4,568800,76,64,71
led-4,568900,75,63,69
led-4,569000,74,61,68
led-4,569100,73,61,67
led-4,569200,72,59,65
led-4,569300,72,58,65
led-4,569400,71,57,64
led-4,569500,70,56,63
led-4,569600,70,55,62
led-4,569700,69,55,61
led-4,569800,69,54,59
led-4,569900,69,54,59
led-4,570000,68,53,58
led-4,570100,68,53,58
led-4,570200,68,53,58
led-4,570300,67,53,58
led-4,570400,67,53,58
led-4,570500,67,53,58
led-4,570600,67,53,57
led-4,570700,68,52,57
led-4,570800,69,52,57
led-4,570900,69,52,57
led-4,571000,69,52,56
led-4,571100,69,52,56
led-4,571200,69,52,56
led-4,571300,69,52,56
led-4,571400,69,53,56
led-4,571500,165,110,178
led-4,571600,196,109,209
led-4,571700,71,54,55
led-4,571800,71,54,55
led-4,571900,72,54,55
led-4,572000,73,54,55
led-4,572100,72,54,55
led-4,572200,72,54,55
led-4,572300,73,55,55
led-4,572400,73,55,54
led-4,572500,74,56,55
led-4,572600,74,56,55
led-4,572700,74,56,55
led-4,572800,76,56,56
led-4,572900,76,57,55
led-4,573000,77,58,55
led-4,573100,77,57,55
led-4,573200,78,58,55
led-4,573300,78,58,54
led-4,573400,78,59,53
led-4,573500,79,59,55
led-4,573600,79,59,55
led-4,573700,80,60,55
led-4,573800,81,61,55
led-4,573900,81,61,55
led-4,574000,82,62,55
led-4,574100,83,62,55
led-4,574200,83,62,55
led-4,574300,84,62,55
led-4,574400,84,63,55
led-4,574500,84,63,55
led-4,574600,85,63,55
led-4,574700,85,64,55
led-4,574800,85,64,55
led-4,574900,86,64,55
led-4,575000,87,65,54
led-4,575100,87,65,54
led-4,575200,87,65,54
led-4,575300,88,65,55
led-4,575400,89,66,54
led-4,575500,89,66,54
led-4,575600,89,66,54
led-4,575700,90,67,54
led-4,575800,90,67,54
led-4,575900,91,68,54
led-4,576000,91,68,53
led-4,576100,91,68,53
led-4,576200,91,68,53
led-4,576300,93,70,53
led-4,576400,94,70,54
led-4,576500,94,70,53
led-4,576600,95,70,53
led-4,576700,95,71,53
led-4,576800,96,72,52
led-4,576900,96,72,53
led-4,577000,98,73,52
led-4,577100,98,73,52
led-4,577200,99,73,53
led-4,577300,100,74,53
led-4,577400,100,74,53
led-4,577500,101,75,53
led-4,577600,101,75,53
led-4,577700,101,75,52
led-4,577800,102,76,52
led-4,577900,103,76,53
led-4,578000,103,76,52
led-4,578100,104,77,52
led-4,578200,104,77,52
led-4,578300,104,77,51
led-4,578400,104,78,51
led-4,578500,104,78,51
led-4,578600,104,78,51
led-4,578700,104,78,51
led-4,578800,105,78,52
led-4,578900,105,78,52
led-4,579000,105,78,52
led-4,579100,105,78,52
led-4,579200,105,78,52
led-4,579300,104,77,52
led-4,579400,103,76,52
led-4,579500,103,76,52
led-4,579600,103,76,52
led-4,579700,103,76,52
led-4,579800,122,88,47
led-4,579900,98,69,38
led-4,580000,0,0,0
led-4,580100,0,0,0
led-4,580200,0,0,0
led-4,580300,0,0,0
led-4,580400,0,0,0
led-4,580500,0,0,0
led-4,580600,0,0,0
led-4,580700,0,0,0
led-4,580800,0,0,0
led-4,580900,0,0,0
led-4,581000,142,224,255
led-4,581100,142,224,255
led-4,581200,142,224,255
led-4,581300,142,224,255
led-4,581400,142,224,255
led-4,581500,142,224,255
led-4,581600,142,224,255
led-4,581700,142,224,255
led-4,581800,142,224,255
led-4,581900,142,224,255
led-4,582000,142,224,255
led-4,582100,142,224,255
led-4,582200,142,224,255
led-4,582300,142,224,255
led-4,582400,142,224,255
led-4,582500,142,224,255
led-4,582600,142,224,255
led-4,582700,142,224,255
led-4,582800,142,224,255
led-4,582900,142,224,255
led-4,583000,142,224,255
led-4,583100,142,224,255
led-4,583200,142,224,255
led-4,583300,142,224,255
led-4,583400,142,224,255
led-4,583500,142,224,255
led-4,583600,142,224,255
led-4,583700,142,224,255
led-4,583800,142,224,255
led-4,583900,142,224,255
led-4,584000,142,224,255
led-4,584100,142,224,255
led-4,584200,142,224,255
led-4,584300,142,224,255
led-4,584400,142,224,255
led-4,584500,77,68,87
led-4,584600,143,112,121
led-4,584700,153,119,128
led-4,584800,143,115,141
led-4,584900,146,223,255
led-4,585000,143,223,255
led-4,585100,143,223,255
led-4,585200,143,223,255
led-4,585300,143,223,255
led-4,585400,142,224,255
led-4,585500,142,224,255
led-4,585600,142,224,255
led-4,585700,142,224,255
led-4,585800,142,224,255
led-4,585900,142,224,255
led-4,586000,142,224,255
led-4,586100,142,224,255
led-4,586200,142,224,255
led-4,586300,142,224,255
led-4,586400,142,224,255
led-4,586500,142,224,255
led-4,586600,142,224,255
led-4,586700,142,224,255
led-4,586800,142,224,255
led-4,586900,142,224,255
led-4,587000,142,224,255
led-4,587100,142,224,255
led-4,587200,142,224,255
led-4,587300,142,224,255
led-4,587400,142,224,255
led-4,587500,142,224,255
led-4,587600,142,224,255
led-4,587700,142,224,255
led-4,587800,142,224,255
led-4,587900,142,224,255
led-4,588000,142,224,255
led-4,588100,142,224,255
led-4,588200,142,224,255
led-4,588300,142,224,255
led-4,588400,142,224,255
led-4,588500,142,224,255
led-4,588600,143,223,255
led-4,588700,144,114,144
led-4,588800,137,109,117
led-4,588900,136,109,118
led-4,589000,80,72,97
led-4,589100,126,174,216
led-4,589200,143,223,255
led-4,589300,143,223,255
led-4,589400,142,224,255
led-4,589500,142,224,255
led-4,589600,142,224,255
led-4,589700,142,224,255
led-4,589800,142,224,255
led-4,589900,142,224,255
led-4,590000,142,224,255
led-4,590100,142,224,255
led-4,590200,142,224,255
led-4,590300,142,224,255
led-4,590400,142,224,255
led-4,590500,142,224,255
led-4,590600,142,224,255
led-4,590700,142,224,255
led-4,590800,142,224,255
led-4,590900,142,224,255
led-4,591000,142,224,255
led-4,591100,142,224,255
led-4,591200,142,224,255
led-4,591300,142,224,255
led-4,591400,142,224,255
led-4,591500,142,224,255
led-4,591600,142,224,255
led-4,591700,142,224,255
led-4,591800,142,224,255
led-4,591900,142,224,255
led-4,592000,142,224,255
led-4,592100,142,224,255
led-4,592200,142,224,255
led-4,592300,142,224,255
led-4,592400,142,224,255
led-4,592500,142,224,255
led-4,592600,142,224,255
led-4,592700,142,224,255
led-4,592800,142,224,255
led-4,592900,142,224,255
led-4,593000,142,224,255
led-4,593100,142,224,255
led-4,593200,142,224,255
led-4,593300,142,224,255
led-4,593400,142,224,255
led-4,593500,142,224,255
led-4,593600,142,224,255
led-4,593700,142,224,255
led-4,593800,142,224,255
led-4,593900,142,224,255
led-4,594000,142,224,255
led-4,594100,142,224,255
led-4,594200,142,224,255
led-4,594300,142,224,255
led-4,594400,142,224,255
led-4,594500,142,224,255
led-4,594600,142,224,255
led-4,594700,142,224,255
led-4,594800,142,224,255
led-4,594900,142,224,255
led-4,595000,142,224,255
led-4,595100,142,224,255
led-4,595200,142,224,255
led-4,595300,142,224,255
led-4,595400,142,224,255
led-4,595500,142,224,255
led-4,595600,142,224,255
led-4,595700,142,224,255
led-4,595800,142,224,255
led-4,595900,142,224,255
led-4,596000,142,224,255
led-4,596100,142,224,255
led-4,596200,142,224,255
led-4,596300,142,224,255
led-4,596400,142,224,255